occurrenceID,eventDate,year,month,decimalLatitude,decimalLongitude,individualCount,basisOfRecord,datasetName,institutionCode
98129_JIP2010:deployment:0792220,2011-01-01T04:44:00,2011,1,-62.0303039193667,169.124674407759,,MachineObservation,,
64235_JIP2010:deployment:0781285,2010-11-10T17:10:00,2010,11,-47.5262777802824,149.586988486393,,MachineObservation,,
88729_Eden2009:deployment:0786384,2008-11-29T20:40:00,2008,11,-56.0830210463043,127.257465409763,,MachineObservation,,
88723_Eden2009:deployment:0783643,2008-12-20T19:02:00,2008,12,-61.1761278188172,171.671019275922,,MachineObservation,,
88725_Eden2009:deployment:0784705,2008-12-28T20:04:00,2008,12,-62.9302658484291,154.251860348321,,MachineObservation,,
88725_Eden2009:deployment:0784602,2008-12-20T06:04:00,2008,12,-62.8731381603338,157.676525224277,,MachineObservation,,
88741_Eden2009:deployment:0789175,2008-12-05T09:13:00,2008,12,-53.093033793784,170.577063754046,,MachineObservation,,
urn:catalog:AADC:WC:5802,1938-01-01 00:00:00+00,1938,1,-57.5,88.5,3,HumanObservation,,AADC
urn:catalog:AADC:SOWS:SOWS-100744,1998-01-01 00:00:00Z,1998,1,-64.2,82.63,2,HumanObservation,,AADC
88725_Eden2009:deployment:0784670,2008-12-25T22:04:00,2008,12,-62.686800822404,157.996607550101,,MachineObservation,,
88728_Eden2009:deployment:0785342,2008-12-08T14:51:00,2008,12,-61.891239877629,156.948377696585,,MachineObservation,,
88723_Eden2009:deployment:0783800,2009-01-02T21:02:00,2009,1,-63.3313024333994,168.136375894568,,MachineObservation,,
urn:catalog:AADC:WC:5709,1936-01-01 00:00:00+00,1936,1,-59.5,88.5,89,HumanObservation,,AADC
88738_Eden2009:deployment:0788425,2008-11-25T05:06:00,2008,11,-51.8609817628155,151.18776041372,,MachineObservation,,
88728_Eden2009:deployment:0785346,2008-12-08T22:51:00,2008,12,-62.0311579557569,156.993572737254,,MachineObservation,,
88741_Eden2009:deployment:0789547,2009-01-05T09:13:00,2009,1,-62.3771237402777,157.874073228279,,MachineObservation,,
13440_131190:deployment:0776341,2015-12-03T00:31:20,2015,12,-58.5230188210142,178.809311134991,,MachineObservation,,
13440_131178:deployment:0769239,2015-12-07T13:30:49,2015,12,-51.1085609297889,177.594631140566,,MachineObservation,,
88725_Eden2009:deployment:0784577,2008-12-18T04:04:00,2008,12,-62.7870694333348,157.191056996649,,MachineObservation,,
88729_Eden2009:deployment:0786974,2009-01-18T00:40:00,2009,1,-63.2129989345813,109.725943796817,,MachineObservation,,
88725_Eden2009:deployment:0784815,2009-01-07T00:04:00,2009,1,-61.8218244808398,150.544731194293,,MachineObservation,,
in2017_v01_09285,2017-01-24T21:12:00Z,,,-64.53556,116.02111,2,HumanObservation,,Macquarie University
88729_Eden2009:deployment:0786492,2008-12-08T20:40:00,2008,12,-61.8323148377816,119.290315461558,,MachineObservation,,
88729_Eden2009:deployment:0786334,2008-11-25T16:40:00,2008,11,-52.7444027012083,131.525709859694,,MachineObservation,,
urn:catalog:AADC:WC:5895,1939-01-01 00:00:00+00,1939,1,-60.5,104.5,14,HumanObservation,,AADC
88733_Eden2009:deployment:0788080,2008-12-04T15:00:00,2008,12,-64.0429087226035,176.393065520902,,MachineObservation,,
88728_Eden2009:deployment:0785257,2008-12-01T12:51:00,2008,12,-56.2482964642259,156.479505568826,,MachineObservation,,
88723_Eden2009:deployment:0783537,2008-12-11T23:02:00,2008,12,-51.2625138355962,169.981995889742,,MachineObservation,,
88725_Eden2009:deployment:0784672,2008-12-26T02:04:00,2008,12,-62.7246021393581,158.137962996921,,MachineObservation,,
218712,2008-01-07T08:30:39,2008,1,-62.47,87.04,1,HumanObservation,Happywhale - Humpback whale in Southern Ocean,Happywhale.com
88741_Eden2009:deployment:0789792,2009-01-25T19:13:00,2009,1,-64.2413350636645,160.681168895096,,MachineObservation,,
urn:catalog:AADC:WC:5715,1936-01-01 00:00:00+00,1936,1,-60.5,91.5,23,HumanObservation,,AADC
98114_JIP2010:deployment:0791134,2010-11-26T08:15:00,2010,11,-60.5088495972527,159.056066902243,,MachineObservation,,
98129_JIP2010:deployment:0792279,2011-01-06T02:44:00,2011,1,-64.3197581614648,170.338719044015,,MachineObservation,,
urn:catalog:AADC:WC:5727,1936-01-01 00:00:00+00,1936,1,-63.5,90.5,2,HumanObservation,,AADC
88741_Eden2009:deployment:0789233,2008-12-10T05:13:00,2008,12,-57.2254843032228,169.638617059742,,MachineObservation,,
13440_131190:deployment:0776409,2015-12-08T16:31:20,2015,12,-61.8006198091814,177.324168675105,,MachineObservation,,
88733_Eden2009:deployment:0787850,2008-11-15T11:00:00,2008,11,-49.0349196126155,161.314095277948,,MachineObservation,,
98114_JIP2010:deployment:0791006,2010-11-15T16:15:00,2010,11,-49.7051903051673,160.074721693613,,MachineObservation,,
88729_Eden2009:deployment:0786235,2008-11-17T10:40:00,2008,11,-47.0909979328995,137.51724488418,,MachineObservation,,
in2017_v01_09949,2017-02-24T04:35:00Z,,,-64.74333,118.95222,1,HumanObservation,,Macquarie University
13440_131178:deployment:0769370,2015-12-18T11:30:49,2015,12,-60.809925780677,179.696947058301,,MachineObservation,,
13440_131190:deployment:0776342,2015-12-03T02:31:20,2015,12,-58.6245199079538,178.743521143583,,MachineObservation,,
88723_Eden2009:deployment:0783640,2008-12-20T13:02:00,2008,12,-60.8871580271645,171.766436043899,,MachineObservation,,
13440_131178:deployment:0769273,2015-12-10T09:30:49,2015,12,-53.5318192760525,177.98085684634,,MachineObservation,,
88732_Eden2009:deployment:0787576,2008-11-26T21:33:00,2008,11,-50.2397339204656,163.629800357474,,MachineObservation,,
88738_Eden2009:deployment:0788496,2008-12-01T03:06:00,2008,12,-59.2017454213822,152.299665535312,,MachineObservation,,
88728_Eden2009:deployment:0785144,2008-11-22T02:51:00,2008,11,-50.2439969349061,153.528090428722,,MachineObservation,,
88741_Eden2009:deployment:0789304,2008-12-16T03:13:00,2008,12,-62.1844806417662,164.913051948981,,MachineObservation,,
88738_Eden2009:deployment:0788503,2008-12-01T17:06:00,2008,12,-59.5502543484521,151.70262156441,,MachineObservation,,
88732_Eden2009:deployment:0787402,2008-11-12T09:33:00,2008,11,-45.4739437027965,162.212581478404,,MachineObservation,,
98129_JIP2010:deployment:0792163,2010-12-27T10:44:00,2010,12,-57.7293543367665,168.959010605887,,MachineObservation,,
98129_JIP2010:deployment:0791896,2010-12-05T04:44:00,2010,12,-47.3578342027273,149.818155933127,,MachineObservation,,
88729_Eden2009:deployment:0787054,2009-01-24T16:40:00,2009,1,-63.233130487587,103.318382306145,,MachineObservation,,
88728_Eden2009:deployment:0785689,2009-01-06T12:51:00,2009,1,-62.2437048062166,154.687293333594,,MachineObservation,,
88718_Eden2009:deployment:0782601,2008-12-26T06:34:00,2008,12,-53.6836405550393,163.343020990468,,MachineObservation,,
urn:catalog:AADC:WC:5703,1936-01-01 00:00:00+00,1936,1,-58.5,90.5,7,HumanObservation,,AADC
88728_Eden2009:deployment:0785433,2008-12-16T04:51:00,2008,12,-62.3724212538379,157.946317281318,,MachineObservation,,
88718_Eden2009:deployment:0782694,2009-01-03T00:34:00,2009,1,-61.6071424901015,175.321204822651,,MachineObservation,,
88725_Eden2009:deployment:0784481,2008-12-10T04:04:00,2008,12,-59.1150338934067,157.878524205651,,MachineObservation,,
88729_Eden2009:deployment:0786827,2009-01-05T18:40:00,2009,1,-64.5893110692263,120.903242652462,,MachineObservation,,
13440_131178:deployment:0769151,2015-11-30T05:30:49,2015,11,-49.3887055233506,176.908802462229,,MachineObservation,,
88725_Eden2009:deployment:0784718,2008-12-29T22:04:00,2008,12,-62.6441881243102,153.555869640024,,MachineObservation,,
88729_Eden2009:deployment:0786700,2008-12-26T04:40:00,2008,12,-63.2883426071761,119.493863489862,,MachineObservation,,
88728_Eden2009:deployment:0785091,2008-11-17T16:51:00,2008,11,-46.7830617445209,151.878690654878,,MachineObservation,,
88729_Eden2009:deployment:0786961,2009-01-16T22:40:00,2009,1,-63.4736045794062,111.237039258514,,MachineObservation,,
88725_Eden2009:deployment:0784883,2009-01-12T16:04:00,2009,1,-62.441074229186,150.229877906776,,MachineObservation,,
88718_Eden2009:deployment:0782719,2009-01-05T02:34:00,2009,1,-63.0590625004511,177.062913455058,,MachineObservation,,
13440_131190:deployment:0776424,2015-12-09T22:31:20,2015,12,-62.8296007377558,175.615284429393,,MachineObservation,,
88733_Eden2009:deployment:0787971,2008-11-25T13:00:00,2008,11,-56.3870619064385,171.900140625248,,MachineObservation,,
88729_Eden2009:deployment:0786569,2008-12-15T06:40:00,2008,12,-63.012544404719,119.510388193791,,MachineObservation,,
88741_Eden2009:deployment:0789718,2009-01-19T15:13:00,2009,1,-63.4551180796323,155.269780612,,MachineObservation,,
NZHB-128,1998-07-07,,,-45.7833,170.7167,3,HumanObservation,Humpback whale sightings around New Zealand 1970-1999,DoC
88733_Eden2009:deployment:0787770,2008-11-08T19:00:00,2008,11,-45.9584428741659,154.041932912837,,MachineObservation,,
98129_JIP2010:deployment:0792159,2010-12-27T02:44:00,2010,12,-57.8080223049906,168.700911633248,,MachineObservation,,
88741_Eden2009:deployment:0789572,2009-01-07T11:13:00,2009,1,-62.2929835395058,157.901111447234,,MachineObservation,,
88723_Eden2009:deployment:0783645,2008-12-20T23:02:00,2008,12,-61.4474081697718,171.630234279214,,MachineObservation,,
98129_JIP2010:deployment:0791879,2010-12-03T18:44:00,2010,12,-46.8963400166078,148.830128714347,,MachineObservation,,
88729_Eden2009:deployment:0786496,2008-12-09T04:40:00,2008,12,-61.9689228924055,119.100834433438,,MachineObservation,,
urn:catalog:AADC:WC:5749,1937-01-01 00:00:00+00,1937,1,-60.5,93.5,29,HumanObservation,,AADC
urn:catalog:AADC:SOWS:SOWS-93532,1998-02-04 12:39:50Z,1998,2,-62.3163,80.6257,1,HumanObservation,,AADC
in2017_v01_09939,2017-02-17T23:05:00Z,,,-64.9967,119.6192,1,HumanObservation,,Macquarie University
88725_Eden2009:deployment:0784869,2009-01-11T12:04:00,2009,1,-62.2965529069287,150.400373307848,,MachineObservation,,
88728_Eden2009:deployment:0785274,2008-12-02T22:51:00,2008,12,-57.1634448042607,156.880151084673,,MachineObservation,,
88729_Eden2009:deployment:0787072,2009-01-26T04:40:00,2009,1,-62.7188696654843,103.178702071942,,MachineObservation,,
88741_Eden2009:deployment:0789607,2009-01-10T09:13:00,2009,1,-62.5180277662779,157.979025568475,,MachineObservation,,
88741_Eden2009:deployment:0790300,2009-03-09T03:13:00,2009,3,-64.8119375810159,164.067185226628,,MachineObservation,,
88741_Eden2009:deployment:0789796,2009-01-26T03:13:00,2009,1,-64.2274517262214,160.762752102975,,MachineObservation,,
88733_Eden2009:deployment:0787892,2008-11-18T23:00:00,2008,11,-50.9170903730812,164.788395365085,,MachineObservation,,
https://www.inaturalist.org/observations/28209111,2019-06-28T13:45:00+12:00,,,-45.7498606633,170.7232314348,,HumanObservation,iNaturalist research-grade observations,iNaturalist
13440_131178:deployment:0769301,2015-12-12T17:30:49,2015,12,-54.9819562850654,177.251756119492,,MachineObservation,,
88723_Eden2009:deployment:0783881,2009-01-09T15:02:00,2009,1,-63.5747176912735,168.527795791036,,MachineObservation,,
88718_Eden2009:deployment:0782494,2008-12-17T08:34:00,2008,12,-46.1883214782153,153.667387285354,,MachineObservation,,
13440_131178:deployment:0769255,2015-12-08T21:30:49,2015,12,-52.1933481407298,177.339078768974,,MachineObservation,,
88741_Eden2009:deployment:0789592,2009-01-09T03:13:00,2009,1,-62.2844732926764,157.997225384611,,MachineObservation,,
88741_Eden2009:deployment:0789729,2009-01-20T13:13:00,2009,1,-63.4382016686378,155.674220435349,,MachineObservation,,
88728_Eden2009:deployment:0785644,2009-01-02T18:51:00,2009,1,-62.2715049844259,155.673532632453,,MachineObservation,,
13440_131178:deployment:0769172,2015-12-01T23:30:49,2015,12,-49.5756782004905,176.958593959846,,MachineObservation,,
346097,2023-02-06T16:46:31,2023,2,-64.166667,168.3,1,HumanObservation,Happywhale - Humpback whale in Southern Ocean,Happywhale.com
urn:catalog:AADC:WC:5685,1935-01-01 00:00:00+00,1935,1,-63.5,83.5,27,HumanObservation,,AADC
13440_131178:deployment:0769035,2015-11-20T13:30:49,2015,11,-45.7848125961695,177.708735797765,,MachineObservation,,
88718_Eden2009:deployment:0782651,2008-12-30T10:34:00,2008,12,-57.9410290601545,170.524289194894,,MachineObservation,,
88741_Eden2009:deployment:0790308,2009-03-09T19:13:00,2009,3,-64.7105752231771,163.623207794153,,MachineObservation,,
urn:catalog:AADC:WC:5977,1959-01-01 00:00:00+00,1959,1,-61.5,81.5,57,HumanObservation,,AADC
64235_JIP2010:deployment:0781362,2010-11-17T03:10:00,2010,11,-53.39608458913,154.788112985256,,MachineObservation,,
64235_JIP2010:deployment:0781458,2010-11-25T03:10:00,2010,11,-60.6112747229376,157.809302531601,,MachineObservation,,
urn:catalog:AADC:WC:5863,1938-01-01 00:00:00+00,1938,1,-62.5,90.5,5,HumanObservation,,AADC
88733_Eden2009:deployment:0787984,2008-11-26T15:00:00,2008,11,-57.0048829760793,171.284853563313,,MachineObservation,,
98129_JIP2010:deployment:0792221,2011-01-01T06:44:00,2011,1,-62.0519050176619,169.130310995378,,MachineObservation,,
NZHB-127,1998-07-07,,,-45.7833,170.7167,3,HumanObservation,Humpback whale sightings around New Zealand 1970-1999,DoC
64235_JIP2010:deployment:0781361,2010-11-17T01:10:00,2010,11,-53.2586353827054,154.646771433462,,MachineObservation,,
urn:catalog:AADC:SOWS:SOWS-93643,1996-02-03 02:00:50Z,1996,2,-63.00005,82.31579,1,HumanObservation,,AADC
88728_Eden2009:deployment:0785162,2008-11-23T14:51:00,2008,11,-51.3283314726479,154.810177947335,,MachineObservation,,
64235_JIP2010:deployment:0781287,2010-11-10T21:10:00,2010,11,-47.6629227267123,149.714319740972,,MachineObservation,,
88729_Eden2009:deployment:0787045,2009-01-23T22:40:00,2009,1,-63.4999651217624,103.500716208697,,MachineObservation,,
88738_Eden2009:deployment:0788714,2008-12-19T07:06:00,2008,12,-64.12377202569,148.943180221218,,MachineObservation,,
88729_Eden2009:deployment:0786372,2008-11-28T20:40:00,2008,11,-55.5812993156769,128.637764462211,,MachineObservation,,
urn:catalog:AADC:WC:5775,1937-01-01 00:00:00+00,1937,1,-62.5,86.5,12,HumanObservation,,AADC
urn:catalog:AADC:SOWS:SOWS-93654,1996-02-04 01:06:10Z,1996,2,-63.94421,85.50448,2,HumanObservation,,AADC
88725_Eden2009:deployment:0784542,2008-12-15T06:04:00,2008,12,-62.1806887807971,156.233908672027,,MachineObservation,,
88725_Eden2009:deployment:0784582,2008-12-18T14:04:00,2008,12,-62.8466339875124,157.285800540273,,MachineObservation,,
88728_Eden2009:deployment:0785827,2009-01-18T00:51:00,2009,1,-64.0984669941193,162.127949855304,,MachineObservation,,
88729_Eden2009:deployment:0786345,2008-11-26T14:40:00,2008,11,-53.5765260734661,130.908532858622,,MachineObservation,,
88728_Eden2009:deployment:0785143,2008-11-22T00:51:00,2008,11,-50.2103082627598,153.450101161468,,MachineObservation,,
88733_Eden2009:deployment:0787951,2008-11-23T21:00:00,2008,11,-55.3921786275571,170.473341213559,,MachineObservation,,
88729_Eden2009:deployment:0786826,2009-01-05T16:40:00,2009,1,-64.6026368561198,120.927813940648,,MachineObservation,,
88741_Eden2009:deployment:0789401,2008-12-24T05:13:00,2008,12,-62.8096698319489,163.240630954227,,MachineObservation,,
88728_Eden2009:deployment:0785415,2008-12-14T16:51:00,2008,12,-61.9559032355093,157.028930120536,,MachineObservation,,
88741_Eden2009:deployment:0790311,2009-03-10T01:13:00,2009,3,-64.7315259897401,163.340253304675,,MachineObservation,,
13440_131190:deployment:0776355,2015-12-04T04:31:20,2015,12,-59.6150716450988,178.655232926834,,MachineObservation,,
88741_Eden2009:deployment:0789412,2008-12-25T03:13:00,2008,12,-63.1049028611243,162.921310307896,,MachineObservation,,
88723_Eden2009:deployment:0783487,2008-12-07T19:02:00,2008,12,-47.140792754573,167.078877601684,,MachineObservation,,
urn:catalog:AADC:WC:5639,1935-01-01 00:00:00+00,1935,1,-59.5,92.5,29,HumanObservation,,AADC
13440_131190:deployment:0776402,2015-12-08T02:31:20,2015,12,-61.636015196027,177.599574219066,,MachineObservation,,
88732_Eden2009:deployment:0787580,2008-11-27T05:33:00,2008,11,-50.526996647577,163.512060772026,,MachineObservation,,
13440_131178:deployment:0769214,2015-12-05T11:30:49,2015,12,-50.4746745622251,178.142499236824,,MachineObservation,,
88728_Eden2009:deployment:0785979,2009-01-30T16:51:00,2009,1,-64.7833627464754,158.445284371773,,MachineObservation,,
urn:catalog:AADC:SOWS:SOWS-93633,1996-02-01 08:15:00Z,1996,2,-64.85671,80.04024,1,HumanObservation,,AADC
urn:catalog:AADC:WC:5922,1950-01-01 00:00:00+00,1950,1,-58.5,88.5,49,HumanObservation,,AADC
88729_Eden2009:deployment:0786772,2009-01-01T04:40:00,2009,1,-64.5928459370066,119.774785864908,,MachineObservation,,
urn:catalog:AADC:SOWS:SOWS-93118,1999-12-12 11:37:41Z,1999,12,-64.0,127.27,3,HumanObservation,,AADC
in2017_v01_09925,2017-02-06T03:32:00Z,,,-64.76917,118.2525,1,HumanObservation,,Macquarie University
13440_131190:deployment:0776422,2015-12-09T18:31:20,2015,12,-62.7170439717369,175.839114450209,,MachineObservation,,
88728_Eden2009:deployment:0785336,2008-12-08T02:51:00,2008,12,-61.5983575082712,156.463216298975,,MachineObservation,,
urn:catalog:AADC:WC:5953,1952-01-01 00:00:00+00,1952,1,-62.5,89.5,78,HumanObservation,,AADC
88728_Eden2009:deployment:0785119,2008-11-20T00:51:00,2008,11,-48.6724729610019,152.304400854864,,MachineObservation,,
64235_JIP2010:deployment:0781480,2010-11-26T23:10:00,2010,11,-60.6937756820842,157.986814111742,,MachineObservation,,
88728_Eden2009:deployment:0785831,2009-01-18T08:51:00,2009,1,-64.3044034028107,162.812616065171,,MachineObservation,,
88723_Eden2009:deployment:0783600,2008-12-17T05:02:00,2008,12,-57.2128290995065,173.103969078701,,MachineObservation,,
13440_131190:deployment:0776269,2015-11-27T00:31:20,2015,11,-54.9745702109588,177.928803420659,,MachineObservation,,
647734,2026-03-01T23:19:38,2026,3,-64.884683,91.11275,1,HumanObservation,Happywhale - Humpback whale in Southern Ocean,Happywhale.com
88728_Eden2009:deployment:0785748,2009-01-11T10:51:00,2009,1,-62.669344697882,155.22123370349,,MachineObservation,,
88728_Eden2009:deployment:0785331,2008-12-07T16:51:00,2008,12,-61.3508065081962,156.35663627774,,MachineObservation,,
88729_Eden2009:deployment:0786940,2009-01-15T04:40:00,2009,1,-63.8194253079199,114.585826335122,,MachineObservation,,
88741_Eden2009:deployment:0789153,2008-12-03T13:13:00,2008,12,-51.305247820719,170.647256755758,,MachineObservation,,
64235_JIP2010:deployment:0781443,2010-11-23T21:10:00,2010,11,-60.3489460689472,157.546561944424,,MachineObservation,,
urn:catalog:AADC:WC:5931,1950-01-01 00:00:00+00,1950,1,-60.5,90.5,27,HumanObservation,,AADC
13440_131190:deployment:0776337,2015-12-02T16:31:20,2015,12,-58.3161774030252,178.890869377322,,MachineObservation,,
98114_JIP2010:deployment:0791052,2010-11-19T12:15:00,2010,11,-54.2465609191836,159.352849266829,,MachineObservation,,
98129_JIP2010:deployment:0791852,2010-12-01T12:44:00,2010,12,-46.1011583229063,147.889364574902,,MachineObservation,,
98114_JIP2010:deployment:0791000,2010-11-15T04:15:00,2010,11,-49.1167789519117,160.205294465915,,MachineObservation,,
https://www.inaturalist.org/observations/134550624,2022-09-10T07:31:14+12:00,,,-45.7378,170.61833,,HumanObservation,iNaturalist research-grade observations,iNaturalist
urn:catalog:AADC:SOWS:SOWS-93640,1996-02-02 02:24:00Z,1996,2,-63.5916,80.00003,3,HumanObservation,,AADC
88728_Eden2009:deployment:0785319,2008-12-06T16:51:00,2008,12,-60.2912182579491,155.882370953862,,MachineObservation,,
88729_Eden2009:deployment:0786769,2008-12-31T22:40:00,2008,12,-64.6008926387119,119.746562838077,,MachineObservation,,
45695,2017-10-27T15:38:57,2017,10,-45.733,166.543,1,HumanObservation,Happywhale - Humpback whale in South Pacific Ocean,Happywhale.com
urn:catalog:AADC:WC:5791,1937-01-01 00:00:00+00,1937,1,-62.5,103.5,1,HumanObservation,,AADC
13440_88727:deployment:0777152,2015-12-01T22:30:50,2015,12,-63.6956711043714,179.828127574165,,MachineObservation,,
88728_Eden2009:deployment:0785688,2009-01-06T10:51:00,2009,1,-62.2425862845856,154.620637566115,,MachineObservation,,
88725_Eden2009:deployment:0784587,2008-12-19T00:04:00,2008,12,-62.7928545586342,157.292904380105,,MachineObservation,,
88728_Eden2009:deployment:0785063,2008-11-15T08:51:00,2008,11,-45.1859505951383,151.17295868851,,MachineObservation,,
88718_Eden2009:deployment:0782673,2009-01-01T06:34:00,2009,1,-59.5021694013156,173.160699096541,,MachineObservation,,
88728_Eden2009:deployment:0785310,2008-12-05T22:51:00,2008,12,-59.5262380579116,156.048854788564,,MachineObservation,,
64235_JIP2010:deployment:0781291,2010-11-11T05:10:00,2010,11,-48.022425365659,149.961494108474,,MachineObservation,,
88725_Eden2009:deployment:0784825,2009-01-07T20:04:00,2009,1,-62.2915066782292,150.479248839166,,MachineObservation,,
98114_JIP2010:deployment:0790999,2010-11-15T02:15:00,2010,11,-48.9970142782453,160.23242864878,,MachineObservation,,
88725_Eden2009:deployment:0784763,2009-01-02T16:04:00,2009,1,-62.0195544703933,152.299807511646,,MachineObservation,,
98114_JIP2010:deployment:0791149,2010-11-27T14:15:00,2010,11,-60.7832644371815,158.345952748396,,MachineObservation,,
88729_Eden2009:deployment:0786398,2008-12-01T00:40:00,2008,12,-56.8324026139279,125.904686266842,,MachineObservation,,
88729_Eden2009:deployment:0786790,2009-01-02T16:40:00,2009,1,-64.6577697374921,119.541257253475,,MachineObservation,,
88732_Eden2009:deployment:0787412,2008-11-13T05:33:00,2008,11,-45.6480836670863,162.981680783101,,MachineObservation,,
88728_Eden2009:deployment:0785519,2008-12-23T08:51:00,2008,12,-63.9135641924573,157.165957220272,,MachineObservation,,
88728_Eden2009:deployment:0785463,2008-12-18T16:51:00,2008,12,-63.557801696776,158.572300394273,,MachineObservation,,
88728_Eden2009:deployment:0785502,2008-12-21T22:51:00,2008,12,-64.0940708998361,157.890068701712,,MachineObservation,,
88729_Eden2009:deployment:0786775,2009-01-01T10:40:00,2009,1,-64.5615103929904,119.789393299668,,MachineObservation,,
88725_Eden2009:deployment:0784576,2008-12-18T02:04:00,2008,12,-62.7705283717229,157.111572548683,,MachineObservation,,
88728_Eden2009:deployment:0785482,2008-12-20T06:51:00,2008,12,-63.9345353144045,159.3870688946,,MachineObservation,,
urn:catalog:AADC:SOWS:SOWS-92514,2003-02-25 08:58:39Z,2003,2,-62.13,80.69,1,HumanObservation,,AADC
88741_Eden2009:deployment:0789179,2008-12-05T17:13:00,2008,12,-53.3489462919208,170.395840078777,,MachineObservation,,
88728_Eden2009:deployment:0785193,2008-11-26T04:51:00,2008,11,-52.6940396442273,155.89701209624,,MachineObservation,,
88723_Eden2009:deployment:0783880,2009-01-09T13:02:00,2009,1,-63.5905873394959,168.572786721368,,MachineObservation,,
88733_Eden2009:deployment:0787787,2008-11-10T05:00:00,2008,11,-46.8357839842656,155.802566332917,,MachineObservation,,
88738_Eden2009:deployment:0788750,2008-12-22T07:06:00,2008,12,-64.3474124949622,148.50658991239,,MachineObservation,,
13440_131190:deployment:0776404,2015-12-08T06:31:20,2015,12,-61.6371043306856,177.59124143868,,MachineObservation,,
88729_Eden2009:deployment:0786716,2008-12-27T12:40:00,2008,12,-63.698322251489,119.671677174098,,MachineObservation,,
88723_Eden2009:deployment:0783671,2008-12-23T03:02:00,2008,12,-63.0699190956397,170.595278748559,,MachineObservation,,
98129_JIP2010:deployment:0792164,2010-12-27T12:44:00,2010,12,-57.7364409110829,169.065659420198,,MachineObservation,,
88738_Eden2009:deployment:0788691,2008-12-17T09:06:00,2008,12,-63.9372134808923,149.054557876902,,MachineObservation,,
13440_131190:deployment:0776171,2015-11-18T20:31:20,2015,11,-49.0663372596012,179.704513156251,,MachineObservation,,
13440_131178:deployment:0769106,2015-11-26T11:30:49,2015,11,-48.7799868705868,176.874595936389,,MachineObservation,,
13440_131190:deployment:0776374,2015-12-05T18:31:20,2015,12,-60.6638517492568,177.924567817727,,MachineObservation,,
98129_JIP2010:deployment:0792226,2011-01-01T16:44:00,2011,1,-62.1383987833004,169.370476904113,,MachineObservation,,
88741_Eden2009:deployment:0789589,2009-01-08T21:13:00,2009,1,-62.2201188099058,157.871168506139,,MachineObservation,,
88725_Eden2009:deployment:0784418,2008-12-04T22:04:00,2008,12,-52.6520779444161,154.533072544072,,MachineObservation,,
88733_Eden2009:deployment:0787803,2008-11-11T13:00:00,2008,11,-47.3630778277641,157.058915581944,,MachineObservation,,
88733_Eden2009:deployment:0787926,2008-11-21T19:00:00,2008,11,-53.9785755303527,168.078836867415,,MachineObservation,,
urn:catalog:AADC:SOWS:SOWS-93799,1996-02-15 07:51:00Z,1996,2,-63.49895,104.4352,2,HumanObservation,,AADC
88741_Eden2009:deployment:0789763,2009-01-23T09:13:00,2009,1,-64.2477356008488,160.249304605866,,MachineObservation,,
88728_Eden2009:deployment:0785624,2009-01-01T02:51:00,2009,1,-62.2118471357111,155.538665398335,,MachineObservation,,
88741_Eden2009:deployment:0789794,2009-01-25T23:13:00,2009,1,-64.2426837205409,160.7286708094,,MachineObservation,,
88741_Eden2009:deployment:0789138,2008-12-02T07:13:00,2008,12,-50.3478514297644,170.448171266939,,MachineObservation,,
88729_Eden2009:deployment:0786765,2008-12-31T14:40:00,2008,12,-64.5039174929427,120.079722547014,,MachineObservation,,
88728_Eden2009:deployment:0785976,2009-01-30T10:51:00,2009,1,-64.7789793272674,158.33966944773,,MachineObservation,,
88729_Eden2009:deployment:0786788,2009-01-02T12:40:00,2009,1,-64.6575406209812,119.51664986329,,MachineObservation,,
88723_Eden2009:deployment:0783618,2008-12-18T17:02:00,2008,12,-58.6851796730268,172.122429385424,,MachineObservation,,
88729_Eden2009:deployment:0786258,2008-11-19T08:40:00,2008,11,-48.0313789984098,135.590600475303,,MachineObservation,,
88741_Eden2009:deployment:0789205,2008-12-07T21:13:00,2008,12,-55.637929811122,170.908659883106,,MachineObservation,,
88725_Eden2009:deployment:0784406,2008-12-03T22:04:00,2008,12,-51.8017169583562,154.126022868688,,MachineObservation,,
13440_131178:deployment:0769177,2015-12-02T09:30:49,2015,12,-49.5931641635106,176.7041094196,,MachineObservation,,
88728_Eden2009:deployment:0785906,2009-01-24T14:51:00,2009,1,-64.699113573814,159.727768682597,,MachineObservation,,
88723_Eden2009:deployment:0783520,2008-12-10T13:02:00,2008,12,-50.3169230320359,169.104999483627,,MachineObservation,,
urn:catalog:AADC:WC:5944,1951-01-01 00:00:00+00,1951,1,-61.5,96.5,173,HumanObservation,,AADC
13440_131178:deployment:0769053,2015-11-22T01:30:49,2015,11,-46.8924216034504,177.389680741113,,MachineObservation,,
88723_Eden2009:deployment:0783928,2009-01-13T13:02:00,2009,1,-64.263074459142,168.856599919106,,MachineObservation,,
88723_Eden2009:deployment:0783792,2009-01-02T05:02:00,2009,1,-63.2797109772283,168.108322246609,,MachineObservation,,
88729_Eden2009:deployment:0786308,2008-11-23T12:40:00,2008,11,-51.1828021904425,132.648538421705,,MachineObservation,,
urn:catalog:AADC:WC:5937,1950-01-01 00:00:00+00,1950,1,-63.5,105.5,4,HumanObservation,,AADC
64235_JIP2010:deployment:0781306,2010-11-12T11:10:00,2010,11,-49.2028296792715,150.925580378742,,MachineObservation,,
98129_JIP2010:deployment:0792215,2010-12-31T18:44:00,2010,12,-61.7196249303332,169.188184459623,,MachineObservation,,
88728_Eden2009:deployment:0785272,2008-12-02T18:51:00,2008,12,-57.0564075938706,156.875529720963,,MachineObservation,,
98129_JIP2010:deployment:0792112,2010-12-23T04:44:00,2010,12,-56.0724800180192,164.934492696017,,MachineObservation,,
88741_Eden2009:deployment:0789766,2009-01-23T15:13:00,2009,1,-64.2024275249876,160.123259579061,,MachineObservation,,
88741_Eden2009:deployment:0789118,2008-11-30T15:13:00,2008,11,-49.4996352638668,169.478112000428,,MachineObservation,,
13440_131190:deployment:0776467,2015-12-13T12:31:20,2015,12,-63.7175566562573,177.197253004667,,MachineObservation,,
88741_Eden2009:deployment:0789500,2009-01-01T11:13:00,2009,1,-62.6979666663463,159.465436348882,,MachineObservation,,
88728_Eden2009:deployment:0785340,2008-12-08T10:51:00,2008,12,-61.8037209456568,156.720434517849,,MachineObservation,,
88741_Eden2009:deployment:0790350,2009-03-13T07:13:00,2009,3,-64.1929840045674,164.895635288005,,MachineObservation,,
13440_131178:deployment:0769325,2015-12-14T17:30:49,2015,12,-56.8930975367055,177.360242312249,,MachineObservation,,
88738_Eden2009:deployment:0788615,2008-12-11T01:06:00,2008,12,-63.3434259592352,150.936260249769,,MachineObservation,,
13440_131178:deployment:0769252,2015-12-08T15:30:49,2015,12,-51.9250394282789,177.332441459,,MachineObservation,,
88729_Eden2009:deployment:0786551,2008-12-13T18:40:00,2008,12,-62.983312671279,119.307922245055,,MachineObservation,,
88738_Eden2009:deployment:0788379,2008-11-21T09:06:00,2008,11,-47.9995986587198,148.59545860274,,MachineObservation,,
88728_Eden2009:deployment:0785591,2008-12-29T08:51:00,2008,12,-61.8167248979112,155.689843592114,,MachineObservation,,
88728_Eden2009:deployment:0785940,2009-01-27T10:51:00,2009,1,-64.3331787551574,157.955826047015,,MachineObservation,,
88733_Eden2009:deployment:0787949,2008-11-23T17:00:00,2008,11,-55.3392916632328,170.359729525868,,MachineObservation,,
88738_Eden2009:deployment:0788585,2008-12-08T13:06:00,2008,12,-62.6240427318741,150.315058435496,,MachineObservation,,
88741_Eden2009:deployment:0789218,2008-12-08T23:13:00,2008,12,-55.8894747923429,170.230184721409,,MachineObservation,,
88741_Eden2009:deployment:0789315,2008-12-17T01:13:00,2008,12,-62.1936279924715,164.435424153286,,MachineObservation,,
88733_Eden2009:deployment:0787870,2008-11-17T03:00:00,2008,11,-50.0006321121376,163.481393996888,,MachineObservation,,
98129_JIP2010:deployment:0792174,2010-12-28T08:44:00,2010,12,-58.153692527779,170.013223316114,,MachineObservation,,
urn:catalog:AADC:SOWS:SOWS-92571,2002-02-05 03:45:00Z,2002,2,-62.53,93.34,1,HumanObservation,,AADC
13440_131178:deployment:0769185,2015-12-03T01:30:49,2015,12,-49.8115259530884,176.600788850126,,MachineObservation,,
98129_JIP2010:deployment:0792157,2010-12-26T22:44:00,2010,12,-57.8343497809998,168.636421838663,,MachineObservation,,
229478,2017-11-02T08:38:08,2017,11,-45.46,166.71,1,HumanObservation,Happywhale - Humpback whale in South Pacific Ocean,Happywhale.com
urn:catalog:AADC:WOV:WOV-148359,1992-02-18 00:00:00+00,1992,2,-61.5167,80.9667,4,HumanObservation,,AADC
88741_Eden2009:deployment:0789447,2008-12-28T01:13:00,2008,12,-63.9826611203318,161.427063743866,,MachineObservation,,
13440_131178:deployment:0769282,2015-12-11T03:30:49,2015,12,-54.0637695730865,177.438116239088,,MachineObservation,,
88729_Eden2009:deployment:0786588,2008-12-16T20:40:00,2008,12,-63.330353288329,119.669660919736,,MachineObservation,,
88728_Eden2009:deployment:0785974,2009-01-30T06:51:00,2009,1,-64.7794952537475,158.249701895429,,MachineObservation,,
13440_131190:deployment:0776214,2015-11-22T10:31:20,2015,11,-50.3469774392149,178.172864030255,,MachineObservation,,
88718_Eden2009:deployment:0782705,2009-01-03T22:34:00,2009,1,-62.577877779383,176.983358959988,,MachineObservation,,
98129_JIP2010:deployment:0791955,2010-12-10T02:44:00,2010,12,-49.093504954145,154.763893395178,,MachineObservation,,
88729_Eden2009:deployment:0786529,2008-12-11T22:40:00,2008,12,-62.8430521009648,118.905019986251,,MachineObservation,,
88728_Eden2009:deployment:0785316,2008-12-06T10:51:00,2008,12,-60.0643612111704,155.827358262043,,MachineObservation,,
NZHB-122,1996-11-05,,,-45.95,170.7333,1,HumanObservation,Humpback whale sightings around New Zealand 1970-1999,DoC
13440_88727:deployment:0777148,2015-12-01T14:30:50,2015,12,-63.6165571584344,179.62391011827,,MachineObservation,,
98129_JIP2010:deployment:0791853,2010-12-01T14:44:00,2010,12,-46.1606863324892,147.881907427096,,MachineObservation,,
88729_Eden2009:deployment:0787013,2009-01-21T06:40:00,2009,1,-63.0764352160599,105.008761675071,,MachineObservation,,
88718_Eden2009:deployment:0782502,2008-12-18T00:34:00,2008,12,-46.4856818800357,153.836385472936,,MachineObservation,,
98114_JIP2010:deployment:0791045,2010-11-18T22:15:00,2010,11,-53.4841542359509,159.55471996298,,MachineObservation,,
88728_Eden2009:deployment:0785652,2009-01-03T10:51:00,2009,1,-62.3620228948125,155.750565717291,,MachineObservation,,
98129_JIP2010:deployment:0791898,2010-12-05T08:44:00,2010,12,-47.3289901334748,149.968559332921,,MachineObservation,,
88725_Eden2009:deployment:0784857,2009-01-10T12:04:00,2009,1,-62.321879915938,150.258289679999,,MachineObservation,,
88729_Eden2009:deployment:0787149,2009-02-01T14:40:00,2009,2,-61.6248840296651,101.382114734483,,MachineObservation,,
88725_Eden2009:deployment:0784469,2008-12-09T04:04:00,2008,12,-57.6143332047934,157.689318257498,,MachineObservation,,
88738_Eden2009:deployment:0788734,2008-12-20T23:06:00,2008,12,-64.1537585066916,148.563511002777,,MachineObservation,,
88729_Eden2009:deployment:0786860,2009-01-08T12:40:00,2009,1,-64.6784275397167,120.44500340298,,MachineObservation,,
88723_Eden2009:deployment:0783836,2009-01-05T21:02:00,2009,1,-63.2158937586504,167.742368779668,,MachineObservation,,
88738_Eden2009:deployment:0788587,2008-12-08T17:06:00,2008,12,-62.636328143062,150.284914718179,,MachineObservation,,
88738_Eden2009:deployment:0788671,2008-12-15T17:06:00,2008,12,-63.7444669954364,149.383282703642,,MachineObservation,,
13440_131178:deployment:0769081,2015-11-24T09:30:49,2015,11,-47.8801510889824,177.012448196352,,MachineObservation,,
in2017_v01_09300,2017-01-27T09:12:00Z,,,-64.55194,115.23556,1,HumanObservation,,Macquarie University
88741_Eden2009:deployment:0789493,2008-12-31T21:13:00,2008,12,-62.6832242829933,159.7430991415,,MachineObservation,,
88741_Eden2009:deployment:0789749,2009-01-22T05:13:00,2009,1,-63.3499759820851,158.875910468622,,MachineObservation,,
88723_Eden2009:deployment:0783508,2008-12-09T13:02:00,2008,12,-48.8865292718451,168.337910048097,,MachineObservation,,
88729_Eden2009:deployment:0786604,2008-12-18T04:40:00,2008,12,-63.2971031838242,119.935015052873,,MachineObservation,,
88723_Eden2009:deployment:0783803,2009-01-03T03:02:00,2009,1,-63.3905524439165,168.227770310443,,MachineObservation,,
88728_Eden2009:deployment:0785330,2008-12-07T14:51:00,2008,12,-61.3393020328697,156.340592333254,,MachineObservation,,
88741_Eden2009:deployment:0789421,2008-12-25T21:13:00,2008,12,-63.2672090185244,162.544335947248,,MachineObservation,,
13440_131178:deployment:0769330,2015-12-15T03:30:49,2015,12,-57.2204923007071,177.414094156807,,MachineObservation,,
88725_Eden2009:deployment:0784378,2008-12-01T14:04:00,2008,12,-48.917025571925,152.569288838301,,MachineObservation,,
88741_Eden2009:deployment:0789383,2008-12-22T17:13:00,2008,12,-61.8298183130811,164.318572631009,,MachineObservation,,
98129_JIP2010:deployment:0791970,2010-12-11T08:44:00,2010,12,-50.029309882841,156.136457009228,,MachineObservation,,
88741_Eden2009:deployment:0789131,2008-12-01T17:13:00,2008,12,-50.1460722729549,170.161926441099,,MachineObservation,,
88741_Eden2009:deployment:0790371,2009-03-15T01:13:00,2009,3,-64.4259571586491,165.267702673911,,MachineObservation,,
88728_Eden2009:deployment:0785904,2009-01-24T10:51:00,2009,1,-64.7020375444157,159.650960669013,,MachineObservation,,
88725_Eden2009:deployment:0784805,2009-01-06T04:04:00,2009,1,-61.7817339960449,151.018670179934,,MachineObservation,,
64235_JIP2010:deployment:0781452,2010-11-24T15:10:00,2010,11,-60.603732078515,157.846903874766,,MachineObservation,,
88733_Eden2009:deployment:0787788,2008-11-10T07:00:00,2008,11,-46.8700605811454,155.863340047563,,MachineObservation,,
88728_Eden2009:deployment:0785747,2009-01-11T08:51:00,2009,1,-62.6059753807389,155.262125652122,,MachineObservation,,
88729_Eden2009:deployment:0786786,2009-01-02T08:40:00,2009,1,-64.6708782011922,119.602427383533,,MachineObservation,,
88723_Eden2009:deployment:0783572,2008-12-14T21:02:00,2008,12,-54.4078981683094,172.662268187337,,MachineObservation,,
in2017_v01_09294,2017-01-25T02:31:00Z,,,-64.61472,115.25389,1,HumanObservation,,Macquarie University
88728_Eden2009:deployment:0785469,2008-12-19T04:51:00,2008,12,-63.6911412352529,158.993319557198,,MachineObservation,,
88723_Eden2009:deployment:0783924,2009-01-13T05:02:00,2009,1,-64.2676803097694,168.746803008324,,MachineObservation,,
13440_131190:deployment:0776391,2015-12-07T04:31:20,2015,12,-61.5233568392567,177.73586719308,,MachineObservation,,
88718_Eden2009:deployment:0782522,2008-12-19T16:34:00,2008,12,-47.8186627213648,155.5274240674,,MachineObservation,,
88729_Eden2009:deployment:0787029,2009-01-22T14:40:00,2009,1,-63.1691973320772,104.476849097117,,MachineObservation,,
88729_Eden2009:deployment:0786483,2008-12-08T02:40:00,2008,12,-61.2892814583433,119.994326723979,,MachineObservation,,
88725_Eden2009:deployment:0784593,2008-12-19T12:04:00,2008,12,-62.8707545009129,157.385202742662,,MachineObservation,,
88741_Eden2009:deployment:0789925,2009-02-05T21:13:00,2009,2,-64.9504339374483,161.978103404391,,MachineObservation,,
88741_Eden2009:deployment:0790336,2009-03-12T03:13:00,2009,3,-64.1626584578905,164.55174383631,,MachineObservation,,
88741_Eden2009:deployment:0789654,2009-01-14T07:13:00,2009,1,-62.6001052619418,156.111068377157,,MachineObservation,,
urn:catalog:AADC:WC:5773,1937-01-01 00:00:00+00,1937,1,-62.5,82.5,1,HumanObservation,,AADC
88729_Eden2009:deployment:0786547,2008-12-13T10:40:00,2008,12,-63.0199381971235,119.273986526874,,MachineObservation,,
13440_131190:deployment:0776329,2015-12-02T00:31:20,2015,12,-57.9731829271021,178.741941040787,,MachineObservation,,
88738_Eden2009:deployment:0788377,2008-11-21T05:06:00,2008,11,-47.8069327691291,148.509912408222,,MachineObservation,,
88729_Eden2009:deployment:0787150,2009-02-01T16:40:00,2009,2,-61.5520235975857,101.409313606849,,MachineObservation,,
88725_Eden2009:deployment:0784503,2008-12-12T00:04:00,2008,12,-61.0562044645258,156.334028018055,,MachineObservation,,
64235_JIP2010:deployment:0781266,2010-11-09T03:10:00,2010,11,-45.4308732311217,148.513097471965,,MachineObservation,,
88725_Eden2009:deployment:0784608,2008-12-20T18:04:00,2008,12,-62.829892379349,157.740454088194,,MachineObservation,,
88729_Eden2009:deployment:0786467,2008-12-06T18:40:00,2008,12,-60.6942934488384,121.019058208994,,MachineObservation,,
urn:catalog:AADC:WC:5616,1934-01-01 00:00:00+00,1934,1,-64.5,87.5,1,HumanObservation,,AADC
urn:catalog:AADC:SOWS:SOWS-93745,1996-02-12 12:20:12Z,1996,2,-63.63309,101.6238,2,HumanObservation,,AADC
88728_Eden2009:deployment:0785326,2008-12-07T06:51:00,2008,12,-61.1093656611949,156.084535987953,,MachineObservation,,
98129_JIP2010:deployment:0791954,2010-12-10T00:44:00,2010,12,-49.0810135296733,154.66415815992,,MachineObservation,,
88723_Eden2009:deployment:0783845,2009-01-06T15:02:00,2009,1,-63.1355955533383,167.947184729182,,MachineObservation,,
98129_JIP2010:deployment:0792208,2010-12-31T04:44:00,2010,12,-61.1842872990771,169.229307013782,,MachineObservation,,
88729_Eden2009:deployment:0786863,2009-01-08T18:40:00,2009,1,-64.6616680378276,120.315303438683,,MachineObservation,,
98129_JIP2010:deployment:0791909,2010-12-06T06:44:00,2010,12,-47.5483484291726,150.794110344649,,MachineObservation,,
88738_Eden2009:deployment:0788427,2008-11-25T09:06:00,2008,11,-51.9968421353528,151.428579086219,,MachineObservation,,
88741_Eden2009:deployment:0789428,2008-12-26T11:13:00,2008,12,-63.2670426078581,162.788230511641,,MachineObservation,,
88733_Eden2009:deployment:0787966,2008-11-25T03:00:00,2008,11,-56.1439673920938,171.840201165847,,MachineObservation,,
in2017_v01_09924,2017-02-06T03:45:00Z,,,-64.76417,118.25444,3,HumanObservation,,Macquarie University
88729_Eden2009:deployment:0786963,2009-01-17T02:40:00,2009,1,-63.3697699408641,110.824214633127,,MachineObservation,,
88741_Eden2009:deployment:0789486,2008-12-31T07:13:00,2008,12,-62.804955658759,160.141439178273,,MachineObservation,,
13440_131178:deployment:0769097,2015-11-25T17:30:49,2015,11,-48.4866010715516,176.919327050542,,MachineObservation,,
88725_Eden2009:deployment:0784820,2009-01-07T10:04:00,2009,1,-61.8584794691772,150.351072082665,,MachineObservation,,
88729_Eden2009:deployment:0786876,2009-01-09T20:40:00,2009,1,-64.2731381043462,119.22103322041,,MachineObservation,,
urn:catalog:AADC:WC:5858,1938-01-01 00:00:00+00,1938,1,-61.5,102.5,6,HumanObservation,,AADC
88729_Eden2009:deployment:0787115,2009-01-29T18:40:00,2009,1,-62.5413564676336,102.642977234819,,MachineObservation,,
88723_Eden2009:deployment:0783648,2008-12-21T05:02:00,2008,12,-61.9181631152502,171.553152894606,,MachineObservation,,
88728_Eden2009:deployment:0785784,2009-01-14T10:51:00,2009,1,-63.6159057664338,158.847077904203,,MachineObservation,,
88723_Eden2009:deployment:0783498,2008-12-08T17:02:00,2008,12,-48.0003324135819,167.683924050401,,MachineObservation,,
88729_Eden2009:deployment:0786888,2009-01-10T20:40:00,2009,1,-64.4556899948065,119.009634773468,,MachineObservation,,
88741_Eden2009:deployment:0789460,2008-12-29T03:13:00,2008,12,-63.2239288175693,160.645470545141,,MachineObservation,,
88725_Eden2009:deployment:0784463,2008-12-08T16:04:00,2008,12,-56.9824949514079,157.152217339684,,MachineObservation,,
88728_Eden2009:deployment:0785374,2008-12-11T06:51:00,2008,12,-61.9672559283025,156.740711199808,,MachineObservation,,
13440_131178:deployment:0769058,2015-11-22T11:30:49,2015,11,-47.095389705356,177.401978264895,,MachineObservation,,
88718_Eden2009:deployment:0782645,2008-12-29T22:34:00,2008,12,-57.4759349323697,169.918833347481,,MachineObservation,,
88723_Eden2009:deployment:0783661,2008-12-22T07:02:00,2008,12,-62.8809163789824,170.529585390725,,MachineObservation,,
88725_Eden2009:deployment:0784834,2009-01-08T14:04:00,2009,1,-62.3194140852162,150.894353792653,,MachineObservation,,
88741_Eden2009:deployment:0789558,2009-01-06T07:13:00,2009,1,-62.4246191466825,157.839772502719,,MachineObservation,,
88725_Eden2009:deployment:0784858,2009-01-10T14:04:00,2009,1,-62.2711921017641,150.251166736618,,MachineObservation,,
88725_Eden2009:deployment:0784412,2008-12-04T10:04:00,2008,12,-52.1767508202652,154.397207362893,,MachineObservation,,
88729_Eden2009:deployment:0786443,2008-12-04T18:40:00,2008,12,-60.3165619514309,121.498188970084,,MachineObservation,,
88725_Eden2009:deployment:0784779,2009-01-04T00:04:00,2009,1,-62.1373555248328,152.298091611718,,MachineObservation,,
98129_JIP2010:deployment:0791848,2010-12-01T04:44:00,2010,12,-45.9519376823783,147.867884051401,,MachineObservation,,
88728_Eden2009:deployment:0785754,2009-01-11T22:51:00,2009,1,-62.8245747027992,155.125825894201,,MachineObservation,,
88738_Eden2009:deployment:0788359,2008-11-19T17:06:00,2008,11,-46.1720671761497,147.417956305246,,MachineObservation,,
98114_JIP2010:deployment:0791142,2010-11-27T00:15:00,2010,11,-60.6948471969676,158.501063713724,,MachineObservation,,
13440_131190:deployment:0776497,2015-12-16T00:31:20,2015,12,-63.7211865109352,179.372015078368,,MachineObservation,,
98129_JIP2010:deployment:0792008,2010-12-14T12:44:00,2010,12,-52.0244917833221,158.72452105866,,MachineObservation,,
88728_Eden2009:deployment:0785097,2008-11-18T04:51:00,2008,11,-47.0876547109479,152.025298434477,,MachineObservation,,
88725_Eden2009:deployment:0784782,2009-01-04T06:04:00,2009,1,-62.022774543505,152.196436115778,,MachineObservation,,
88741_Eden2009:deployment:0789266,2008-12-12T23:13:00,2008,12,-59.6365110996315,167.858924178833,,MachineObservation,,
98114_JIP2010:deployment:0791060,2010-11-20T04:15:00,2010,11,-55.1669358567977,159.372284685508,,MachineObservation,,
88729_Eden2009:deployment:0786753,2008-12-30T14:40:00,2008,12,-64.1897334810365,118.820256597571,,MachineObservation,,
98114_JIP2010:deployment:0791042,2010-11-18T16:15:00,2010,11,-53.3347275440311,159.508275489234,,MachineObservation,,
88732_Eden2009:deployment:0787393,2008-11-11T15:33:00,2008,11,-45.1941935226086,161.208692894712,,MachineObservation,,
88741_Eden2009:deployment:0790375,2009-03-15T09:13:00,2009,3,-64.6844148854149,165.241304111388,,MachineObservation,,
98129_JIP2010:deployment:0792158,2010-12-27T00:44:00,2010,12,-57.8241938018804,168.671567484032,,MachineObservation,,
88728_Eden2009:deployment:0785609,2008-12-30T20:51:00,2008,12,-62.0548605857574,155.63771647939,,MachineObservation,,
98114_JIP2010:deployment:0790991,2010-11-14T10:15:00,2010,11,-48.0369375421779,160.384674925223,,MachineObservation,,
88728_Eden2009:deployment:0785765,2009-01-12T20:51:00,2009,1,-62.9661483655298,155.452169400986,,MachineObservation,,
88738_Eden2009:deployment:0788398,2008-11-22T23:06:00,2008,11,-49.5636235073273,149.332763512945,,MachineObservation,,
88729_Eden2009:deployment:0786734,2008-12-29T00:40:00,2008,12,-63.8232855386839,117.965215955158,,MachineObservation,,
88723_Eden2009:deployment:0783646,2008-12-21T01:02:00,2008,12,-61.600280892924,171.610400933323,,MachineObservation,,
88738_Eden2009:deployment:0788593,2008-12-09T05:06:00,2008,12,-62.8382490895794,150.286492616342,,MachineObservation,,
88723_Eden2009:deployment:0783494,2008-12-08T09:02:00,2008,12,-47.6577771211777,167.63136638202,,MachineObservation,,
88729_Eden2009:deployment:0786606,2008-12-18T08:40:00,2008,12,-63.3719828929649,119.849825368295,,MachineObservation,,
98129_JIP2010:deployment:0791914,2010-12-06T16:44:00,2010,12,-47.7956363506235,151.288364893357,,MachineObservation,,
88725_Eden2009:deployment:0784660,2008-12-25T02:04:00,2008,12,-62.4870462646195,157.46496729681,,MachineObservation,,
88732_Eden2009:deployment:0787517,2008-11-21T23:33:00,2008,11,-46.2774154895466,164.729911591341,,MachineObservation,,
13440_131178:deployment:0769381,2015-12-19T09:30:49,2015,12,-61.4043048942142,179.951959631361,,MachineObservation,,
98129_JIP2010:deployment:0791835,2010-11-30T02:44:00,2010,11,-45.4553674098176,147.520582101311,,MachineObservation,,
88741_Eden2009:deployment:0789358,2008-12-20T15:13:00,2008,12,-61.8020729802035,164.106294130146,,MachineObservation,,
urn:catalog:AADC:WC:5932,1950-01-01 00:00:00+00,1950,1,-60.5,91.5,1,HumanObservation,,AADC
88725_Eden2009:deployment:0784414,2008-12-04T14:04:00,2008,12,-52.3466118766131,154.446882818261,,MachineObservation,,
88728_Eden2009:deployment:0785670,2009-01-04T22:51:00,2009,1,-62.0951858893497,155.889524219301,,MachineObservation,,
88741_Eden2009:deployment:0789590,2009-01-08T23:13:00,2009,1,-62.2347670752675,157.927086000736,,MachineObservation,,
88728_Eden2009:deployment:0785259,2008-12-01T16:51:00,2008,12,-56.404748382876,156.445197801372,,MachineObservation,,
88723_Eden2009:deployment:0783889,2009-01-10T07:02:00,2009,1,-63.6767259079511,168.693053658452,,MachineObservation,,
88741_Eden2009:deployment:0789713,2009-01-19T05:13:00,2009,1,-63.1376614975322,155.652869169289,,MachineObservation,,
88738_Eden2009:deployment:0788613,2008-12-10T21:06:00,2008,12,-63.3557573013351,150.881092771391,,MachineObservation,,
88728_Eden2009:deployment:0785294,2008-12-04T14:51:00,2008,12,-58.2840902642765,156.761886970365,,MachineObservation,,
88728_Eden2009:deployment:0785981,2009-01-30T20:51:00,2009,1,-64.7227166209179,158.545531787603,,MachineObservation,,
88723_Eden2009:deployment:0783788,2009-01-01T21:02:00,2009,1,-63.1847963047748,168.068342816489,,MachineObservation,,
88723_Eden2009:deployment:0783719,2008-12-27T03:02:00,2008,12,-63.137951515863,169.649051141211,,MachineObservation,,
88725_Eden2009:deployment:0784520,2008-12-13T10:04:00,2008,12,-61.7796488472436,155.778247350425,,MachineObservation,,
88728_Eden2009:deployment:0785505,2008-12-22T04:51:00,2008,12,-64.0859793285704,157.858023436048,,MachineObservation,,
88728_Eden2009:deployment:0785545,2008-12-25T12:51:00,2008,12,-63.0348143284618,155.895087090209,,MachineObservation,,
88728_Eden2009:deployment:0785507,2008-12-22T08:51:00,2008,12,-64.0901711248436,157.81366002317,,MachineObservation,,
88728_Eden2009:deployment:0785548,2008-12-25T18:51:00,2008,12,-62.7570665067999,155.771571210177,,MachineObservation,,
88741_Eden2009:deployment:0789846,2009-01-30T07:13:00,2009,1,-64.766744442271,161.76065215298,,MachineObservation,,
13440_88727:deployment:0777127,2015-11-29T20:30:50,2015,11,-63.2437246681676,179.274334165236,,MachineObservation,,
urn:catalog:AADC:SOWS:SOWS-92822,2001-01-30 00:00:00Z,2001,1,-63.523,100.096,2,HumanObservation,,AADC
88738_Eden2009:deployment:0788527,2008-12-03T17:06:00,2008,12,-60.0193197226773,150.853963299746,,MachineObservation,,
13440_131190:deployment:0776211,2015-11-22T04:31:20,2015,11,-50.1467716248159,178.296105800809,,MachineObservation,,
88723_Eden2009:deployment:0783717,2008-12-26T23:02:00,2008,12,-63.1590536757295,169.656320993725,,MachineObservation,,
88732_Eden2009:deployment:0787505,2008-11-20T23:33:00,2008,11,-45.9473032341017,164.832861926061,,MachineObservation,,
88718_Eden2009:deployment:0782627,2008-12-28T10:34:00,2008,12,-55.9152760792459,166.783346088187,,MachineObservation,,
88729_Eden2009:deployment:0787081,2009-01-26T22:40:00,2009,1,-62.7360127684656,103.537167275999,,MachineObservation,,
88728_Eden2009:deployment:0785239,2008-11-30T00:51:00,2008,11,-55.0306128938778,156.756009701633,,MachineObservation,,
13440_131178:deployment:0769091,2015-11-25T05:30:49,2015,11,-48.3163351848355,177.149989265191,,MachineObservation,,
88729_Eden2009:deployment:0786800,2009-01-03T12:40:00,2009,1,-64.8584558431058,119.816718871332,,MachineObservation,,
98129_JIP2010:deployment:0792199,2010-12-30T10:44:00,2010,12,-60.2650104372937,169.680878190949,,MachineObservation,,
88728_Eden2009:deployment:0785581,2008-12-28T12:51:00,2008,12,-62.0327555775,155.299647523902,,MachineObservation,,
643587,2026-02-24T16:48,2026,2,-64.2625,136.449444,1,HumanObservation,Happywhale - Humpback whale in Southern Ocean,Happywhale.com
13440_131178:deployment:0769366,2015-12-18T03:30:49,2015,12,-60.4345418608755,179.914136636207,,MachineObservation,,
88729_Eden2009:deployment:0786387,2008-11-30T02:40:00,2008,11,-56.2242615969447,126.937028069532,,MachineObservation,,
13440_131178:deployment:0769168,2015-12-01T15:30:49,2015,12,-49.6520410294284,177.002668646394,,MachineObservation,,
88725_Eden2009:deployment:0784774,2009-01-03T14:04:00,2009,1,-62.1042278199472,152.184015043375,,MachineObservation,,
88728_Eden2009:deployment:0785353,2008-12-09T12:51:00,2008,12,-61.9372672072484,157.155351312422,,MachineObservation,,
98129_JIP2010:deployment:0792136,2010-12-25T04:44:00,2010,12,-57.3976273743568,166.511232455511,,MachineObservation,,
88741_Eden2009:deployment:0789255,2008-12-12T01:13:00,2008,12,-58.6532742817399,168.34160256257,,MachineObservation,,
urn:catalog:AADC:WC:5753,1937-01-01 00:00:00+00,1937,1,-60.5,100.5,8,HumanObservation,,AADC
88729_Eden2009:deployment:0786909,2009-01-12T14:40:00,2009,1,-64.5796064282427,116.81081039375,,MachineObservation,,
88718_Eden2009:deployment:0782633,2008-12-28T22:34:00,2008,12,-56.3049102009129,167.892761465648,,MachineObservation,,
88733_Eden2009:deployment:0787760,2008-11-07T23:00:00,2008,11,-45.2293772113141,152.657615054645,,MachineObservation,,
98114_JIP2010:deployment:0791071,2010-11-21T02:15:00,2010,11,-56.1528387834686,159.708439389777,,MachineObservation,,
88729_Eden2009:deployment:0786954,2009-01-16T08:40:00,2009,1,-63.6281066415456,112.238827738292,,MachineObservation,,
urn:catalog:AADC:WC:5946,1951-01-01 00:00:00+00,1951,1,-61.5,100.5,160,HumanObservation,,AADC
98129_JIP2010:deployment:0791836,2010-11-30T04:44:00,2010,11,-45.5179859365275,147.514228391186,,MachineObservation,,
98114_JIP2010:deployment:0791252,2010-12-06T04:15:00,2010,12,-61.6501814771214,157.404776871771,,MachineObservation,,
88729_Eden2009:deployment:0786437,2008-12-04T06:40:00,2008,12,-60.009666577849,121.385221044485,,MachineObservation,,
88738_Eden2009:deployment:0788673,2008-12-15T21:06:00,2008,12,-63.7658358893485,149.274588650092,,MachineObservation,,
88729_Eden2009:deployment:0786268,2008-11-20T04:40:00,2008,11,-48.7498225291524,135.028977452588,,MachineObservation,,
13440_88727:deployment:0777107,2015-11-28T04:30:50,2015,11,-62.2706489483606,179.772949296518,,MachineObservation,,
urn:catalog:AADC:WC:5584,1934-01-01 00:00:00+00,1934,1,-57.5,82.5,1,HumanObservation,,AADC
88729_Eden2009:deployment:0787102,2009-01-28T16:40:00,2009,1,-62.3194561881677,102.672418558661,,MachineObservation,,
88728_Eden2009:deployment:0785120,2008-11-20T02:51:00,2008,11,-48.7494221780601,152.316993132701,,MachineObservation,,
88725_Eden2009:deployment:0784546,2008-12-15T14:04:00,2008,12,-62.2921867481211,156.258542462079,,MachineObservation,,
88728_Eden2009:deployment:0785729,2009-01-09T20:51:00,2009,1,-62.4259760603654,154.237321382158,,MachineObservation,,
88738_Eden2009:deployment:0788400,2008-11-23T03:06:00,2008,11,-49.7615259725686,149.41021443394,,MachineObservation,,
88725_Eden2009:deployment:0784842,2009-01-09T06:04:00,2009,1,-62.3130904029,150.827022150446,,MachineObservation,,
229481,2015-11-13T09:48:25,2015,11,-45.46,166.71,1,HumanObservation,Happywhale - Humpback whale in South Pacific Ocean,Happywhale.com
88741_Eden2009:deployment:0789189,2008-12-06T13:13:00,2008,12,-54.3563089810975,170.567891211999,,MachineObservation,,
88728_Eden2009:deployment:0785446,2008-12-17T06:51:00,2008,12,-63.0297019922032,157.912406700195,,MachineObservation,,
88738_Eden2009:deployment:0788623,2008-12-11T17:06:00,2008,12,-63.5178762223017,151.161622513979,,MachineObservation,,
88738_Eden2009:deployment:0788640,2008-12-13T03:06:00,2008,12,-63.6477494683017,150.368266459641,,MachineObservation,,
88732_Eden2009:deployment:0787433,2008-11-14T23:33:00,2008,11,-45.950783618034,164.173530463153,,MachineObservation,,
urn:catalog:AADC:SOWS:SOWS-92814,2001-01-30 00:00:00Z,2001,1,-62.988,98.396,3,HumanObservation,,AADC
88738_Eden2009:deployment:0788718,2008-12-19T15:06:00,2008,12,-64.1160951611095,149.004141986094,,MachineObservation,,
88729_Eden2009:deployment:0786976,2009-01-18T04:40:00,2009,1,-63.2250870343284,109.476349234196,,MachineObservation,,
88741_Eden2009:deployment:0789050,2008-11-24T23:13:00,2008,11,-45.3866502554162,166.386909433057,,MachineObservation,,
88718_Eden2009:deployment:0782625,2008-12-28T06:34:00,2008,12,-55.7813164813051,166.457267564718,,MachineObservation,,
88728_Eden2009:deployment:0785623,2009-01-01T00:51:00,2009,1,-62.2066441885644,155.51358759028,,MachineObservation,,
88738_Eden2009:deployment:0788709,2008-12-18T21:06:00,2008,12,-64.0857923608162,148.946467649388,,MachineObservation,,
64235_JIP2010:deployment:0781326,2010-11-14T03:10:00,2010,11,-50.4941759191437,152.689268453931,,MachineObservation,,
urn:catalog:AADC:WC:5609,1934-01-01 00:00:00+00,1934,1,-63.5,82.5,1,HumanObservation,,AADC
88729_Eden2009:deployment:0786575,2008-12-15T18:40:00,2008,12,-63.1184827710197,119.443960587657,,MachineObservation,,
88725_Eden2009:deployment:0784885,2009-01-12T20:04:00,2009,1,-62.517903834606,150.428577726979,,MachineObservation,,
88725_Eden2009:deployment:0784751,2009-01-01T16:04:00,2009,1,-62.1245342631822,152.53335872353,,MachineObservation,,
88729_Eden2009:deployment:0787032,2009-01-22T20:40:00,2009,1,-63.2769471431487,104.207026074092,,MachineObservation,,
88729_Eden2009:deployment:0786691,2008-12-25T10:40:00,2008,12,-63.4271289214093,119.510818318581,,MachineObservation,,
88741_Eden2009:deployment:0789385,2008-12-22T21:13:00,2008,12,-61.9383250905344,164.136635429741,,MachineObservation,,
13440_131190:deployment:0776185,2015-11-20T00:31:20,2015,11,-49.2942134471722,179.261922145682,,MachineObservation,,
98129_JIP2010:deployment:0791948,2010-12-09T12:44:00,2010,12,-49.0095887135314,154.103095011036,,MachineObservation,,
13440_88727:deployment:0777104,2015-11-27T22:30:50,2015,11,-62.1657324703066,179.903580780886,,MachineObservation,,
88741_Eden2009:deployment:0789417,2008-12-25T13:13:00,2008,12,-63.1923243676149,162.812013773795,,MachineObservation,,
98114_JIP2010:deployment:0791065,2010-11-20T14:15:00,2010,11,-55.6251638962518,159.457403687402,,MachineObservation,,
88728_Eden2009:deployment:0785901,2009-01-24T04:51:00,2009,1,-64.816183442411,159.789685475628,,MachineObservation,,
88728_Eden2009:deployment:0785964,2009-01-29T10:51:00,2009,1,-64.6616905848335,158.248539501762,,MachineObservation,,
13440_131190:deployment:0776368,2015-12-05T06:31:20,2015,12,-60.3648424041077,178.26554325626,,MachineObservation,,
https://www.inaturalist.org/observations/336662044,2026-01-30T07:47:00+11:00,,,-64.9519125975,171.0705312385,,HumanObservation,iNaturalist research-grade observations,iNaturalist
13440_131190:deployment:0776226,2015-11-23T10:31:20,2015,11,-51.1949329613258,177.676651832774,,MachineObservation,,
urn:catalog:AADC:WC:5809,1938-01-01 00:00:00+00,1938,1,-58.5,91.5,1,HumanObservation,,AADC
88723_Eden2009:deployment:0783704,2008-12-25T21:02:00,2008,12,-63.332001706436,170.425883100294,,MachineObservation,,
urn:catalog:AADC:SOWS:SOWS-93790,1996-02-14 23:48:22Z,1996,2,-63.9116,104.4342,2,HumanObservation,,AADC
urn:catalog:AADC:WC:5789,1937-01-01 00:00:00+00,1937,1,-62.5,101.5,3,HumanObservation,,AADC
88733_Eden2009:deployment:0787849,2008-11-15T09:00:00,2008,11,-48.9791643916919,161.180043316378,,MachineObservation,,
88729_Eden2009:deployment:0787086,2009-01-27T08:40:00,2009,1,-62.7867476019123,103.703243154739,,MachineObservation,,
88725_Eden2009:deployment:0784843,2009-01-09T08:04:00,2009,1,-62.3319954582492,150.816331914975,,MachineObservation,,
88729_Eden2009:deployment:0786300,2008-11-22T20:40:00,2008,11,-50.5768233865275,133.167523269917,,MachineObservation,,
urn:catalog:AADC:SOWS:SOWS-92575,2002-02-05 05:42:00Z,2002,2,-62.6,92.21,2,HumanObservation,,AADC
98129_JIP2010:deployment:0791881,2010-12-03T22:44:00,2010,12,-46.9833680381709,148.831551176579,,MachineObservation,,
13440_131190:deployment:0776478,2015-12-14T10:31:20,2015,12,-63.4531397970877,178.263136660733,,MachineObservation,,
98114_JIP2010:deployment:0790992,2010-11-14T12:15:00,2010,11,-48.1421754634958,160.388585969455,,MachineObservation,,
88718_Eden2009:deployment:0782544,2008-12-21T12:34:00,2008,12,-49.2288370194964,158.412681253451,,MachineObservation,,
280874,2021-11-23T18:32:43,2021,11,-45.46,166.71,1,HumanObservation,Happywhale - Humpback whale in South Pacific Ocean,Happywhale.com
urn:catalog:AADC:WC:5573,1933-01-01 00:00:00+00,1933,1,-60.5,92.5,1,HumanObservation,,AADC
88741_Eden2009:deployment:0790334,2009-03-11T23:13:00,2009,3,-64.1989134223859,164.420819509621,,MachineObservation,,
88725_Eden2009:deployment:0784538,2008-12-14T22:04:00,2008,12,-62.0132176769111,156.021613454436,,MachineObservation,,
88729_Eden2009:deployment:0786326,2008-11-25T00:40:00,2008,11,-52.2763959608265,131.854074797998,,MachineObservation,,
urn:catalog:AADC:WOV:WOV-186252,2005-12-21 00:30:14+00,2005,12,-59.6985,104.9615,3,HumanObservation,,AADC
88728_Eden2009:deployment:0785782,2009-01-14T06:51:00,2009,1,-63.5530768514305,158.497923456395,,MachineObservation,,
13440_131190:deployment:0776277,2015-11-27T16:31:20,2015,11,-55.5801731005719,178.385842239542,,MachineObservation,,
88725_Eden2009:deployment:0784536,2008-12-14T18:04:00,2008,12,-61.9714513572112,155.908225335137,,MachineObservation,,
13440_131190:deployment:0776452,2015-12-12T06:31:20,2015,12,-63.6261611077943,176.114904299664,,MachineObservation,,
88729_Eden2009:deployment:0787112,2009-01-29T12:40:00,2009,1,-62.5579616203174,102.621271587426,,MachineObservation,,
88732_Eden2009:deployment:0787406,2008-11-12T17:33:00,2008,11,-45.5886526091325,162.605787926975,,MachineObservation,,
88741_Eden2009:deployment:0790294,2009-03-08T15:13:00,2009,3,-64.9498067026652,164.066216170194,,MachineObservation,,
88732_Eden2009:deployment:0787400,2008-11-12T05:33:00,2008,11,-45.4266866913718,161.989329304385,,MachineObservation,,
88741_Eden2009:deployment:0789691,2009-01-17T09:13:00,2009,1,-62.4770064801697,155.617250684791,,MachineObservation,,
88723_Eden2009:deployment:0783495,2008-12-08T11:02:00,2008,12,-47.7457844977242,167.660019088936,,MachineObservation,,
88741_Eden2009:deployment:0789780,2009-01-24T19:13:00,2009,1,-64.1495366144277,160.904436302365,,MachineObservation,,
13440_88727:deployment:0777110,2015-11-28T10:30:50,2015,11,-62.4105568097373,179.217752949305,,MachineObservation,,
88723_Eden2009:deployment:0783608,2008-12-17T21:02:00,2008,12,-57.8604885166474,172.37502770691,,MachineObservation,,
88728_Eden2009:deployment:0785437,2008-12-16T12:51:00,2008,12,-62.6589579826707,158.195945052082,,MachineObservation,,
88729_Eden2009:deployment:0786729,2008-12-28T14:40:00,2008,12,-63.5129027790893,118.245302148946,,MachineObservation,,
88728_Eden2009:deployment:0785798,2009-01-15T14:51:00,2009,1,-63.7384464261265,159.252332108145,,MachineObservation,,
13440_131190:deployment:0776291,2015-11-28T20:31:20,2015,11,-56.1324796766602,178.475396314451,,MachineObservation,,
13440_131190:deployment:0776393,2015-12-07T08:31:20,2015,12,-61.5322681453709,177.726796311926,,MachineObservation,,
88725_Eden2009:deployment:0784667,2008-12-25T16:04:00,2008,12,-62.6002173580431,157.796192074634,,MachineObservation,,
88732_Eden2009:deployment:0787479,2008-11-18T19:33:00,2008,11,-45.9294561930105,164.102340073824,,MachineObservation,,
98129_JIP2010:deployment:0792116,2010-12-23T12:44:00,2010,12,-56.3054865502012,165.372831327753,,MachineObservation,,
88729_Eden2009:deployment:0786263,2008-11-19T18:40:00,2008,11,-48.3659881404834,135.255805644102,,MachineObservation,,
88728_Eden2009:deployment:0785370,2008-12-10T22:51:00,2008,12,-61.9561412537803,156.839894532022,,MachineObservation,,
88741_Eden2009:deployment:0789479,2008-12-30T17:13:00,2008,12,-62.836172594554,160.16446531134,,MachineObservation,,
88741_Eden2009:deployment:0790290,2009-03-08T07:13:00,2009,3,-64.962893625446,163.718593788452,,MachineObservation,,
88729_Eden2009:deployment:0786856,2009-01-08T04:40:00,2009,1,-64.7001997162088,120.572500431923,,MachineObservation,,
88729_Eden2009:deployment:0787156,2009-02-02T04:40:00,2009,2,-61.2672661233608,101.502458422763,,MachineObservation,,
88729_Eden2009:deployment:0786624,2008-12-19T20:40:00,2008,12,-63.4908166322377,119.488769502276,,MachineObservation,,
88741_Eden2009:deployment:0789619,2009-01-11T09:13:00,2009,1,-62.6802427126388,156.998780822276,,MachineObservation,,
98129_JIP2010:deployment:0792119,2010-12-23T18:44:00,2010,12,-56.4710099160012,165.59072631023,,MachineObservation,,
urn:catalog:AADC:SOWS:SOWS-100689,1999-01-08 00:00:00Z,1999,1,-63.27,103.31,2,HumanObservation,,AADC
88732_Eden2009:deployment:0787428,2008-11-14T13:33:00,2008,11,-45.8589702319085,164.080177713298,,MachineObservation,,
urn:catalog:AADC:SOWS:SOWS-92584,2002-02-05 23:49:00Z,2002,2,-63.46,84.19,4,HumanObservation,,AADC
88728_Eden2009:deployment:0785985,2009-01-31T04:51:00,2009,1,-64.7851104789748,158.615099685797,,MachineObservation,,
88741_Eden2009:deployment:0789269,2008-12-13T05:13:00,2008,12,-59.7985483130798,167.683733533724,,MachineObservation,,
88733_Eden2009:deployment:0787826,2008-11-13T11:00:00,2008,11,-48.0930576623547,158.878208864059,,MachineObservation,,
88729_Eden2009:deployment:0787078,2009-01-26T16:40:00,2009,1,-62.7461354589685,103.139563619427,,MachineObservation,,
88725_Eden2009:deployment:0784742,2008-12-31T22:04:00,2008,12,-62.4096393682603,152.812250670883,,MachineObservation,,
88738_Eden2009:deployment:0788665,2008-12-15T05:06:00,2008,12,-63.7574849622708,149.452492506371,,MachineObservation,,
13440_131178:deployment:0769152,2015-11-30T07:30:49,2015,11,-49.4074309668657,176.928788280898,,MachineObservation,,
13440_131190:deployment:0776477,2015-12-14T08:31:20,2015,12,-63.4753271977515,178.132516797649,,MachineObservation,,
88718_Eden2009:deployment:0782586,2008-12-25T00:34:00,2008,12,-52.389152029291,162.300005855604,,MachineObservation,,
88725_Eden2009:deployment:0784895,2009-01-13T16:04:00,2009,1,-62.5939543090571,150.222628595056,,MachineObservation,,
urn:catalog:AADC:WC:5757,1937-01-01 00:00:00+00,1937,1,-61.5,87.5,104,HumanObservation,,AADC
88728_Eden2009:deployment:0785161,2008-11-23T12:51:00,2008,11,-51.2782831709486,154.705694048812,,MachineObservation,,
64235_JIP2010:deployment:0781459,2010-11-25T05:10:00,2010,11,-60.6112222979225,157.808394222655,,MachineObservation,,
98129_JIP2010:deployment:0791939,2010-12-08T18:44:00,2010,12,-48.8120357276446,153.588511339588,,MachineObservation,,
88729_Eden2009:deployment:0787168,2009-02-03T04:40:00,2009,2,-60.8636084074818,101.240633269876,,MachineObservation,,
88741_Eden2009:deployment:0789168,2008-12-04T19:13:00,2008,12,-52.6232689723079,170.537880745611,,MachineObservation,,
88741_Eden2009:deployment:0789646,2009-01-13T15:13:00,2009,1,-62.6969455860128,155.993243885844,,MachineObservation,,
98114_JIP2010:deployment:0791244,2010-12-05T12:15:00,2010,12,-61.5987944123496,157.404303083266,,MachineObservation,,
88732_Eden2009:deployment:0787515,2008-11-21T19:33:00,2008,11,-46.1619702425868,164.653199580589,,MachineObservation,,
13440_131178:deployment:0769254,2015-12-08T19:30:49,2015,12,-52.1118289620781,177.332908750984,,MachineObservation,,
88725_Eden2009:deployment:0784385,2008-12-02T04:04:00,2008,12,-49.8566828657867,152.992477777371,,MachineObservation,,
88718_Eden2009:deployment:0782575,2008-12-24T02:34:00,2008,12,-51.8496611827041,161.4212640555,,MachineObservation,,
88729_Eden2009:deployment:0786893,2009-01-11T06:40:00,2009,1,-64.5668584528588,118.683724543311,,MachineObservation,,
88729_Eden2009:deployment:0786998,2009-01-20T00:40:00,2009,1,-63.3401151594319,106.176481348067,,MachineObservation,,
98129_JIP2010:deployment:0791876,2010-12-03T12:44:00,2010,12,-46.815605138843,148.635883817799,,MachineObservation,,
64235_JIP2010:deployment:0781428,2010-11-22T15:10:00,2010,11,-60.2042775820819,157.596301506404,,MachineObservation,,
98129_JIP2010:deployment:0792222,2011-01-01T08:44:00,2011,1,-62.0812115161229,169.156793742451,,MachineObservation,,
13440_131190:deployment:0776397,2015-12-07T16:31:20,2015,12,-61.6156933001621,177.638393287006,,MachineObservation,,
88728_Eden2009:deployment:0785199,2008-11-26T16:51:00,2008,11,-53.0804107516356,156.206277601031,,MachineObservation,,
13440_131178:deployment:0769095,2015-11-25T13:30:49,2015,11,-48.468962602984,176.957360611693,,MachineObservation,,
88741_Eden2009:deployment:0789363,2008-12-21T01:13:00,2008,12,-61.7569126372789,164.127903575766,,MachineObservation,,
13440_131178:deployment:0769302,2015-12-12T19:30:49,2015,12,-55.0512999347349,177.309444458248,,MachineObservation,,
98129_JIP2010:deployment:0792295,2011-01-07T10:44:00,2011,1,-64.406747792317,170.270476992397,,MachineObservation,,
98129_JIP2010:deployment:0791935,2010-12-08T10:44:00,2010,12,-48.6204031911946,153.245366467913,,MachineObservation,,
88741_Eden2009:deployment:0789623,2009-01-11T17:13:00,2009,1,-62.8091704102702,156.695706961605,,MachineObservation,,
88738_Eden2009:deployment:0788641,2008-12-13T05:06:00,2008,12,-63.6454187739691,150.332144829786,,MachineObservation,,
88723_Eden2009:deployment:0783797,2009-01-02T15:02:00,2009,1,-63.2791006999976,168.076152643605,,MachineObservation,,
88728_Eden2009:deployment:0785378,2008-12-11T14:51:00,2008,12,-62.0167894164109,156.843039989659,,MachineObservation,,
88728_Eden2009:deployment:0785115,2008-11-19T16:51:00,2008,11,-48.3373965468082,152.169303079452,,MachineObservation,,
88725_Eden2009:deployment:0784868,2009-01-11T10:04:00,2009,1,-62.281348734209,150.416998178071,,MachineObservation,,
88741_Eden2009:deployment:0789678,2009-01-16T07:13:00,2009,1,-62.8589273334598,156.286082339845,,MachineObservation,,
88728_Eden2009:deployment:0785495,2008-12-21T08:51:00,2008,12,-64.1594539245919,157.936558161781,,MachineObservation,,
88729_Eden2009:deployment:0787044,2009-01-23T20:40:00,2009,1,-63.4803753634514,103.562704396474,,MachineObservation,,
64235_JIP2010:deployment:0781437,2010-11-23T09:10:00,2010,11,-60.1026326281978,157.480688992169,,MachineObservation,,
88729_Eden2009:deployment:0786533,2008-12-12T06:40:00,2008,12,-62.8995976014559,119.02963603627,,MachineObservation,,
88729_Eden2009:deployment:0786703,2008-12-26T10:40:00,2008,12,-63.3057942612804,119.567210305006,,MachineObservation,,
88729_Eden2009:deployment:0787064,2009-01-25T12:40:00,2009,1,-62.8543823120145,103.230224245906,,MachineObservation,,
in2017_v01_09936,2017-02-14T01:21:00Z,,,-64.54639,119.20389,2,HumanObservation,,Macquarie University
88732_Eden2009:deployment:0787531,2008-11-23T03:33:00,2008,11,-46.6732070743362,165.100969508751,,MachineObservation,,
urn:catalog:AADC:WC:5687,1935-01-01 00:00:00+00,1935,1,-63.5,85.5,10,HumanObservation,,AADC
88729_Eden2009:deployment:0787006,2009-01-20T16:40:00,2009,1,-63.2023398436159,106.129203037188,,MachineObservation,,
88741_Eden2009:deployment:0789420,2008-12-25T19:13:00,2008,12,-63.26266145722,162.565462003416,,MachineObservation,,
88728_Eden2009:deployment:0785226,2008-11-28T22:51:00,2008,11,-54.6862936405077,156.933545539983,,MachineObservation,,
urn:catalog:AADC:WC:5907,1939-01-01 00:00:00+00,1939,1,-61.5,102.5,33,HumanObservation,,AADC
88729_Eden2009:deployment:0786579,2008-12-16T02:40:00,2008,12,-63.0946339947925,119.446281297292,,MachineObservation,,
88729_Eden2009:deployment:0786837,2009-01-06T14:40:00,2009,1,-64.6615150088198,120.694602187035,,MachineObservation,,
88732_Eden2009:deployment:0787401,2008-11-12T07:33:00,2008,11,-45.4488002089472,162.101541313784,,MachineObservation,,
88725_Eden2009:deployment:0784539,2008-12-15T00:04:00,2008,12,-62.0493732539452,156.081288451251,,MachineObservation,,
urn:catalog:AADC:SOWS:SOWS-92576,2002-02-05 07:19:00Z,2002,2,-62.67,92.88,2,HumanObservation,,AADC
88729_Eden2009:deployment:0786544,2008-12-13T04:40:00,2008,12,-62.9752197381184,119.256324098279,,MachineObservation,,
urn:catalog:AADC:WC:5929,1950-01-01 00:00:00+00,1950,1,-60.5,87.5,25,HumanObservation,,AADC
88741_Eden2009:deployment:0789517,2009-01-02T21:13:00,2009,1,-62.48962074066,158.377158829722,,MachineObservation,,
88741_Eden2009:deployment:0789727,2009-01-20T09:13:00,2009,1,-63.6462286710236,155.41953210633,,MachineObservation,,
88741_Eden2009:deployment:0790122,2009-02-22T07:13:00,2009,2,-64.8599854779802,163.636750627015,,MachineObservation,,
13440_131178:deployment:0769092,2015-11-25T07:30:49,2015,11,-48.3584332929586,177.085646548858,,MachineObservation,,
88725_Eden2009:deployment:0784391,2008-12-02T16:04:00,2008,12,-50.5383988733656,153.591930752814,,MachineObservation,,
88723_Eden2009:deployment:0783874,2009-01-09T01:02:00,2009,1,-63.5026408215771,168.444701957662,,MachineObservation,,
88725_Eden2009:deployment:0784473,2008-12-09T12:04:00,2008,12,-58.0878221612503,157.90465081211,,MachineObservation,,
88725_Eden2009:deployment:0784847,2009-01-09T16:04:00,2009,1,-62.3657177672495,150.309878785954,,MachineObservation,,
88729_Eden2009:deployment:0787171,2009-02-03T10:40:00,2009,2,-60.7818739560558,101.207585592839,,MachineObservation,,
88741_Eden2009:deployment:0789264,2008-12-12T19:13:00,2008,12,-59.5358832078845,167.964396274102,,MachineObservation,,
88738_Eden2009:deployment:0788726,2008-12-20T07:06:00,2008,12,-64.1443695167106,148.686369441212,,MachineObservation,,
urn:catalog:AADC:WC:5950,1952-01-01 00:00:00+00,1952,1,-61.5,82.5,14,HumanObservation,,AADC
98129_JIP2010:deployment:0791917,2010-12-06T22:44:00,2010,12,-47.9791210222122,151.529335331962,,MachineObservation,,
88723_Eden2009:deployment:0783686,2008-12-24T09:02:00,2008,12,-62.9302255237542,170.709435296086,,MachineObservation,,
98129_JIP2010:deployment:0791961,2010-12-10T14:44:00,2010,12,-49.3715288307571,155.33645610709,,MachineObservation,,
urn:catalog:AADC:WC:5892,1939-01-01 00:00:00+00,1939,1,-60.5,101.5,20,HumanObservation,,AADC
88741_Eden2009:deployment:0789410,2008-12-24T23:13:00,2008,12,-63.0552484500195,162.978208955517,,MachineObservation,,
88729_Eden2009:deployment:0786892,2009-01-11T04:40:00,2009,1,-64.5427023592441,118.776271682247,,MachineObservation,,
88738_Eden2009:deployment:0788481,2008-11-29T21:06:00,2008,11,-58.0582683364533,153.033273737671,,MachineObservation,,
88725_Eden2009:deployment:0784753,2009-01-01T20:04:00,2009,1,-62.0481303717738,152.433240176695,,MachineObservation,,
88723_Eden2009:deployment:0783519,2008-12-10T11:02:00,2008,12,-50.205714853329,169.023720722357,,MachineObservation,,
88729_Eden2009:deployment:0786462,2008-12-06T08:40:00,2008,12,-60.7935571138962,120.945091556003,,MachineObservation,,
88729_Eden2009:deployment:0786249,2008-11-18T14:40:00,2008,11,-47.5953179315962,136.425555600203,,MachineObservation,,
98114_JIP2010:deployment:0791165,2010-11-28T22:15:00,2010,11,-60.9534283295779,158.113054778829,,MachineObservation,,
13440_131178:deployment:0769086,2015-11-24T19:30:49,2015,11,-48.1481707726675,177.065858632598,,MachineObservation,,
urn:catalog:AADC:WC:5911,1939-01-01 00:00:00+00,1939,1,-62.5,98.5,3,HumanObservation,,AADC
88723_Eden2009:deployment:0783497,2008-12-08T15:02:00,2008,12,-47.9169050333618,167.680790009401,,MachineObservation,,
NZHB-119,1994-07-18,,,-45.4667,170.85,1,HumanObservation,Humpback whale sightings around New Zealand 1970-1999,DoC
88729_Eden2009:deployment:0786793,2009-01-02T22:40:00,2009,1,-64.7767089269861,119.558811891511,,MachineObservation,,
98129_JIP2010:deployment:0792197,2010-12-30T06:44:00,2010,12,-60.0755913909636,169.691638955885,,MachineObservation,,
88741_Eden2009:deployment:0789533,2009-01-04T05:13:00,2009,1,-62.4144323307655,158.030773360148,,MachineObservation,,
88728_Eden2009:deployment:0785160,2008-11-23T10:51:00,2008,11,-51.2226213277725,154.61615201152,,MachineObservation,,
64235_JIP2010:deployment:0781350,2010-11-16T03:10:00,2010,11,-52.1840991115492,153.599554578538,,MachineObservation,,
88738_Eden2009:deployment:0788633,2008-12-12T13:06:00,2008,12,-63.5352492972974,150.733056781133,,MachineObservation,,
98114_JIP2010:deployment:0790964,2010-11-12T04:15:00,2010,11,-45.5959670681673,160.237055360298,,MachineObservation,,
88741_Eden2009:deployment:0789305,2008-12-16T05:13:00,2008,12,-62.2244302676296,164.857052557739,,MachineObservation,,
88729_Eden2009:deployment:0787175,2009-02-03T18:40:00,2009,2,-60.8767280897179,100.973152436873,,MachineObservation,,
13440_131178:deployment:0769228,2015-12-06T15:30:49,2015,12,-50.7971949664551,177.873398373403,,MachineObservation,,
in2017_v01_09916,2017-02-04T23:00:00Z,,,-64.9692,119.0025,1,HumanObservation,,Macquarie University
88728_Eden2009:deployment:0785986,2009-01-31T06:51:00,2009,1,-64.8131195649688,158.613959465686,,MachineObservation,,
88728_Eden2009:deployment:0785284,2008-12-03T18:51:00,2008,12,-57.6624917413689,156.775599471906,,MachineObservation,,
urn:catalog:AADC:WC:5652,1935-01-01 00:00:00+00,1935,1,-60.5,88.5,23,HumanObservation,,AADC
98114_JIP2010:deployment:0791215,2010-12-03T02:15:00,2010,12,-61.1852530064784,157.754241811922,,MachineObservation,,
88723_Eden2009:deployment:0783844,2009-01-06T13:02:00,2009,1,-63.1362313170693,167.928071345023,,MachineObservation,,
88741_Eden2009:deployment:0789847,2009-01-30T09:13:00,2009,1,-64.7766210825714,161.713848102775,,MachineObservation,,
https://www.inaturalist.org/observations/250092312,2017-01-28T14:56:00+08:00,,,-64.3445206667,117.649126667,,HumanObservation,iNaturalist research-grade observations,iNaturalist
13440_88727:deployment:0777098,2015-11-27T10:30:50,2015,11,-61.8644953848959,179.980746050767,,MachineObservation,,
88728_Eden2009:deployment:0785246,2008-11-30T14:51:00,2008,11,-55.4270038855434,156.558499336519,,MachineObservation,,
88729_Eden2009:deployment:0786573,2008-12-15T14:40:00,2008,12,-63.0586799649801,119.528814252482,,MachineObservation,,
88729_Eden2009:deployment:0786631,2008-12-20T10:40:00,2008,12,-63.234457489219,119.525113308803,,MachineObservation,,
88725_Eden2009:deployment:0784755,2009-01-02T00:04:00,2009,1,-61.9741497145277,152.37350735797,,MachineObservation,,
88728_Eden2009:deployment:0785733,2009-01-10T04:51:00,2009,1,-62.1912877374023,154.235593845681,,MachineObservation,,
88718_Eden2009:deployment:0782574,2008-12-24T00:34:00,2008,12,-51.8020724366191,161.339545497828,,MachineObservation,,
64235_JIP2010:deployment:0781425,2010-11-22T09:10:00,2010,11,-60.1666362015511,157.611162226483,,MachineObservation,,
88729_Eden2009:deployment:0787163,2009-02-02T18:40:00,2009,2,-61.1056336627347,101.37229822246,,MachineObservation,,
98129_JIP2010:deployment:0792173,2010-12-28T06:44:00,2010,12,-58.0843653580417,169.960220229695,,MachineObservation,,
13440_88727:deployment:0777144,2015-12-01T06:30:50,2015,12,-63.5381105050104,179.545844391549,,MachineObservation,,
88729_Eden2009:deployment:0786519,2008-12-11T02:40:00,2008,12,-62.4426702047426,118.925681962907,,MachineObservation,,
88729_Eden2009:deployment:0786528,2008-12-11T20:40:00,2008,12,-62.8437486365329,118.874020428094,,MachineObservation,,
88729_Eden2009:deployment:0787079,2009-01-26T18:40:00,2009,1,-62.7338429026323,103.319539405734,,MachineObservation,,
88723_Eden2009:deployment:0783598,2008-12-17T01:02:00,2008,12,-57.0516885945807,173.185726627644,,MachineObservation,,
395515,1999-01-09T22:40,1999,1,-64.0,166.02,1,HumanObservation,Happywhale - Humpback whale in Southern Ocean,Happywhale.com
88723_Eden2009:deployment:0783847,2009-01-06T19:02:00,2009,1,-63.1271113874399,168.016015344227,,MachineObservation,,
88728_Eden2009:deployment:0785108,2008-11-19T02:51:00,2008,11,-47.779303605003,151.930457486258,,MachineObservation,,
98114_JIP2010:deployment:0791070,2010-11-21T00:15:00,2010,11,-56.0438430781198,159.657838028864,,MachineObservation,,
13440_131190:deployment:0776305,2015-11-30T00:31:20,2015,11,-56.2925632080555,178.324706867854,,MachineObservation,,
98129_JIP2010:deployment:0792535,2011-01-27T10:44:00,2011,1,-64.8956969846923,165.312163620251,,MachineObservation,,
13440_131178:deployment:0769042,2015-11-21T03:30:49,2015,11,-46.2106354186775,177.508030779044,,MachineObservation,,
88729_Eden2009:deployment:0786924,2009-01-13T20:40:00,2009,1,-63.9475343180981,115.447936387901,,MachineObservation,,
88728_Eden2009:deployment:0785694,2009-01-06T22:51:00,2009,1,-62.2309561350995,154.709837675439,,MachineObservation,,
88728_Eden2009:deployment:0785419,2008-12-15T00:51:00,2008,12,-61.9781381798354,157.354545715331,,MachineObservation,,
98129_JIP2010:deployment:0792309,2011-01-08T14:44:00,2011,1,-64.9271670731877,170.488830908434,,MachineObservation,,
88741_Eden2009:deployment:0789100,2008-11-29T03:13:00,2008,11,-48.674385992308,168.487862572714,,MachineObservation,,
98114_JIP2010:deployment:0791123,2010-11-25T10:15:00,2010,11,-60.5018337128679,158.780624512398,,MachineObservation,,
88738_Eden2009:deployment:0788530,2008-12-03T23:06:00,2008,12,-60.0322819576025,150.897062490794,,MachineObservation,,
88741_Eden2009:deployment:0789419,2008-12-25T17:13:00,2008,12,-63.2494990707968,162.628932754649,,MachineObservation,,
13440_131190:deployment:0776360,2015-12-04T14:31:20,2015,12,-60.0260604061365,178.481120486793,,MachineObservation,,
88723_Eden2009:deployment:0783565,2008-12-14T07:02:00,2008,12,-53.7689472815965,172.014528084493,,MachineObservation,,
88728_Eden2009:deployment:0785554,2008-12-26T06:51:00,2008,12,-62.3646595782522,155.826859163365,,MachineObservation,,
urn:catalog:AADC:WC:5913,1939-01-01 00:00:00+00,1939,1,-62.5,100.5,9,HumanObservation,,AADC
98129_JIP2010:deployment:0792094,2010-12-21T16:44:00,2010,12,-54.8513572616742,163.622933055474,,MachineObservation,,
64235_JIP2010:deployment:0781346,2010-11-15T19:10:00,2010,11,-51.7795662648324,153.254814573849,,MachineObservation,,
13440_131190:deployment:0776206,2015-11-21T18:31:20,2015,11,-49.8606637008686,178.53920365616,,MachineObservation,,
88723_Eden2009:deployment:0783756,2008-12-30T05:02:00,2008,12,-63.1949639510627,169.865496262945,,MachineObservation,,
98129_JIP2010:deployment:0791842,2010-11-30T16:44:00,2010,11,-45.7701893624293,147.833219430532,,MachineObservation,,
13440_131190:deployment:0776208,2015-11-21T22:31:20,2015,11,-49.9633287581835,178.438484616957,,MachineObservation,,
88729_Eden2009:deployment:0786203,2008-11-14T18:40:00,2008,11,-45.3482625995643,139.715559727167,,MachineObservation,,
88738_Eden2009:deployment:0788568,2008-12-07T03:06:00,2008,12,-61.4458590664552,148.900670866342,,MachineObservation,,
88729_Eden2009:deployment:0787173,2009-02-03T14:40:00,2009,2,-60.8198008987035,101.286341631958,,MachineObservation,,
88729_Eden2009:deployment:0786609,2008-12-18T14:40:00,2008,12,-63.5028278182837,119.543228527447,,MachineObservation,,
88725_Eden2009:deployment:0784501,2008-12-11T20:04:00,2008,12,-60.8746790630501,156.459110584114,,MachineObservation,,
98114_JIP2010:deployment:0791199,2010-12-01T18:15:00,2010,12,-61.0959538361158,157.943512102437,,MachineObservation,,
88741_Eden2009:deployment:0789663,2009-01-15T01:13:00,2009,1,-62.8601778162156,156.165078361596,,MachineObservation,,
88729_Eden2009:deployment:0786513,2008-12-10T14:40:00,2008,12,-62.3574477838228,119.067550379609,,MachineObservation,,
88728_Eden2009:deployment:0785133,2008-11-21T04:51:00,2008,11,-49.6028429204279,152.663871499981,,MachineObservation,,
98114_JIP2010:deployment:0791194,2010-12-01T08:15:00,2010,12,-61.0704202497193,157.966387757835,,MachineObservation,,
88741_Eden2009:deployment:0789564,2009-01-06T19:13:00,2009,1,-62.2450253436406,157.72370630647,,MachineObservation,,
88741_Eden2009:deployment:0789541,2009-01-04T21:13:00,2009,1,-62.4165100564624,157.659228387648,,MachineObservation,,
98114_JIP2010:deployment:0791187,2010-11-30T18:15:00,2010,11,-61.2013111443232,157.9675794761,,MachineObservation,,
88725_Eden2009:deployment:0784574,2008-12-17T22:04:00,2008,12,-62.7272879573874,156.999556362363,,MachineObservation,,
64235_JIP2010:deployment:0781493,2010-11-28T01:10:00,2010,11,-60.9436520346133,157.939993287567,,MachineObservation,,
88729_Eden2009:deployment:0786969,2009-01-17T14:40:00,2009,1,-63.249423033384,110.033056319,,MachineObservation,,
98129_JIP2010:deployment:0792115,2010-12-23T10:44:00,2010,12,-56.2389937085597,165.280475632252,,MachineObservation,,
88725_Eden2009:deployment:0784453,2008-12-07T20:04:00,2008,12,-55.7839780372718,156.265718599224,,MachineObservation,,
98129_JIP2010:deployment:0791991,2010-12-13T02:44:00,2010,12,-51.4123493271201,157.695367037343,,MachineObservation,,
98129_JIP2010:deployment:0792216,2010-12-31T20:44:00,2010,12,-61.8239902895929,169.172890948747,,MachineObservation,,
88729_Eden2009:deployment:0786234,2008-11-17T08:40:00,2008,11,-47.0464901939158,137.570508656568,,MachineObservation,,
88729_Eden2009:deployment:0786935,2009-01-14T18:40:00,2009,1,-63.9784152554029,115.030969705783,,MachineObservation,,
280871,2021-11-23T15:47:57,2021,11,-45.46,166.71,1,HumanObservation,Happywhale - Humpback whale in South Pacific Ocean,Happywhale.com
88725_Eden2009:deployment:0784491,2008-12-11T00:04:00,2008,12,-59.9029782987756,157.090539918331,,MachineObservation,,
urn:catalog:AADC:WC:5575,1933-01-01 00:00:00+00,1933,1,-61.5,85.5,3,HumanObservation,,AADC
88732_Eden2009:deployment:0787559,2008-11-25T11:33:00,2008,11,-48.9365045486513,164.399182462292,,MachineObservation,,
88729_Eden2009:deployment:0786207,2008-11-15T02:40:00,2008,11,-45.5638710654172,139.430513606823,,MachineObservation,,
98114_JIP2010:deployment:0790986,2010-11-14T00:15:00,2010,11,-47.549762923086,160.3393343987,,MachineObservation,,
88728_Eden2009:deployment:0785179,2008-11-25T00:51:00,2008,11,-51.9733137933679,155.509923313757,,MachineObservation,,
98129_JIP2010:deployment:0792127,2010-12-24T10:44:00,2010,12,-56.9002274468769,166.003253684639,,MachineObservation,,
64235_JIP2010:deployment:0781450,2010-11-24T11:10:00,2010,11,-60.5865411420412,157.832492070643,,MachineObservation,,
88728_Eden2009:deployment:0785384,2008-12-12T02:51:00,2008,12,-62.0577916791235,156.958008416677,,MachineObservation,,
88733_Eden2009:deployment:0788010,2008-11-28T19:00:00,2008,11,-59.2712460585862,173.24656595711,,MachineObservation,,
13440_131178:deployment:0769376,2015-12-18T23:30:49,2015,12,-61.1083172221897,179.847084028901,,MachineObservation,,
13440_131190:deployment:0776412,2015-12-08T22:31:20,2015,12,-61.9692263699091,177.08083259423,,MachineObservation,,
88741_Eden2009:deployment:0790314,2009-03-10T07:13:00,2009,3,-64.6881165312393,163.219319370451,,MachineObservation,,
98114_JIP2010:deployment:0791170,2010-11-29T08:15:00,2010,11,-60.9652436946211,158.044722084061,,MachineObservation,,
98114_JIP2010:deployment:0791249,2010-12-05T22:15:00,2010,12,-61.640468344448,157.421573164494,,MachineObservation,,
13440_131190:deployment:0776356,2015-12-04T06:31:20,2015,12,-59.6682058910185,178.685031058376,,MachineObservation,,
98114_JIP2010:deployment:0791189,2010-11-30T22:15:00,2010,11,-61.2370970634863,157.932882349833,,MachineObservation,,
88741_Eden2009:deployment:0789463,2008-12-29T09:13:00,2008,12,-63.0940641896235,160.481123436696,,MachineObservation,,
88741_Eden2009:deployment:0789209,2008-12-08T05:13:00,2008,12,-55.6160419011572,170.601758420266,,MachineObservation,,
98114_JIP2010:deployment:0791096,2010-11-23T04:15:00,2010,11,-59.4030057691928,158.873898436986,,MachineObservation,,
13440_131190:deployment:0776246,2015-11-25T02:31:20,2015,11,-52.749401730352,177.116710257178,,MachineObservation,,
88725_Eden2009:deployment:0784865,2009-01-11T04:04:00,2009,1,-62.2208307979997,150.394729147431,,MachineObservation,,
64235_JIP2010:deployment:0781272,2010-11-09T15:10:00,2010,11,-46.2238419236623,148.818005325013,,MachineObservation,,
88723_Eden2009:deployment:0783518,2008-12-10T09:02:00,2008,12,-50.0879186422661,168.944247501608,,MachineObservation,,
88725_Eden2009:deployment:0784850,2009-01-09T22:04:00,2009,1,-62.3729026590547,150.106998703378,,MachineObservation,,
88733_Eden2009:deployment:0787761,2008-11-08T01:00:00,2008,11,-45.3085927523716,152.766376101988,,MachineObservation,,
88729_Eden2009:deployment:0786566,2008-12-15T00:40:00,2008,12,-62.994719024936,119.497383231413,,MachineObservation,,
98114_JIP2010:deployment:0791238,2010-12-05T00:15:00,2010,12,-61.4733942046809,157.443475745139,,MachineObservation,,
88725_Eden2009:deployment:0784543,2008-12-15T08:04:00,2008,12,-62.2221317311585,156.265943819321,,MachineObservation,,
88723_Eden2009:deployment:0783625,2008-12-19T07:02:00,2008,12,-59.4030582216322,171.863828035116,,MachineObservation,,
urn:catalog:AADC:WC:5598,1934-01-01 00:00:00+00,1934,1,-59.5,85.5,2,HumanObservation,,AADC
88728_Eden2009:deployment:0785405,2008-12-13T20:51:00,2008,12,-61.9510141613047,156.758363986637,,MachineObservation,,
395516,1999-02-15,1999,2,-62.36,98.44,1,HumanObservation,Happywhale - Humpback whale in Southern Ocean,Happywhale.com
88741_Eden2009:deployment:0789568,2009-01-07T03:13:00,2009,1,-62.2166706988438,157.862300850014,,MachineObservation,,
88741_Eden2009:deployment:0790398,2009-03-17T07:13:00,2009,3,-64.9610258504502,165.072570901153,,MachineObservation,,
88728_Eden2009:deployment:0785442,2008-12-16T22:51:00,2008,12,-62.9668543293318,157.945053092662,,MachineObservation,,
88732_Eden2009:deployment:0787586,2008-11-27T17:33:00,2008,11,-51.0343462334152,163.378215017026,,MachineObservation,,
88729_Eden2009:deployment:0786803,2009-01-03T18:40:00,2009,1,-64.9501341285236,119.869422604443,,MachineObservation,,
88728_Eden2009:deployment:0785142,2008-11-21T22:51:00,2008,11,-50.1734847460657,153.374096079557,,MachineObservation,,
urn:catalog:AADC:WC:5614,1934-01-01 00:00:00+00,1934,1,-63.5,90.5,13,HumanObservation,,AADC
88725_Eden2009:deployment:0784462,2008-12-08T14:04:00,2008,12,-56.8841182055307,157.003939241603,,MachineObservation,,
98129_JIP2010:deployment:0792059,2010-12-18T18:44:00,2010,12,-53.7812575778334,162.65508364634,,MachineObservation,,
88723_Eden2009:deployment:0783697,2008-12-25T07:02:00,2008,12,-63.0823954446546,170.665370117249,,MachineObservation,,
13440_131190:deployment:0776339,2015-12-02T20:31:20,2015,12,-58.3451708955499,178.923728182024,,MachineObservation,,
88733_Eden2009:deployment:0787780,2008-11-09T15:00:00,2008,11,-46.5672879821452,155.232828606336,,MachineObservation,,
98129_JIP2010:deployment:0792235,2011-01-02T10:44:00,2011,1,-62.2363509086468,169.55956744196,,MachineObservation,,
88729_Eden2009:deployment:0786550,2008-12-13T16:40:00,2008,12,-62.9733104692397,119.333267579639,,MachineObservation,,
13440_131178:deployment:0769340,2015-12-15T23:30:49,2015,12,-58.0082680766699,177.89574109949,,MachineObservation,,
88733_Eden2009:deployment:0787922,2008-11-21T11:00:00,2008,11,-53.618079719567,167.758414218733,,MachineObservation,,
88718_Eden2009:deployment:0782746,2009-01-07T08:34:00,2009,1,-64.8709981050508,179.305179627662,,MachineObservation,,
64235_JIP2010:deployment:0781409,2010-11-21T01:10:00,2010,11,-58.6580086973888,157.619944072395,,MachineObservation,,
13440_131178:deployment:0769131,2015-11-28T13:30:49,2015,11,-49.285432873178,176.968655268901,,MachineObservation,,
88725_Eden2009:deployment:0784674,2008-12-26T06:04:00,2008,12,-62.7502149441845,158.232856659737,,MachineObservation,,
88733_Eden2009:deployment:0788033,2008-11-30T17:00:00,2008,11,-60.673602857962,174.667324432769,,MachineObservation,,
urn:catalog:AADC:SOWS:SOWS-93608,1996-01-25 23:24:20Z,1996,1,-62.76558,99.32767,1,HumanObservation,,AADC
88723_Eden2009:deployment:0783559,2008-12-13T19:02:00,2008,12,-53.193826147743,171.659552595897,,MachineObservation,,
88728_Eden2009:deployment:0785746,2009-01-11T06:51:00,2009,1,-62.5422071356327,155.277911900188,,MachineObservation,,
88723_Eden2009:deployment:0783853,2009-01-07T07:02:00,2009,1,-63.1476730209019,168.126583335856,,MachineObservation,,
88741_Eden2009:deployment:0789141,2008-12-02T13:13:00,2008,12,-50.5127239617275,170.544331201087,,MachineObservation,,
98114_JIP2010:deployment:0791155,2010-11-28T02:15:00,2010,11,-60.8982092277646,158.182356564096,,MachineObservation,,
98114_JIP2010:deployment:0791245,2010-12-05T14:15:00,2010,12,-61.6057296281355,157.385123828792,,MachineObservation,,
NZHB-126,1998-06-25,,,-45.9167,170.5333,4,HumanObservation,Humpback whale sightings around New Zealand 1970-1999,DoC
88738_Eden2009:deployment:0788728,2008-12-20T11:06:00,2008,12,-64.1788186908184,148.504581684804,,MachineObservation,,
88729_Eden2009:deployment:0786480,2008-12-07T20:40:00,2008,12,-61.1602103929154,120.436939051088,,MachineObservation,,
88732_Eden2009:deployment:0787542,2008-11-24T01:33:00,2008,11,-47.4247838883046,165.222980043712,,MachineObservation,,
13440_131190:deployment:0776292,2015-11-28T22:31:20,2015,11,-56.1572696171217,178.433281671674,,MachineObservation,,
88728_Eden2009:deployment:0785165,2008-11-23T20:51:00,2008,11,-51.4581601410412,154.99728956724,,MachineObservation,,
395820,1999-02-15T12:30,1999,2,-62.41,97.15,1,HumanObservation,Happywhale - Humpback whale in Southern Ocean,Happywhale.com
88729_Eden2009:deployment:0786792,2009-01-02T20:40:00,2009,1,-64.7512174972455,119.542875808943,,MachineObservation,,
88729_Eden2009:deployment:0786670,2008-12-23T16:40:00,2008,12,-63.5931165707557,119.963298050863,,MachineObservation,,
88723_Eden2009:deployment:0783568,2008-12-14T13:02:00,2008,12,-54.0468541028147,172.25613388115,,MachineObservation,,
urn:catalog:AADC:WC:5722,1936-01-01 00:00:00+00,1936,1,-62.5,91.5,6,HumanObservation,,AADC
88725_Eden2009:deployment:0784646,2008-12-23T22:04:00,2008,12,-62.9828553279072,157.267796686155,,MachineObservation,,
88723_Eden2009:deployment:0783748,2008-12-29T13:02:00,2008,12,-63.137599806197,169.723050515778,,MachineObservation,,
88718_Eden2009:deployment:0782697,2009-01-03T06:34:00,2009,1,-61.9725009834119,175.751316309931,,MachineObservation,,
88729_Eden2009:deployment:0787010,2009-01-21T00:40:00,2009,1,-63.0865798002401,105.597204954783,,MachineObservation,,
88738_Eden2009:deployment:0788698,2008-12-17T23:06:00,2008,12,-63.9796368486507,149.107473120708,,MachineObservation,,
88725_Eden2009:deployment:0784829,2009-01-08T04:04:00,2009,1,-62.4425303851875,150.835966511498,,MachineObservation,,
88738_Eden2009:deployment:0788447,2008-11-27T01:06:00,2008,11,-53.9731482000478,152.879289752333,,MachineObservation,,
13440_131190:deployment:0776484,2015-12-14T22:31:20,2015,12,-63.5481465014956,178.7111250393,,MachineObservation,,
98129_JIP2010:deployment:0792236,2011-01-02T12:44:00,2011,1,-62.3305509614991,169.545099476473,,MachineObservation,,
88728_Eden2009:deployment:0785423,2008-12-15T08:51:00,2008,12,-62.1589943390864,157.47455502253,,MachineObservation,,
98114_JIP2010:deployment:0790962,2010-11-12T00:15:00,2010,11,-45.4326783049529,160.180945297669,,MachineObservation,,
88729_Eden2009:deployment:0786381,2008-11-29T14:40:00,2008,11,-55.9712479683098,127.636864995058,,MachineObservation,,
88741_Eden2009:deployment:0789575,2009-01-07T17:13:00,2009,1,-62.3932673444277,157.761587098385,,MachineObservation,,
88725_Eden2009:deployment:0784726,2008-12-30T14:04:00,2008,12,-62.572220241323,153.103757005841,,MachineObservation,,
88725_Eden2009:deployment:0784438,2008-12-06T14:04:00,2008,12,-54.404808125611,154.607540794161,,MachineObservation,,
88732_Eden2009:deployment:0787488,2008-11-19T13:33:00,2008,11,-45.8488218286911,164.114540532139,,MachineObservation,,
13440_131190:deployment:0776344,2015-12-03T06:31:20,2015,12,-58.8059927646696,178.756314589014,,MachineObservation,,
88728_Eden2009:deployment:0785187,2008-11-25T16:51:00,2008,11,-52.3038589951292,155.795226349891,,MachineObservation,,
urn:catalog:AADC:SOWS:SOWS-93236,2000-01-14 04:04:25Z,2000,1,-59.78,101.37,1,HumanObservation,,AADC
13440_88727:deployment:0777102,2015-11-27T18:30:50,2015,11,-62.0448137675211,179.980404691896,,MachineObservation,,
88729_Eden2009:deployment:0786654,2008-12-22T08:40:00,2008,12,-63.5340823880065,119.885084757846,,MachineObservation,,
88741_Eden2009:deployment:0789295,2008-12-15T09:13:00,2008,12,-61.8324234785522,165.623205024997,,MachineObservation,,
98114_JIP2010:deployment:0791059,2010-11-20T02:15:00,2010,11,-55.059780846753,159.366565861128,,MachineObservation,,
88725_Eden2009:deployment:0784803,2009-01-06T00:04:00,2009,1,-61.7594378497907,151.270602249189,,MachineObservation,,
88733_Eden2009:deployment:0787774,2008-11-09T03:00:00,2008,11,-46.2406999139204,154.561059880976,,MachineObservation,,
88725_Eden2009:deployment:0784511,2008-12-12T16:04:00,2008,12,-61.3182997503945,156.104709015688,,MachineObservation,,
88728_Eden2009:deployment:0785699,2009-01-07T08:51:00,2009,1,-62.4065093391689,154.395241258508,,MachineObservation,,
88741_Eden2009:deployment:0789341,2008-12-19T05:13:00,2008,12,-61.8805085704324,164.14308693278,,MachineObservation,,
88729_Eden2009:deployment:0786373,2008-11-28T22:40:00,2008,11,-55.6446793808734,128.528660624741,,MachineObservation,,
88741_Eden2009:deployment:0789477,2008-12-30T13:13:00,2008,12,-62.9785654089082,160.358944218173,,MachineObservation,,
88741_Eden2009:deployment:0789622,2009-01-11T15:13:00,2009,1,-62.7738380348848,156.755661007116,,MachineObservation,,
88723_Eden2009:deployment:0783605,2008-12-17T15:02:00,2008,12,-57.7035716775713,172.686334414969,,MachineObservation,,
88729_Eden2009:deployment:0786406,2008-12-01T16:40:00,2008,12,-57.2779033836551,124.912177059378,,MachineObservation,,
urn:catalog:AADC:WC:5826,1938-01-01 00:00:00+00,1938,1,-59.5,99.5,1,HumanObservation,,AADC
98114_JIP2010:deployment:0791079,2010-11-21T18:15:00,2010,11,-57.1897673078554,159.728535713647,,MachineObservation,,
88728_Eden2009:deployment:0785673,2009-01-05T04:51:00,2009,1,-62.1605533004984,155.940950066018,,MachineObservation,,
88728_Eden2009:deployment:0785678,2009-01-05T14:51:00,2009,1,-62.2324006500066,155.38883035541,,MachineObservation,,
13440_131190:deployment:0776493,2015-12-15T16:31:20,2015,12,-63.7102838214974,179.175733526091,,MachineObservation,,
urn:catalog:AADC:SOWS:SOWS-93806,1996-02-16 13:11:04Z,1996,2,-63.25129,108.3236,2,HumanObservation,,AADC
98129_JIP2010:deployment:0791931,2010-12-08T02:44:00,2010,12,-48.4964782172149,152.800945330517,,MachineObservation,,
88732_Eden2009:deployment:0787459,2008-11-17T03:33:00,2008,11,-45.9211274363983,164.309700260385,,MachineObservation,,
urn:catalog:AADC:WC:5636,1935-01-01 00:00:00+00,1935,1,-59.5,89.5,3,HumanObservation,,AADC
88729_Eden2009:deployment:0786717,2008-12-27T14:40:00,2008,12,-63.7187769893415,119.697318046954,,MachineObservation,,
88718_Eden2009:deployment:0782730,2009-01-06T00:34:00,2009,1,-63.9438285181903,177.727192892381,,MachineObservation,,
88738_Eden2009:deployment:0788407,2008-11-23T17:06:00,2008,11,-50.31754730371,149.836296830101,,MachineObservation,,
88723_Eden2009:deployment:0783589,2008-12-16T07:02:00,2008,12,-56.1429187662885,173.236663305764,,MachineObservation,,
88729_Eden2009:deployment:0786747,2008-12-30T02:40:00,2008,12,-64.0285812756095,118.909324781975,,MachineObservation,,
88725_Eden2009:deployment:0784346,2008-11-28T22:04:00,2008,11,-45.7611887931916,150.507617602152,,MachineObservation,,
urn:catalog:AADC:WC:5870,1938-01-01 00:00:00+00,1938,1,-63.5,90.5,1,HumanObservation,,AADC
88723_Eden2009:deployment:0783567,2008-12-14T11:02:00,2008,12,-53.9555680983717,172.169232387507,,MachineObservation,,
88732_Eden2009:deployment:0787392,2008-11-11T13:33:00,2008,11,-45.1622792940543,161.107984312316,,MachineObservation,,
AAE-331-3100,2014-01-07T00:45:00Z,,,-64.2265,112.85583,6,HumanObservation,,
88723_Eden2009:deployment:0783477,2008-12-06T23:02:00,2008,12,-46.0888291005999,166.073014002384,,MachineObservation,,
88728_Eden2009:deployment:0785332,2008-12-07T18:51:00,2008,12,-61.3806915375038,156.372026532158,,MachineObservation,,
88729_Eden2009:deployment:0786338,2008-11-26T00:40:00,2008,11,-53.0573625741805,131.292103902042,,MachineObservation,,
88725_Eden2009:deployment:0784731,2008-12-31T00:04:00,2008,12,-62.3025431433437,152.913854308681,,MachineObservation,,
88729_Eden2009:deployment:0786202,2008-11-14T16:40:00,2008,11,-45.2907294645356,139.785812152715,,MachineObservation,,
64235_JIP2010:deployment:0781430,2010-11-22T19:10:00,2010,11,-60.190330864844,157.576477570569,,MachineObservation,,
98114_JIP2010:deployment:0791017,2010-11-16T14:15:00,2010,11,-50.7316417102468,159.864669077946,,MachineObservation,,
88729_Eden2009:deployment:0786789,2009-01-02T14:40:00,2009,1,-64.6455170573702,119.467447128853,,MachineObservation,,
13440_131178:deployment:0769148,2015-11-29T23:30:49,2015,11,-49.4161857397843,176.980789725194,,MachineObservation,,
88723_Eden2009:deployment:0783708,2008-12-26T05:02:00,2008,12,-63.4504914603704,170.194134493086,,MachineObservation,,
98129_JIP2010:deployment:0792035,2010-12-16T18:44:00,2010,12,-53.5279736170839,160.325210839422,,MachineObservation,,
88741_Eden2009:deployment:0789086,2008-11-27T23:13:00,2008,11,-47.8470427579841,167.735925691085,,MachineObservation,,
98129_JIP2010:deployment:0792077,2010-12-20T06:44:00,2010,12,-54.0151712373927,163.196178862531,,MachineObservation,,
88728_Eden2009:deployment:0785145,2008-11-22T04:51:00,2008,11,-50.2768231893257,153.607135003132,,MachineObservation,,
88723_Eden2009:deployment:0783546,2008-12-12T17:02:00,2008,12,-52.0556086064021,170.639681939907,,MachineObservation,,
urn:catalog:AADC:SOWS:SOWS-92567,2002-02-05 02:18:00Z,2002,2,-62.45,94.67,2,HumanObservation,,AADC
88741_Eden2009:deployment:0789740,2009-01-21T11:13:00,2009,1,-63.231694241991,157.550927919222,,MachineObservation,,
88728_Eden2009:deployment:0785418,2008-12-14T22:51:00,2008,12,-61.943531312991,157.29964916957,,MachineObservation,,
13440_131178:deployment:0769030,2015-11-20T03:30:49,2015,11,-45.3329708748695,177.813697557093,,MachineObservation,,
13440_131190:deployment:0776331,2015-12-02T04:31:20,2015,12,-58.1193494244559,178.771171465333,,MachineObservation,,
88733_Eden2009:deployment:0787879,2008-11-17T21:00:00,2008,11,-50.5735378293517,164.387646122149,,MachineObservation,,
64235_JIP2010:deployment:0781456,2010-11-24T23:10:00,2010,11,-60.6115856503828,157.820394238096,,MachineObservation,,
88729_Eden2009:deployment:0786399,2008-12-01T02:40:00,2008,12,-56.890801485466,125.766614629751,,MachineObservation,,
88723_Eden2009:deployment:0783685,2008-12-24T07:02:00,2008,12,-62.9254710417581,170.698647847205,,MachineObservation,,
88733_Eden2009:deployment:0788057,2008-12-02T17:00:00,2008,12,-62.3561751541022,175.133374181961,,MachineObservation,,
88728_Eden2009:deployment:0785718,2009-01-08T22:51:00,2009,1,-62.6333283801399,154.075348943024,,MachineObservation,,
88733_Eden2009:deployment:0787821,2008-11-13T01:00:00,2008,11,-47.9176186142182,158.580315223805,,MachineObservation,,
88741_Eden2009:deployment:0789602,2009-01-09T23:13:00,2009,1,-62.4420682110822,157.976561969565,,MachineObservation,,
88738_Eden2009:deployment:0788462,2008-11-28T07:06:00,2008,11,-55.8924265862576,153.329059490432,,MachineObservation,,
88741_Eden2009:deployment:0789245,2008-12-11T05:13:00,2008,12,-57.5377946216147,168.95201324703,,MachineObservation,,
88728_Eden2009:deployment:0785527,2008-12-24T00:51:00,2008,12,-63.9244394938059,156.688994899846,,MachineObservation,,
88723_Eden2009:deployment:0783534,2008-12-11T17:02:00,2008,12,-51.1279370321891,169.877468565369,,MachineObservation,,
88729_Eden2009:deployment:0786923,2009-01-13T18:40:00,2009,1,-63.9636342359751,115.537878513488,,MachineObservation,,
88741_Eden2009:deployment:0789193,2008-12-06T21:13:00,2008,12,-54.7451620335477,170.723054327918,,MachineObservation,,
13440_131190:deployment:0776479,2015-12-14T12:31:20,2015,12,-63.4528774857689,178.379483888353,,MachineObservation,,
88741_Eden2009:deployment:0789835,2009-01-29T09:13:00,2009,1,-64.5569215746367,161.565466924936,,MachineObservation,,
88732_Eden2009:deployment:0787568,2008-11-26T05:33:00,2008,11,-49.6455004650873,163.925809287873,,MachineObservation,,
13440_131190:deployment:0776307,2015-11-30T04:31:20,2015,11,-56.3754422338034,178.330944132911,,MachineObservation,,
88728_Eden2009:deployment:0785724,2009-01-09T10:51:00,2009,1,-62.5377312688815,154.057234046868,,MachineObservation,,
88732_Eden2009:deployment:0787446,2008-11-16T01:33:00,2008,11,-45.9237033030294,164.145296534513,,MachineObservation,,
88723_Eden2009:deployment:0783511,2008-12-09T19:02:00,2008,12,-49.2104380622067,168.475371970372,,MachineObservation,,
88733_Eden2009:deployment:0788067,2008-12-03T13:00:00,2008,12,-63.0748287201563,175.545468221846,,MachineObservation,,
88728_Eden2009:deployment:0785707,2009-01-08T00:51:00,2009,1,-62.3756189045625,154.432842970716,,MachineObservation,,
88729_Eden2009:deployment:0786333,2008-11-25T14:40:00,2008,11,-52.6726794056205,131.596995660186,,MachineObservation,,
88741_Eden2009:deployment:0789320,2008-12-17T11:13:00,2008,12,-62.1076617296811,164.349554603726,,MachineObservation,,
88728_Eden2009:deployment:0785944,2009-01-27T18:51:00,2009,1,-64.4498862481427,157.97887002093,,MachineObservation,,
88729_Eden2009:deployment:0786847,2009-01-07T10:40:00,2009,1,-64.6745340686904,120.792481367657,,MachineObservation,,
88738_Eden2009:deployment:0788555,2008-12-06T01:06:00,2008,12,-60.1561566603866,150.004282533923,,MachineObservation,,
98129_JIP2010:deployment:0792063,2010-12-19T02:44:00,2010,12,-53.7850855738993,162.709954654694,,MachineObservation,,
88741_Eden2009:deployment:0789655,2009-01-14T09:13:00,2009,1,-62.6052090781315,156.125834549239,,MachineObservation,,
urn:catalog:AADC:WC:5771,1937-01-01 00:00:00+00,1937,1,-61.5,103.5,10,HumanObservation,,AADC
urn:catalog:AADC:WC:5568,1933-01-01 00:00:00+00,1933,1,-59.5,89.5,3,HumanObservation,,AADC
88729_Eden2009:deployment:0787063,2009-01-25T10:40:00,2009,1,-62.8557341069353,103.310918186608,,MachineObservation,,
88729_Eden2009:deployment:0786687,2008-12-25T02:40:00,2008,12,-63.3975560686908,119.557621628257,,MachineObservation,,
urn:catalog:AADC:WC:5825,1938-01-01 00:00:00+00,1938,1,-59.5,98.5,3,HumanObservation,,AADC
88733_Eden2009:deployment:0787957,2008-11-24T09:00:00,2008,11,-55.5519925972538,170.886443602325,,MachineObservation,,
64235_JIP2010:deployment:0781438,2010-11-23T11:10:00,2010,11,-60.1247829466208,157.477716477006,,MachineObservation,,
88729_Eden2009:deployment:0786964,2009-01-17T04:40:00,2009,1,-63.3229494196804,110.624028400294,,MachineObservation,,
13440_131178:deployment:0769316,2015-12-13T23:30:49,2015,12,-56.103118834527,177.185411683091,,MachineObservation,,
urn:catalog:AADC:SOWS:SOWS-100740,1998-01-01 00:00:00Z,1998,1,-64.28,82.3,3,HumanObservation,,AADC
88729_Eden2009:deployment:0786223,2008-11-16T10:40:00,2008,11,-46.383640080608,138.276505903569,,MachineObservation,,
88725_Eden2009:deployment:0784430,2008-12-05T22:04:00,2008,12,-53.488690881477,154.663068543544,,MachineObservation,,
88728_Eden2009:deployment:0785396,2008-12-13T02:51:00,2008,12,-61.9934855452406,156.955180592215,,MachineObservation,,
88729_Eden2009:deployment:0786238,2008-11-17T16:40:00,2008,11,-47.2116570033256,137.33693292629,,MachineObservation,,
88741_Eden2009:deployment:0789492,2008-12-31T19:13:00,2008,12,-62.7057981222588,159.851828743265,,MachineObservation,,
88723_Eden2009:deployment:0783755,2008-12-30T03:02:00,2008,12,-63.2121317305698,169.872933235533,,MachineObservation,,
13440_131190:deployment:0776461,2015-12-13T00:31:20,2015,12,-63.7333559111169,176.647351674666,,MachineObservation,,
88729_Eden2009:deployment:0786721,2008-12-27T22:40:00,2008,12,-63.473198751723,119.580595731789,,MachineObservation,,
88728_Eden2009:deployment:0785662,2009-01-04T06:51:00,2009,1,-62.0572756763588,155.521115568175,,MachineObservation,,
98129_JIP2010:deployment:0792149,2010-12-26T06:44:00,2010,12,-57.8582594129801,167.798507219964,,MachineObservation,,
88729_Eden2009:deployment:0787126,2009-01-30T16:40:00,2009,1,-62.2564499391282,102.48865746969,,MachineObservation,,
urn:catalog:AADC:WHALE_LOG:WL-24,1995-12-10 10:20:00+00,1995,12,-63.233,103.4,1,HumanObservation,,AADC
88729_Eden2009:deployment:0786367,2008-11-28T10:40:00,2008,11,-55.0959203950097,129.05006582084,,MachineObservation,,
88729_Eden2009:deployment:0786694,2008-12-25T16:40:00,2008,12,-63.3589790636042,119.635878236619,,MachineObservation,,
urn:catalog:AADC:WC:5894,1939-01-01 00:00:00+00,1939,1,-60.5,103.5,42,HumanObservation,,AADC
88723_Eden2009:deployment:0783739,2008-12-28T19:02:00,2008,12,-63.0941085252326,169.520795938283,,MachineObservation,,
88725_Eden2009:deployment:0784894,2009-01-13T14:04:00,2009,1,-62.5973627820068,150.252654775901,,MachineObservation,,
88738_Eden2009:deployment:0788735,2008-12-21T01:06:00,2008,12,-64.1651130626802,148.670914762955,,MachineObservation,,
88723_Eden2009:deployment:0783587,2008-12-16T03:02:00,2008,12,-55.9448752177384,173.365298907295,,MachineObservation,,
98129_JIP2010:deployment:0791858,2010-12-02T00:44:00,2010,12,-46.3731567861846,147.864138752634,,MachineObservation,,
13440_131178:deployment:0769359,2015-12-17T13:30:49,2015,12,-59.9659736981136,179.264271077703,,MachineObservation,,
urn:catalog:AADC:WC:5818,1938-01-01 00:00:00+00,1938,1,-58.5,104.5,6,HumanObservation,,AADC
88725_Eden2009:deployment:0784709,2008-12-29T04:04:00,2008,12,-62.8793038209943,153.786991290285,,MachineObservation,,
88741_Eden2009:deployment:0789553,2009-01-05T21:13:00,2009,1,-62.4321442533845,157.915559532432,,MachineObservation,,
88741_Eden2009:deployment:0789656,2009-01-14T11:13:00,2009,1,-62.6481818118361,156.16151886742,,MachineObservation,,
88728_Eden2009:deployment:0785933,2009-01-26T20:51:00,2009,1,-64.1458972607487,158.222475069147,,MachineObservation,,
88723_Eden2009:deployment:0783653,2008-12-21T15:02:00,2008,12,-62.5681207692657,171.12104347922,,MachineObservation,,
88729_Eden2009:deployment:0786307,2008-11-23T10:40:00,2008,11,-51.1049025383195,132.720131798177,,MachineObservation,,
NZHB-200,1999-05-01,,,-48.0,166.5,2,HumanObservation,Humpback whale sightings around New Zealand 1970-1999,DoC
88729_Eden2009:deployment:0787124,2009-01-30T12:40:00,2009,1,-62.2645303089456,102.439649505231,,MachineObservation,,
88728_Eden2009:deployment:0785356,2008-12-09T18:51:00,2008,12,-61.9120375934727,157.077662873917,,MachineObservation,,
88728_Eden2009:deployment:0785988,2009-01-31T10:51:00,2009,1,-64.8609832977005,158.602728288014,,MachineObservation,,
13440_131190:deployment:0776345,2015-12-03T08:31:20,2015,12,-58.9085801771617,178.786807783398,,MachineObservation,,
88723_Eden2009:deployment:0783829,2009-01-05T07:02:00,2009,1,-63.3765880402848,167.532526110204,,MachineObservation,,
88725_Eden2009:deployment:0784792,2009-01-05T02:04:00,2009,1,-61.8519557403288,151.680162616302,,MachineObservation,,
218699,2008-01-02T16:32:45,2008,1,-63.34,112.57,1,HumanObservation,Happywhale - Humpback whale in Southern Ocean,Happywhale.com
urn:catalog:AADC:WC:5765,1937-01-01 00:00:00+00,1937,1,-61.5,95.5,21,HumanObservation,,AADC
88741_Eden2009:deployment:0789638,2009-01-12T23:13:00,2009,1,-62.679623653523,155.984953113325,,MachineObservation,,
88732_Eden2009:deployment:0787522,2008-11-22T09:33:00,2008,11,-46.533353411527,165.006848487303,,MachineObservation,,
98129_JIP2010:deployment:0792316,2011-01-09T04:44:00,2011,1,-64.9998001014335,170.211183211342,,MachineObservation,,
98129_JIP2010:deployment:0792231,2011-01-02T02:44:00,2011,1,-62.2215846725055,169.410689923423,,MachineObservation,,
98129_JIP2010:deployment:0791949,2010-12-09T14:44:00,2010,12,-49.0228701099836,154.185418060987,,MachineObservation,,
88723_Eden2009:deployment:0783834,2009-01-05T17:02:00,2009,1,-63.2503932909777,167.723215526774,,MachineObservation,,
88729_Eden2009:deployment:0786632,2008-12-20T12:40:00,2008,12,-63.2115217124118,119.708744172989,,MachineObservation,,
88728_Eden2009:deployment:0785497,2008-12-21T12:51:00,2008,12,-64.087620750531,157.999215555221,,MachineObservation,,
88741_Eden2009:deployment:0789109,2008-11-29T21:13:00,2008,11,-49.1284110386461,169.089537852603,,MachineObservation,,
88738_Eden2009:deployment:0788510,2008-12-02T07:06:00,2008,12,-59.7952839874892,151.168360759645,,MachineObservation,,
98129_JIP2010:deployment:0792051,2010-12-18T02:44:00,2010,12,-53.8973269538231,162.19205562351,,MachineObservation,,
88741_Eden2009:deployment:0789097,2008-11-28T21:13:00,2008,11,-48.5089909289699,168.390199413666,,MachineObservation,,
98129_JIP2010:deployment:0792034,2010-12-16T16:44:00,2010,12,-53.4975835775856,160.261188275517,,MachineObservation,,
88728_Eden2009:deployment:0785822,2009-01-17T14:51:00,2009,1,-63.9338244039968,161.249050820924,,MachineObservation,,
98129_JIP2010:deployment:0792036,2010-12-16T20:44:00,2010,12,-53.5369214922341,160.372173406033,,MachineObservation,,
88728_Eden2009:deployment:0785137,2008-11-21T12:51:00,2008,11,-49.8762308071487,152.98471266149,,MachineObservation,,
98114_JIP2010:deployment:0791205,2010-12-02T06:15:00,2010,12,-61.1406451291077,157.914224312966,,MachineObservation,,
88741_Eden2009:deployment:0790304,2009-03-09T11:13:00,2009,3,-64.6610450537151,163.980551444343,,MachineObservation,,
88729_Eden2009:deployment:0786938,2009-01-15T00:40:00,2009,1,-63.8832875337851,114.808407787216,,MachineObservation,,
13440_131190:deployment:0776310,2015-11-30T10:31:20,2015,11,-56.5629012946112,178.340349380413,,MachineObservation,,
88728_Eden2009:deployment:0785533,2008-12-24T12:51:00,2008,12,-63.7062816948009,156.440300367881,,MachineObservation,,
urn:catalog:AADC:WC:5655,1935-01-01 00:00:00+00,1935,1,-60.5,91.5,17,HumanObservation,,AADC
88725_Eden2009:deployment:0784680,2008-12-26T18:04:00,2008,12,-62.6815165832354,157.865633924687,,MachineObservation,,
88738_Eden2009:deployment:0788477,2008-11-29T13:06:00,2008,11,-57.523610940492,153.385623906713,,MachineObservation,,
88738_Eden2009:deployment:0788660,2008-12-14T19:06:00,2008,12,-63.6679383538779,149.583602814248,,MachineObservation,,
98129_JIP2010:deployment:0792286,2011-01-06T16:44:00,2011,1,-64.371038496808,170.326971512602,,MachineObservation,,
98114_JIP2010:deployment:0791201,2010-12-01T22:15:00,2010,12,-61.1020787267929,157.951069533225,,MachineObservation,,
88733_Eden2009:deployment:0788013,2008-11-29T01:00:00,2008,11,-59.4395154408453,173.54653080042,,MachineObservation,,
88725_Eden2009:deployment:0784687,2008-12-27T08:04:00,2008,12,-62.7740829673469,156.793231720445,,MachineObservation,,
88723_Eden2009:deployment:0783529,2008-12-11T07:02:00,2008,12,-50.9465866336653,169.699970752474,,MachineObservation,,
98129_JIP2010:deployment:0792303,2011-01-08T02:44:00,2011,1,-64.5684797944844,169.91671010681,,MachineObservation,,
urn:catalog:AADC:WHALE_LOG:WL-52,1995-12-23 20:50:00+00,1995,12,-59.667,83.983,1,HumanObservation,,AADC
88718_Eden2009:deployment:0782636,2008-12-29T04:34:00,2008,12,-56.5131123223631,168.464277553713,,MachineObservation,,
98129_JIP2010:deployment:0792122,2010-12-24T00:44:00,2010,12,-56.6649393903562,165.629936180274,,MachineObservation,,
98114_JIP2010:deployment:0791125,2010-11-25T14:15:00,2010,11,-60.5072381527792,158.829711552252,,MachineObservation,,
88728_Eden2009:deployment:0785739,2009-01-10T16:51:00,2009,1,-62.1445544152045,154.887288968691,,MachineObservation,,
98114_JIP2010:deployment:0790984,2010-11-13T20:15:00,2010,11,-47.3726913910113,160.315332887606,,MachineObservation,,
88728_Eden2009:deployment:0785572,2008-12-27T18:51:00,2008,12,-62.2587806552946,155.586136054285,,MachineObservation,,
98129_JIP2010:deployment:0792162,2010-12-27T08:44:00,2010,12,-57.7459887502246,168.852020072216,,MachineObservation,,
88733_Eden2009:deployment:0787811,2008-11-12T05:00:00,2008,11,-47.7176597601257,157.983193091007,,MachineObservation,,
88733_Eden2009:deployment:0787988,2008-11-26T23:00:00,2008,11,-57.3618746330055,171.718881476225,,MachineObservation,,
88729_Eden2009:deployment:0787153,2009-02-01T22:40:00,2009,2,-61.3589394967505,101.419121571589,,MachineObservation,,
88728_Eden2009:deployment:0785532,2008-12-24T10:51:00,2008,12,-63.7508042130591,156.484354325962,,MachineObservation,,
98129_JIP2010:deployment:0792099,2010-12-22T02:44:00,2010,12,-55.3257662440317,163.918392444043,,MachineObservation,,
urn:catalog:AADC:WC:5583,1934-01-01 00:00:00+00,1934,1,-57.5,81.5,35,HumanObservation,,AADC
88729_Eden2009:deployment:0786559,2008-12-14T10:40:00,2008,12,-62.9971748226039,119.435944364022,,MachineObservation,,
urn:catalog:AADC:SOWS:SOWS-100772,1998-01-01 00:00:00Z,1998,1,-63.07,93.63,1,HumanObservation,,AADC
urn:catalog:AADC:SOWS:SOWS-100555,2004-02-25 04:36:00Z,2004,2,-63.97,111.28,2,HumanObservation,,AADC
13440_131178:deployment:0769044,2015-11-21T07:30:49,2015,11,-46.2785997804703,177.390397733193,,MachineObservation,,
88728_Eden2009:deployment:0785195,2008-11-26T08:51:00,2008,11,-52.8200878819551,155.997766270844,,MachineObservation,,
88741_Eden2009:deployment:0789809,2009-01-27T05:13:00,2009,1,-64.1943989562294,160.916766080947,,MachineObservation,,
88723_Eden2009:deployment:0783575,2008-12-15T03:02:00,2008,12,-54.6912049769902,172.990102014537,,MachineObservation,,
229476,2013-11-06T16:32:03,2013,11,-45.46,166.71,1,HumanObservation,Happywhale - Humpback whale in South Pacific Ocean,Happywhale.com
13440_131178:deployment:0769354,2015-12-17T03:30:49,2015,12,-59.3766250555572,178.700489440831,,MachineObservation,,
88728_Eden2009:deployment:0785817,2009-01-17T04:51:00,2009,1,-63.8357326738242,160.735363108985,,MachineObservation,,
13440_88727:deployment:0777157,2015-12-02T08:30:50,2015,12,-63.7248967930079,179.981583489753,,MachineObservation,,
88741_Eden2009:deployment:0789235,2008-12-10T09:13:00,2008,12,-57.3290207161767,169.49808464524,,MachineObservation,,
98114_JIP2010:deployment:0791083,2010-11-22T02:15:00,2010,11,-57.6227506606647,159.473065316803,,MachineObservation,,
88729_Eden2009:deployment:0786848,2009-01-07T12:40:00,2009,1,-64.6738474975749,120.73238878804,,MachineObservation,,
88733_Eden2009:deployment:0787762,2008-11-08T03:00:00,2008,11,-45.3941754148651,152.877847708087,,MachineObservation,,
88728_Eden2009:deployment:0785538,2008-12-24T22:51:00,2008,12,-63.4570640566525,156.213192940446,,MachineObservation,,
88718_Eden2009:deployment:0782660,2008-12-31T04:34:00,2008,12,-58.5488968850631,171.681389578571,,MachineObservation,,
88733_Eden2009:deployment:0788023,2008-11-29T21:00:00,2008,11,-60.0217848789625,174.310200854413,,MachineObservation,,
88723_Eden2009:deployment:0783594,2008-12-16T17:02:00,2008,12,-56.7026541965305,173.195633528163,,MachineObservation,,
98129_JIP2010:deployment:0792224,2011-01-01T12:44:00,2011,1,-62.1498495386182,169.297213518753,,MachineObservation,,
88728_Eden2009:deployment:0785128,2008-11-20T18:51:00,2008,11,-49.2924922743193,152.440537290085,,MachineObservation,,
88728_Eden2009:deployment:0785132,2008-11-21T02:51:00,2008,11,-49.5320081146941,152.596164655577,,MachineObservation,,
98114_JIP2010:deployment:0791190,2010-12-01T00:15:00,2010,12,-61.2155889794722,157.933369785948,,MachineObservation,,
88729_Eden2009:deployment:0787066,2009-01-25T16:40:00,2009,1,-62.8413056073727,103.245644855221,,MachineObservation,,
13440_88727:deployment:0777145,2015-12-01T08:30:50,2015,12,-63.5630503365189,179.555112305346,,MachineObservation,,
88733_Eden2009:deployment:0787904,2008-11-19T23:00:00,2008,11,-51.7543311726272,165.796485375394,,MachineObservation,,
88728_Eden2009:deployment:0785139,2008-11-21T16:51:00,2008,11,-50.0168886316751,153.162871819534,,MachineObservation,,
88738_Eden2009:deployment:0788463,2008-11-28T09:06:00,2008,11,-55.9879268559188,153.329681169307,,MachineObservation,,
88728_Eden2009:deployment:0785675,2009-01-05T08:51:00,2009,1,-62.201868219129,155.861998030173,,MachineObservation,,
88738_Eden2009:deployment:0788363,2008-11-20T01:06:00,2008,11,-46.5047967562984,147.676523923475,,MachineObservation,,
88741_Eden2009:deployment:0789518,2009-01-02T23:13:00,2009,1,-62.5248726745144,158.359321378517,,MachineObservation,,
88741_Eden2009:deployment:0789465,2008-12-29T13:13:00,2008,12,-63.072423933081,160.414451834955,,MachineObservation,,
urn:catalog:AADC:WC:5828,1938-01-01 00:00:00+00,1938,1,-59.5,101.5,4,HumanObservation,,AADC
88723_Eden2009:deployment:0783787,2009-01-01T19:02:00,2009,1,-63.1510199110296,168.066822524685,,MachineObservation,,
13440_88727:deployment:0777106,2015-11-28T02:30:50,2015,11,-62.2570130629255,179.830654803831,,MachineObservation,,
88729_Eden2009:deployment:0786662,2008-12-23T00:40:00,2008,12,-63.6554931250756,119.915409378948,,MachineObservation,,
98114_JIP2010:deployment:0791088,2010-11-22T12:15:00,2010,11,-58.1645414498284,159.162134281909,,MachineObservation,,
13440_131190:deployment:0776438,2015-12-11T02:31:20,2015,12,-63.3476598017761,175.364186886452,,MachineObservation,,
88732_Eden2009:deployment:0787434,2008-11-15T01:33:00,2008,11,-45.9474757732156,164.185127498642,,MachineObservation,,
13440_131178:deployment:0769337,2015-12-15T17:30:49,2015,12,-57.7882742367389,177.824977470867,,MachineObservation,,
urn:catalog:AADC:SOWS:SOWS-93743,1996-02-12 11:52:05Z,1996,2,-63.56068,101.6143,2,HumanObservation,,AADC
13440_131178:deployment:0769231,2015-12-06T21:30:49,2015,12,-50.73334912812,177.739811540234,,MachineObservation,,
13440_131190:deployment:0776437,2015-12-11T00:31:20,2015,12,-63.3156978850421,175.345165862569,,MachineObservation,,
88741_Eden2009:deployment:0789220,2008-12-09T03:13:00,2008,12,-56.0073506339177,170.126389311272,,MachineObservation,,
88728_Eden2009:deployment:0785763,2009-01-12T16:51:00,2009,1,-62.9784002522016,155.191879049689,,MachineObservation,,
88728_Eden2009:deployment:0785732,2009-01-10T02:51:00,2009,1,-62.2435436745807,154.214665634093,,MachineObservation,,
88728_Eden2009:deployment:0785098,2008-11-18T06:51:00,2008,11,-47.1375264863675,152.028645202016,,MachineObservation,,
88729_Eden2009:deployment:0786701,2008-12-26T06:40:00,2008,12,-63.2859642033385,119.530491639553,,MachineObservation,,
88738_Eden2009:deployment:0788606,2008-12-10T07:06:00,2008,12,-63.3321339917337,150.785988192095,,MachineObservation,,
88729_Eden2009:deployment:0786502,2008-12-09T16:40:00,2008,12,-62.2395429547196,118.801116379386,,MachineObservation,,
88728_Eden2009:deployment:0785131,2008-11-21T00:51:00,2008,11,-49.4638492912404,152.536577659171,,MachineObservation,,
88729_Eden2009:deployment:0786424,2008-12-03T04:40:00,2008,12,-58.6507502161526,123.011860901982,,MachineObservation,,
88718_Eden2009:deployment:0782727,2009-01-05T18:34:00,2009,1,-63.6023695523206,177.450439809658,,MachineObservation,,
13440_131190:deployment:0776332,2015-12-02T06:31:20,2015,12,-58.1633160490332,178.811228473907,,MachineObservation,,
98129_JIP2010:deployment:0792006,2010-12-14T08:44:00,2010,12,-51.9292693530755,158.54055081851,,MachineObservation,,
98129_JIP2010:deployment:0791864,2010-12-02T12:44:00,2010,12,-46.4311775709835,148.213164412687,,MachineObservation,,
88741_Eden2009:deployment:0789785,2009-01-25T05:13:00,2009,1,-64.0078851233225,160.827728119763,,MachineObservation,,
13440_131190:deployment:0776447,2015-12-11T20:31:20,2015,12,-63.5801237418841,175.75503665555,,MachineObservation,,
88741_Eden2009:deployment:0789052,2008-11-25T03:13:00,2008,11,-45.5045546927436,166.336632444021,,MachineObservation,,
88729_Eden2009:deployment:0786988,2009-01-19T04:40:00,2009,1,-63.348833718578,107.411536929823,,MachineObservation,,
88718_Eden2009:deployment:0782747,2009-01-07T10:34:00,2009,1,-64.8821805303332,179.360853976164,,MachineObservation,,
urn:catalog:AADC:WC:5966,1956-01-01 00:00:00+00,1956,1,-63.5,81.5,31,HumanObservation,,AADC
88729_Eden2009:deployment:0787019,2009-01-21T18:40:00,2009,1,-63.2220038467943,104.571792256252,,MachineObservation,,
88729_Eden2009:deployment:0787025,2009-01-22T06:40:00,2009,1,-63.2677183526353,104.429998260601,,MachineObservation,,
88741_Eden2009:deployment:0789285,2008-12-14T13:13:00,2008,12,-61.152110484726,166.581562671762,,MachineObservation,,
88729_Eden2009:deployment:0786508,2008-12-10T04:40:00,2008,12,-62.3942662619404,118.829699259702,,MachineObservation,,
88729_Eden2009:deployment:0786543,2008-12-13T02:40:00,2008,12,-62.9474148326564,119.266269102549,,MachineObservation,,
88728_Eden2009:deployment:0785660,2009-01-04T02:51:00,2009,1,-62.0976018899885,155.520757010629,,MachineObservation,,
13440_131178:deployment:0769219,2015-12-05T21:30:49,2015,12,-50.6402798961881,178.227756258051,,MachineObservation,,
88733_Eden2009:deployment:0787992,2008-11-27T07:00:00,2008,11,-57.7309590698091,172.249107256546,,MachineObservation,,
88738_Eden2009:deployment:0788422,2008-11-24T23:06:00,2008,11,-51.6959717853692,150.832167682589,,MachineObservation,,
88738_Eden2009:deployment:0788436,2008-11-26T03:06:00,2008,11,-52.882120001001,152.191401918392,,MachineObservation,,
88728_Eden2009:deployment:0785229,2008-11-29T04:51:00,2008,11,-54.7697481333835,156.894406210894,,MachineObservation,,
88741_Eden2009:deployment:0790116,2009-02-21T19:13:00,2009,2,-64.7126170356996,164.377390148157,,MachineObservation,,
urn:catalog:AADC:SOWS:SOWS-93529,1998-02-04 08:06:22Z,1998,2,-61.8572,82.7238,1,HumanObservation,,AADC
88741_Eden2009:deployment:0789240,2008-12-10T19:13:00,2008,12,-57.389401905982,169.276257712667,,MachineObservation,,
88729_Eden2009:deployment:0786678,2008-12-24T08:40:00,2008,12,-63.3118512425934,119.94171000193,,MachineObservation,,
88728_Eden2009:deployment:0785118,2008-11-19T22:51:00,2008,11,-48.593001286714,152.28695747831,,MachineObservation,,
https://www.inaturalist.org/observations/337832371,2026-01-07T10:23:00+06:00,,,-64.8261111111,87.5577555556,,HumanObservation,iNaturalist research-grade observations,iNaturalist
98129_JIP2010:deployment:0791936,2010-12-08T12:44:00,2010,12,-48.6731989938152,153.339595576739,,MachineObservation,,
88728_Eden2009:deployment:0785324,2008-12-07T02:51:00,2008,12,-60.8948063005342,155.996816572667,,MachineObservation,,
88725_Eden2009:deployment:0784645,2008-12-23T20:04:00,2008,12,-62.9756530825101,157.271444727611,,MachineObservation,,
13440_88727:deployment:0777111,2015-11-28T12:30:50,2015,11,-62.4706852870306,179.026577291835,,MachineObservation,,
88728_Eden2009:deployment:0785125,2008-11-20T12:51:00,2008,11,-49.1118499217742,152.415547610055,,MachineObservation,,
88738_Eden2009:deployment:0788590,2008-12-08T23:06:00,2008,12,-62.6982356344967,150.272625429498,,MachineObservation,,
88741_Eden2009:deployment:0789732,2009-01-20T19:13:00,2009,1,-63.2598456556852,156.173700794457,,MachineObservation,,
88729_Eden2009:deployment:0786516,2008-12-10T20:40:00,2008,12,-62.3397892023983,119.003251060943,,MachineObservation,,
88729_Eden2009:deployment:0786979,2009-01-18T10:40:00,2009,1,-63.2616475702953,108.982530190233,,MachineObservation,,
urn:catalog:AADC:WC:5635,1935-01-01 00:00:00+00,1935,1,-59.5,87.5,2,HumanObservation,,AADC
13440_131178:deployment:0769099,2015-11-25T21:30:49,2015,11,-48.4823254161662,176.907737263848,,MachineObservation,,
98129_JIP2010:deployment:0792007,2010-12-14T10:44:00,2010,12,-51.9752167630654,158.635864109066,,MachineObservation,,
13440_131178:deployment:0769382,2015-12-19T11:30:49,2015,12,-61.475626506909,179.97364631459,,MachineObservation,,
13440_131190:deployment:0776469,2015-12-13T16:31:20,2015,12,-63.6524798655261,177.333968077844,,MachineObservation,,
urn:catalog:AADC:WC:5707,1936-01-01 00:00:00+00,1936,1,-58.5,94.5,15,HumanObservation,,AADC
88741_Eden2009:deployment:0789400,2008-12-24T03:13:00,2008,12,-62.7761317211502,163.269040228047,,MachineObservation,,
88718_Eden2009:deployment:0782570,2008-12-23T16:34:00,2008,12,-51.5944769290559,160.957023594103,,MachineObservation,,
13440_131190:deployment:0776245,2015-11-25T00:31:20,2015,11,-52.6710602091212,177.113076199624,,MachineObservation,,
88741_Eden2009:deployment:0789687,2009-01-17T01:13:00,2009,1,-62.558132726865,155.652854644302,,MachineObservation,,
urn:catalog:AADC:SOWS:SOWS-93687,1996-02-05 07:19:46Z,1996,2,-64.44801,88.06037,2,HumanObservation,,AADC
urn:catalog:AADC:WC:5876,1939-01-01 00:00:00+00,1939,1,-58.5,95.5,2,HumanObservation,,AADC
98129_JIP2010:deployment:0792130,2010-12-24T16:44:00,2010,12,-57.0050016746535,166.089338466106,,MachineObservation,,
98129_JIP2010:deployment:0792092,2010-12-21T12:44:00,2010,12,-54.739533262495,163.488717728049,,MachineObservation,,
13440_131178:deployment:0769037,2015-11-20T17:30:49,2015,11,-45.927774510193,177.652250787242,,MachineObservation,,
88741_Eden2009:deployment:0789408,2008-12-24T19:13:00,2008,12,-63.0037494377738,163.036360510563,,MachineObservation,,
88728_Eden2009:deployment:0785715,2009-01-08T16:51:00,2009,1,-62.6010367492896,154.200316582488,,MachineObservation,,
88733_Eden2009:deployment:0788026,2008-11-30T03:00:00,2008,11,-60.1768454822559,174.390111560995,,MachineObservation,,
urn:catalog:AADC:WC:5567,1933-01-01 00:00:00+00,1933,1,-59.5,87.5,4,HumanObservation,,AADC
88725_Eden2009:deployment:0784757,2009-01-02T04:04:00,2009,1,-61.9181157789088,152.342030814153,,MachineObservation,,
13440_131190:deployment:0776501,2015-12-16T08:31:20,2015,12,-63.7678886639889,179.530531037109,,MachineObservation,,
88741_Eden2009:deployment:0789799,2009-01-26T09:13:00,2009,1,-64.2078855447707,160.794827531698,,MachineObservation,,
98129_JIP2010:deployment:0791828,2010-11-29T12:44:00,2010,11,-45.0526140904804,147.58396078414,,MachineObservation,,
88732_Eden2009:deployment:0787388,2008-11-11T05:33:00,2008,11,-45.0426257671077,160.787513767032,,MachineObservation,,
88728_Eden2009:deployment:0785655,2009-01-03T16:51:00,2009,1,-62.3024798790674,155.661579439341,,MachineObservation,,
88725_Eden2009:deployment:0784561,2008-12-16T20:04:00,2008,12,-62.3985101158639,156.748839227951,,MachineObservation,,
88729_Eden2009:deployment:0786715,2008-12-27T10:40:00,2008,12,-63.670752875239,119.671324028251,,MachineObservation,,
urn:catalog:AADC:SOWS:SOWS-93635,1996-02-01 23:01:00Z,1996,2,-63.99629,80.13648,2,HumanObservation,,AADC
88723_Eden2009:deployment:0783569,2008-12-14T15:02:00,2008,12,-54.1364853268337,172.350364168711,,MachineObservation,,
urn:catalog:AADC:WC:5701,1936-01-01 00:00:00+00,1936,1,-58.5,88.5,22,HumanObservation,,AADC
88738_Eden2009:deployment:0788669,2008-12-15T13:06:00,2008,12,-63.7756522835003,149.484325298266,,MachineObservation,,
88728_Eden2009:deployment:0785448,2008-12-17T10:51:00,2008,12,-63.0603059041682,157.967934863961,,MachineObservation,,
88728_Eden2009:deployment:0785416,2008-12-14T18:51:00,2008,12,-61.9248483603828,157.139764841153,,MachineObservation,,
88729_Eden2009:deployment:0786911,2009-01-12T18:40:00,2009,1,-64.6454390600906,116.868930688561,,MachineObservation,,
98129_JIP2010:deployment:0792181,2010-12-28T22:44:00,2010,12,-58.5794050949478,170.114087101793,,MachineObservation,,
13440_131190:deployment:0776264,2015-11-26T14:31:20,2015,11,-54.4101490129275,177.785633216977,,MachineObservation,,
88728_Eden2009:deployment:0785459,2008-12-18T08:51:00,2008,12,-63.4949815789356,158.557022207638,,MachineObservation,,
88733_Eden2009:deployment:0787976,2008-11-25T23:00:00,2008,11,-56.5885075913329,171.518578729504,,MachineObservation,,
88725_Eden2009:deployment:0784537,2008-12-14T20:04:00,2008,12,-61.9860584673217,155.962730288565,,MachineObservation,,
88725_Eden2009:deployment:0784653,2008-12-24T12:04:00,2008,12,-62.7714923024415,157.302314781662,,MachineObservation,,
88741_Eden2009:deployment:0789139,2008-12-02T09:13:00,2008,12,-50.394117671879,170.484108109961,,MachineObservation,,
88728_Eden2009:deployment:0785608,2008-12-30T18:51:00,2008,12,-62.068721635473,155.647455442302,,MachineObservation,,
98114_JIP2010:deployment:0791047,2010-11-19T02:15:00,2010,11,-53.6466594407926,159.514169655374,,MachineObservation,,
88732_Eden2009:deployment:0787555,2008-11-25T03:33:00,2008,11,-48.5785530299228,164.594961463116,,MachineObservation,,
88728_Eden2009:deployment:0785641,2009-01-02T12:51:00,2009,1,-62.3470969612855,155.527469912094,,MachineObservation,,
88738_Eden2009:deployment:0788435,2008-11-26T01:06:00,2008,11,-52.8180936145561,152.107969718614,,MachineObservation,,
64235_JIP2010:deployment:0781494,2010-11-28T03:10:00,2010,11,-60.9539877634422,157.928645663209,,MachineObservation,,
88728_Eden2009:deployment:0785918,2009-01-25T14:51:00,2009,1,-64.2698708320005,158.78285195184,,MachineObservation,,
88741_Eden2009:deployment:0790313,2009-03-10T05:13:00,2009,3,-64.709228287537,163.249200822434,,MachineObservation,,
88723_Eden2009:deployment:0783885,2009-01-09T23:02:00,2009,1,-63.6344879837391,168.595340532558,,MachineObservation,,
13440_131178:deployment:0769115,2015-11-27T05:30:49,2015,11,-48.9910518147215,176.921040703081,,MachineObservation,,
13440_131178:deployment:0769055,2015-11-22T05:30:49,2015,11,-46.922622009339,177.391940915107,,MachineObservation,,
88728_Eden2009:deployment:0785270,2008-12-02T14:51:00,2008,12,-56.9277031261641,156.815848209938,,MachineObservation,,
88738_Eden2009:deployment:0788639,2008-12-13T01:06:00,2008,12,-63.647667102615,150.409275774819,,MachineObservation,,
urn:catalog:AADC:WOV:WOV-149456,1999-02-15 00:00:00+00,1999,2,-62.4,98.8167,2,HumanObservation,,AADC
urn:catalog:AADC:WC:5878,1939-01-01 00:00:00+00,1939,1,-58.5,99.5,1,HumanObservation,,AADC
88725_Eden2009:deployment:0784845,2009-01-09T12:04:00,2009,1,-62.3580647771236,150.665821271464,,MachineObservation,,
13440_131178:deployment:0769144,2015-11-29T15:30:49,2015,11,-49.3737585293943,176.995199547498,,MachineObservation,,
urn:catalog:AADC:SOWS:SOWS-93831,1996-02-25 06:34:39Z,1996,2,-64.03074,112.2467,1,HumanObservation,,AADC
98129_JIP2010:deployment:0792027,2010-12-16T02:44:00,2010,12,-53.1514649776745,159.658458081688,,MachineObservation,,
urn:catalog:AADC:WC:5646,1935-01-01 00:00:00+00,1935,1,-60.5,82.5,6,HumanObservation,,AADC
64235_JIP2010:deployment:0781398,2010-11-20T03:10:00,2010,11,-57.4063061726312,156.951439264673,,MachineObservation,,
88729_Eden2009:deployment:0786275,2008-11-20T18:40:00,2008,11,-49.3200009149402,134.757064351707,,MachineObservation,,
88729_Eden2009:deployment:0786746,2008-12-30T00:40:00,2008,12,-64.011273528821,118.866061418425,,MachineObservation,,
88741_Eden2009:deployment:0790322,2009-03-10T23:13:00,2009,3,-64.4002204101935,163.449368035494,,MachineObservation,,
88732_Eden2009:deployment:0787435,2008-11-15T03:33:00,2008,11,-45.9397299607739,164.192809038455,,MachineObservation,,
88733_Eden2009:deployment:0788054,2008-12-02T11:00:00,2008,12,-62.1662305948034,175.023805191462,,MachineObservation,,
88728_Eden2009:deployment:0785333,2008-12-07T20:51:00,2008,12,-61.4245589535365,156.389682172638,,MachineObservation,,
urn:catalog:AADC:WC:5964,1956-01-01 00:00:00+00,1956,1,-62.5,87.5,39,HumanObservation,,AADC
urn:catalog:AADC:WC:5667,1935-01-01 00:00:00+00,1935,1,-61.5,84.5,17,HumanObservation,,AADC
88729_Eden2009:deployment:0787085,2009-01-27T06:40:00,2009,1,-62.7831028441731,103.701470005174,,MachineObservation,,
98129_JIP2010:deployment:0792093,2010-12-21T14:44:00,2010,12,-54.7956738968576,163.553698818011,,MachineObservation,,
88728_Eden2009:deployment:0785632,2009-01-01T18:51:00,2009,1,-62.2292563236319,155.700262874295,,MachineObservation,,
98114_JIP2010:deployment:0791124,2010-11-25T12:15:00,2010,11,-60.5086472863259,158.813231242645,,MachineObservation,,
88723_Eden2009:deployment:0783581,2008-12-15T15:02:00,2008,12,-55.3164368534617,173.551772884582,,MachineObservation,,
88741_Eden2009:deployment:0789642,2009-01-13T07:13:00,2009,1,-62.6264060588341,156.04967384296,,MachineObservation,,
13440_131190:deployment:0776370,2015-12-05T10:31:20,2015,12,-60.508308920083,178.179107032828,,MachineObservation,,
88733_Eden2009:deployment:0787982,2008-11-26T11:00:00,2008,11,-56.8568958258628,171.181857738174,,MachineObservation,,
88729_Eden2009:deployment:0786825,2009-01-05T14:40:00,2009,1,-64.6273996361701,120.907693101032,,MachineObservation,,
urn:catalog:AADC:SOWS:SOWS-93531,1998-02-04 11:59:10Z,1998,2,-62.247,80.9392,2,HumanObservation,,AADC
88741_Eden2009:deployment:0790328,2009-03-11T11:13:00,2009,3,-64.3372855783804,163.854065239061,,MachineObservation,,
88723_Eden2009:deployment:0783904,2009-01-11T13:02:00,2009,1,-64.0013927650955,168.556394763929,,MachineObservation,,
88729_Eden2009:deployment:0786707,2008-12-26T18:40:00,2008,12,-63.4404939897959,119.67241943703,,MachineObservation,,
88728_Eden2009:deployment:0785154,2008-11-22T22:51:00,2008,11,-50.8107803786642,154.212937168268,,MachineObservation,,
98129_JIP2010:deployment:0792101,2010-12-22T06:44:00,2010,12,-55.4486913784581,164.02720129059,,MachineObservation,,
88723_Eden2009:deployment:0783543,2008-12-12T11:02:00,2008,12,-51.758447909806,170.292956701558,,MachineObservation,,
88729_Eden2009:deployment:0786955,2009-01-16T10:40:00,2009,1,-63.6326837236193,112.019677818279,,MachineObservation,,
98114_JIP2010:deployment:0790972,2010-11-12T20:15:00,2010,11,-46.3362003965817,160.287299791266,,MachineObservation,,
88733_Eden2009:deployment:0787910,2008-11-20T11:00:00,2008,11,-52.1765668867209,166.414885818412,,MachineObservation,,
urn:catalog:AADC:WC:5778,1937-01-01 00:00:00+00,1937,1,-62.5,89.5,10,HumanObservation,,AADC
88741_Eden2009:deployment:0789455,2008-12-28T17:13:00,2008,12,-63.566840758966,160.964936220858,,MachineObservation,,
88728_Eden2009:deployment:0785092,2008-11-17T18:51:00,2008,11,-46.8406172042718,151.92202945188,,MachineObservation,,
88738_Eden2009:deployment:0788611,2008-12-10T17:06:00,2008,12,-63.3878252866652,150.844704951623,,MachineObservation,,
98129_JIP2010:deployment:0791869,2010-12-02T22:44:00,2010,12,-46.7898313822123,148.426604679317,,MachineObservation,,
13440_131190:deployment:0776205,2015-11-21T16:31:20,2015,11,-49.7967624053139,178.57363002475,,MachineObservation,,
88733_Eden2009:deployment:0787796,2008-11-10T23:00:00,2008,11,-47.1301837044366,156.391617882631,,MachineObservation,,
88729_Eden2009:deployment:0786636,2008-12-20T20:40:00,2008,12,-63.2296371915877,119.835641160441,,MachineObservation,,
88728_Eden2009:deployment:0785136,2008-11-21T10:51:00,2008,11,-49.8133248751155,152.898256212346,,MachineObservation,,
88729_Eden2009:deployment:0786400,2008-12-01T04:40:00,2008,12,-56.9495776700989,125.623728344633,,MachineObservation,,
88728_Eden2009:deployment:0785622,2008-12-31T22:51:00,2008,12,-62.2084672404048,155.502598871944,,MachineObservation,,
88725_Eden2009:deployment:0784745,2009-01-01T04:04:00,2009,1,-62.4021157648654,152.881783026116,,MachineObservation,,
88725_Eden2009:deployment:0784554,2008-12-16T06:04:00,2008,12,-62.3339298474829,156.492634105416,,MachineObservation,,
64235_JIP2010:deployment:0781422,2010-11-22T03:10:00,2010,11,-60.0250223469215,157.605713821738,,MachineObservation,,
88741_Eden2009:deployment:0789920,2009-02-05T11:13:00,2009,2,-64.9146103045949,161.832224144346,,MachineObservation,,
88741_Eden2009:deployment:0789627,2009-01-12T01:13:00,2009,1,-62.7357974430255,156.328018270255,,MachineObservation,,
88729_Eden2009:deployment:0786402,2008-12-01T08:40:00,2008,12,-57.0667570452723,125.341662079312,,MachineObservation,,
88718_Eden2009:deployment:0782760,2009-01-08T12:34:00,2009,1,-64.9487369976535,179.481444196831,,MachineObservation,,
88725_Eden2009:deployment:0784345,2008-11-28T20:04:00,2008,11,-45.6407210601168,150.449305090462,,MachineObservation,,
88741_Eden2009:deployment:0789827,2009-01-28T17:13:00,2009,1,-64.4030521624118,161.460709413367,,MachineObservation,,
88741_Eden2009:deployment:0789068,2008-11-26T11:13:00,2008,11,-46.5239122294151,166.700638002007,,MachineObservation,,
88723_Eden2009:deployment:0783742,2008-12-29T01:02:00,2008,12,-63.0382333984245,169.51396530582,,MachineObservation,,
88729_Eden2009:deployment:0786417,2008-12-02T14:40:00,2008,12,-58.0562877975859,123.609023388709,,MachineObservation,,
98129_JIP2010:deployment:0792272,2011-01-05T12:44:00,2011,1,-63.9957968646515,170.24821082046,,MachineObservation,,
98129_JIP2010:deployment:0792225,2011-01-01T14:44:00,2011,1,-62.1487837152117,169.346761751697,,MachineObservation,,
13440_131178:deployment:0769121,2015-11-27T17:30:49,2015,11,-49.0604184204298,176.961896040683,,MachineObservation,,
88738_Eden2009:deployment:0788682,2008-12-16T15:06:00,2008,12,-63.8639435208675,149.483687785688,,MachineObservation,,
88725_Eden2009:deployment:0784654,2008-12-24T14:04:00,2008,12,-62.7263238979576,157.316886738131,,MachineObservation,,
98114_JIP2010:deployment:0791222,2010-12-03T16:15:00,2010,12,-61.2787516126149,157.62115719119,,MachineObservation,,
88728_Eden2009:deployment:0785540,2008-12-25T02:51:00,2008,12,-63.3468004946992,156.120180388415,,MachineObservation,,
88741_Eden2009:deployment:0789167,2008-12-04T17:13:00,2008,12,-52.5360755453362,170.548143938262,,MachineObservation,,
98129_JIP2010:deployment:0792290,2011-01-07T00:44:00,2011,1,-64.3663254150563,170.216319162952,,MachineObservation,,
88718_Eden2009:deployment:0782736,2009-01-06T12:34:00,2009,1,-64.3933171889712,177.931523826787,,MachineObservation,,
88728_Eden2009:deployment:0785526,2008-12-23T22:51:00,2008,12,-63.9435156622744,156.72363622252,,MachineObservation,,
280869,2021-10-19T10:01:13,2021,10,-45.46,166.71,1,HumanObservation,Happywhale - Humpback whale in South Pacific Ocean,Happywhale.com
88733_Eden2009:deployment:0787878,2008-11-17T19:00:00,2008,11,-50.5103634416117,164.316941003263,,MachineObservation,,
88723_Eden2009:deployment:0783574,2008-12-15T01:02:00,2008,12,-54.5950963986742,172.8811583699,,MachineObservation,,
88718_Eden2009:deployment:0782708,2009-01-04T04:34:00,2009,1,-62.7669321712991,177.253974141532,,MachineObservation,,
98129_JIP2010:deployment:0792315,2011-01-09T02:44:00,2011,1,-64.9860304885895,170.326220528529,,MachineObservation,,
98114_JIP2010:deployment:0791159,2010-11-28T10:15:00,2010,11,-60.9238089631234,158.152928149195,,MachineObservation,,
88728_Eden2009:deployment:0785744,2009-01-11T02:51:00,2009,1,-62.4159966070437,155.249379822884,,MachineObservation,,
88729_Eden2009:deployment:0786759,2008-12-31T02:40:00,2008,12,-64.2689529440549,119.535222819155,,MachineObservation,,
urn:catalog:AADC:WC:5821,1938-01-01 00:00:00+00,1938,1,-59.5,89.5,22,HumanObservation,,AADC
88738_Eden2009:deployment:0788506,2008-12-01T23:06:00,2008,12,-59.6747495790115,151.421526980047,,MachineObservation,,
88741_Eden2009:deployment:0789472,2008-12-30T03:13:00,2008,12,-63.0102802937167,160.485780619526,,MachineObservation,,
88725_Eden2009:deployment:0784354,2008-11-29T14:04:00,2008,11,-46.5586718243926,151.027654740016,,MachineObservation,,
98129_JIP2010:deployment:0792241,2011-01-02T22:44:00,2011,1,-62.3804736379981,169.670620876065,,MachineObservation,,
88733_Eden2009:deployment:0787903,2008-11-19T21:00:00,2008,11,-51.6863841783225,165.689890391875,,MachineObservation,,
88725_Eden2009:deployment:0784732,2008-12-31T02:04:00,2008,12,-62.29330695508,152.902958453231,,MachineObservation,,
88728_Eden2009:deployment:0785544,2008-12-25T10:51:00,2008,12,-63.1027957776593,155.937279904325,,MachineObservation,,
98129_JIP2010:deployment:0791878,2010-12-03T16:44:00,2010,12,-46.8609967406964,148.77029241115,,MachineObservation,,
88728_Eden2009:deployment:0785510,2008-12-22T14:51:00,2008,12,-64.1460500158586,157.580943731976,,MachineObservation,,
88741_Eden2009:deployment:0789615,2009-01-11T01:13:00,2009,1,-62.5523139171841,157.718044683226,,MachineObservation,,
88728_Eden2009:deployment:0785447,2008-12-17T08:51:00,2008,12,-63.0423786174583,157.933653144396,,MachineObservation,,
13440_131178:deployment:0769126,2015-11-28T03:30:49,2015,11,-49.1689777696675,177.062916105589,,MachineObservation,,
98129_JIP2010:deployment:0792263,2011-01-04T18:44:00,2011,1,-63.3309738880116,170.072220734354,,MachineObservation,,
98114_JIP2010:deployment:0791044,2010-11-18T20:15:00,2010,11,-53.4265918424305,159.551650990092,,MachineObservation,,
88729_Eden2009:deployment:0787172,2009-02-03T12:40:00,2009,2,-60.7877270090884,101.226608191046,,MachineObservation,,
88723_Eden2009:deployment:0783560,2008-12-13T21:02:00,2008,12,-53.2899094749774,171.710391275533,,MachineObservation,,
64235_JIP2010:deployment:0781396,2010-11-19T23:10:00,2010,11,-57.1471086910812,156.770034157148,,MachineObservation,,
13440_131190:deployment:0776503,2015-12-16T12:31:20,2015,12,-63.7726369819906,179.573439625261,,MachineObservation,,
98114_JIP2010:deployment:0790988,2010-11-14T04:15:00,2010,11,-47.7405770997115,160.361005358412,,MachineObservation,,
88723_Eden2009:deployment:0783726,2008-12-27T17:02:00,2008,12,-63.21195928152,169.645175128287,,MachineObservation,,
88738_Eden2009:deployment:0788705,2008-12-18T13:06:00,2008,12,-64.0470680650327,149.056058749597,,MachineObservation,,
88729_Eden2009:deployment:0786256,2008-11-19T04:40:00,2008,11,-47.9240551150818,135.740637268836,,MachineObservation,,
88725_Eden2009:deployment:0784513,2008-12-12T20:04:00,2008,12,-61.3972226511865,156.129472383109,,MachineObservation,,
88741_Eden2009:deployment:0790337,2009-03-12T05:13:00,2009,3,-64.1534912263361,164.604604202702,,MachineObservation,,
88738_Eden2009:deployment:0788507,2008-12-02T01:06:00,2008,12,-59.7101307232977,151.341545403794,,MachineObservation,,
urn:catalog:AADC:SOWS:SOWS-93649,1996-02-03 02:14:00Z,1996,2,-63.00035,82.38979,3,HumanObservation,,AADC
88741_Eden2009:deployment:0789810,2009-01-27T07:13:00,2009,1,-64.1626334395477,160.881217230815,,MachineObservation,,
88725_Eden2009:deployment:0784363,2008-11-30T08:04:00,2008,11,-47.187986800842,151.523086312399,,MachineObservation,,
88725_Eden2009:deployment:0784733,2008-12-31T04:04:00,2008,12,-62.2953691956617,152.89224146582,,MachineObservation,,
88725_Eden2009:deployment:0784861,2009-01-10T20:04:00,2009,1,-62.1726389641318,150.282835724958,,MachineObservation,,
88741_Eden2009:deployment:0789092,2008-11-28T11:13:00,2008,11,-48.3280721089046,168.273107868969,,MachineObservation,,
88741_Eden2009:deployment:0790346,2009-03-12T23:13:00,2009,3,-64.1928757020311,164.776132598878,,MachineObservation,,
98129_JIP2010:deployment:0792256,2011-01-04T04:44:00,2011,1,-63.1379888106936,169.863396698904,,MachineObservation,,
88728_Eden2009:deployment:0785992,2009-01-31T18:51:00,2009,1,-64.8636833360895,158.44825709398,,MachineObservation,,
88741_Eden2009:deployment:0789333,2008-12-18T13:13:00,2008,12,-61.9416305178534,164.273228261813,,MachineObservation,,
98114_JIP2010:deployment:0791193,2010-12-01T06:15:00,2010,12,-61.0957975814131,157.964330880426,,MachineObservation,,
88741_Eden2009:deployment:0789744,2009-01-21T19:13:00,2009,1,-63.3203123107062,158.049640878926,,MachineObservation,,
98129_JIP2010:deployment:0792021,2010-12-15T14:44:00,2010,12,-52.8839450500552,159.325488130841,,MachineObservation,,
88729_Eden2009:deployment:0786781,2009-01-01T22:40:00,2009,1,-64.6565717994699,119.682202012214,,MachineObservation,,
88729_Eden2009:deployment:0787090,2009-01-27T16:40:00,2009,1,-62.704589185157,103.411450242904,,MachineObservation,,
88728_Eden2009:deployment:0785201,2008-11-26T20:51:00,2008,11,-53.1696185921392,156.298041726564,,MachineObservation,,
88729_Eden2009:deployment:0786243,2008-11-18T02:40:00,2008,11,-47.3935971117794,136.939311648539,,MachineObservation,,
88738_Eden2009:deployment:0788537,2008-12-04T13:06:00,2008,12,-59.9383435043228,150.798154297005,,MachineObservation,,
88741_Eden2009:deployment:0789490,2008-12-31T15:13:00,2008,12,-62.7728107668531,160.104889456601,,MachineObservation,,
urn:catalog:AADC:WC:5854,1938-01-01 00:00:00+00,1938,1,-61.5,97.5,13,HumanObservation,,AADC
88718_Eden2009:deployment:0782534,2008-12-20T16:34:00,2008,12,-48.5140731434748,156.953011255672,,MachineObservation,,
13440_131178:deployment:0769199,2015-12-04T05:30:49,2015,12,-50.2004957127268,177.154936063046,,MachineObservation,,
88728_Eden2009:deployment:0785427,2008-12-15T16:51:00,2008,12,-62.2105903602105,157.522041762358,,MachineObservation,,
88741_Eden2009:deployment:0789484,2008-12-31T03:13:00,2008,12,-62.787217166708,160.111303326471,,MachineObservation,,
88729_Eden2009:deployment:0786434,2008-12-04T00:40:00,2008,12,-59.6682524997791,121.702134876021,,MachineObservation,,
88729_Eden2009:deployment:0787030,2009-01-22T16:40:00,2009,1,-63.2083499286503,104.373432586439,,MachineObservation,,
88729_Eden2009:deployment:0787077,2009-01-26T14:40:00,2009,1,-62.7610909966555,103.036467815336,,MachineObservation,,
64235_JIP2010:deployment:0781366,2010-11-17T11:10:00,2010,11,-53.9868934772845,155.215959749609,,MachineObservation,,
88718_Eden2009:deployment:0782558,2008-12-22T16:34:00,2008,12,-50.5154320439433,160.015886878582,,MachineObservation,,
88741_Eden2009:deployment:0789775,2009-01-24T09:13:00,2009,1,-64.3970419826279,160.627204795486,,MachineObservation,,
13440_131190:deployment:0776428,2015-12-10T06:31:20,2015,12,-63.1573807185012,175.282824810343,,MachineObservation,,
88728_Eden2009:deployment:0785716,2009-01-08T18:51:00,2009,1,-62.6296052293896,154.162575494618,,MachineObservation,,
88728_Eden2009:deployment:0785440,2008-12-16T18:51:00,2008,12,-62.8764603242616,158.025716328365,,MachineObservation,,
88738_Eden2009:deployment:0788755,2008-12-22T17:06:00,2008,12,-64.3040141676925,148.393340111806,,MachineObservation,,
88729_Eden2009:deployment:0786906,2009-01-12T08:40:00,2009,1,-64.5698503406114,117.007559688145,,MachineObservation,,
88723_Eden2009:deployment:0783674,2008-12-23T09:02:00,2008,12,-63.0560638178289,170.517698287908,,MachineObservation,,
98129_JIP2010:deployment:0791866,2010-12-02T16:44:00,2010,12,-46.582432237371,148.269927894815,,MachineObservation,,
88741_Eden2009:deployment:0790130,2009-02-22T23:13:00,2009,2,-64.7997109937592,163.468721052852,,MachineObservation,,
13440_131190:deployment:0776406,2015-12-08T10:31:20,2015,12,-61.6548421957301,177.542517562773,,MachineObservation,,
98129_JIP2010:deployment:0792017,2010-12-15T06:44:00,2010,12,-52.6457884105682,159.131376337071,,MachineObservation,,
88741_Eden2009:deployment:0790399,2009-03-17T09:13:00,2009,3,-64.967081146233,165.070310386832,,MachineObservation,,
88728_Eden2009:deployment:0785799,2009-01-15T16:51:00,2009,1,-63.683576266821,159.281092769319,,MachineObservation,,
229475,2017-11-01T08:08:26,2017,11,-45.46,166.71,1,HumanObservation,Happywhale - Humpback whale in South Pacific Ocean,Happywhale.com
urn:catalog:AADC:WC:5939,1951-01-01 00:00:00+00,1951,1,-60.5,83.5,36,HumanObservation,,AADC
64235_JIP2010:deployment:0781275,2010-11-09T21:10:00,2010,11,-46.6447203274303,148.991536670025,,MachineObservation,,
AAE-323-3068,2014-01-06T02:45:00Z,,,-62.8525,121.69583,,HumanObservation,,
13440_131178:deployment:0769160,2015-11-30T23:30:49,2015,11,-49.5353368121394,176.99242945372,,MachineObservation,,
88718_Eden2009:deployment:0782514,2008-12-19T00:34:00,2008,12,-47.389306482481,154.905051591975,,MachineObservation,,
98129_JIP2010:deployment:0791987,2010-12-12T18:44:00,2010,12,-51.3278156559177,157.488761610513,,MachineObservation,,
88728_Eden2009:deployment:0785243,2008-11-30T08:51:00,2008,11,-55.1784613195295,156.667058968494,,MachineObservation,,
88728_Eden2009:deployment:0785524,2008-12-23T18:51:00,2008,12,-63.9551849629677,156.779193551136,,MachineObservation,,
88741_Eden2009:deployment:0790307,2009-03-09T17:13:00,2009,3,-64.6746335063002,163.807533925109,,MachineObservation,,
98114_JIP2010:deployment:0791007,2010-11-15T18:15:00,2010,11,-49.7986257665749,160.059147337132,,MachineObservation,,
88729_Eden2009:deployment:0786646,2008-12-21T16:40:00,2008,12,-63.3887013257596,119.894140663405,,MachineObservation,,
88725_Eden2009:deployment:0784367,2008-11-30T16:04:00,2008,11,-47.5275273157326,151.60593169303,,MachineObservation,,
13440_131190:deployment:0776261,2015-11-26T08:31:20,2015,11,-54.1212606940956,177.77966241831,,MachineObservation,,
88733_Eden2009:deployment:0787927,2008-11-21T21:00:00,2008,11,-54.0629018378044,168.162609991018,,MachineObservation,,
88741_Eden2009:deployment:0789090,2008-11-28T07:13:00,2008,11,-48.1845265825063,168.113217191838,,MachineObservation,,
98129_JIP2010:deployment:0792212,2010-12-31T12:44:00,2010,12,-61.4654089810374,169.272218715183,,MachineObservation,,
98114_JIP2010:deployment:0791277,2010-12-08T06:15:00,2010,12,-62.0175628067687,157.64714204922,,MachineObservation,,
88718_Eden2009:deployment:0782591,2008-12-25T10:34:00,2008,12,-52.7799477901097,162.720229661199,,MachineObservation,,
88741_Eden2009:deployment:0789223,2008-12-09T09:13:00,2008,12,-56.1964858689599,169.993330447737,,MachineObservation,,
88723_Eden2009:deployment:0783626,2008-12-19T09:02:00,2008,12,-59.5069521432982,171.831777616886,,MachineObservation,,
88729_Eden2009:deployment:0786500,2008-12-09T12:40:00,2008,12,-62.1061056697998,118.894250330148,,MachineObservation,,
88741_Eden2009:deployment:0789441,2008-12-27T13:13:00,2008,12,-63.804387963709,162.027257751297,,MachineObservation,,
88741_Eden2009:deployment:0789580,2009-01-08T03:13:00,2009,1,-62.3967162238286,157.693445803227,,MachineObservation,,
88732_Eden2009:deployment:0787487,2008-11-19T11:33:00,2008,11,-45.8525861749642,164.112790272063,,MachineObservation,,
88741_Eden2009:deployment:0790123,2009-02-22T09:13:00,2009,2,-64.893619026921,163.504493041052,,MachineObservation,,
in2017_v01_09146,2017-01-22T00:16:00Z,,,-64.2358,115.6025,3,HumanObservation,,Macquarie University
urn:catalog:AADC:WC:5893,1939-01-01 00:00:00+00,1939,1,-60.5,102.5,47,HumanObservation,,AADC
88738_Eden2009:deployment:0788761,2008-12-23T05:06:00,2008,12,-64.3774017170861,148.353512807756,,MachineObservation,,
88729_Eden2009:deployment:0787053,2009-01-24T14:40:00,2009,1,-63.3169005045698,103.309912421133,,MachineObservation,,
urn:catalog:AADC:WC:5838,1938-01-01 00:00:00+00,1938,1,-60.5,88.5,1,HumanObservation,,AADC
88723_Eden2009:deployment:0783683,2008-12-24T03:02:00,2008,12,-62.9238070517403,170.665987923375,,MachineObservation,,
98129_JIP2010:deployment:0792529,2011-01-26T22:44:00,2011,1,-64.9012324128403,165.292525315732,,MachineObservation,,
urn:catalog:AADC:WC:5645,1935-01-01 00:00:00+00,1935,1,-59.5,101.5,6,HumanObservation,,AADC
88729_Eden2009:deployment:0786735,2008-12-29T02:40:00,2008,12,-63.8538113350087,117.98863182268,,MachineObservation,,
13440_131190:deployment:0776167,2015-11-18T12:31:20,2015,11,-48.9625696021871,179.851955391608,,MachineObservation,,
98114_JIP2010:deployment:0791132,2010-11-26T04:15:00,2010,11,-60.513710709194,159.017252682304,,MachineObservation,,
98114_JIP2010:deployment:0791120,2010-11-25T04:15:00,2010,11,-60.475354275912,158.655428246913,,MachineObservation,,
13440_131178:deployment:0769281,2015-12-11T01:30:49,2015,12,-53.9961774066738,177.475619667593,,MachineObservation,,
88729_Eden2009:deployment:0786316,2008-11-24T04:40:00,2008,11,-51.7453162813517,132.283435242433,,MachineObservation,,
88729_Eden2009:deployment:0786690,2008-12-25T08:40:00,2008,12,-63.4237782435012,119.501098146938,,MachineObservation,,
88741_Eden2009:deployment:0790368,2009-03-14T19:13:00,2009,3,-64.2594305049424,165.146316712122,,MachineObservation,,
88718_Eden2009:deployment:0782751,2009-01-07T18:34:00,2009,1,-64.9343358223805,179.398763692515,,MachineObservation,,
98129_JIP2010:deployment:0791943,2010-12-09T02:44:00,2010,12,-48.9422258387742,153.775363783507,,MachineObservation,,
88728_Eden2009:deployment:0785277,2008-12-03T04:51:00,2008,12,-57.2687066302499,156.799020017633,,MachineObservation,,
88741_Eden2009:deployment:0789844,2009-01-30T03:13:00,2009,1,-64.7724516719142,161.879739117328,,MachineObservation,,
88741_Eden2009:deployment:0789777,2009-01-24T13:13:00,2009,1,-64.3307169420897,160.728626820744,,MachineObservation,,
88733_Eden2009:deployment:0787896,2008-11-19T07:00:00,2008,11,-51.1809895320314,165.05138140037,,MachineObservation,,
88741_Eden2009:deployment:0789628,2009-01-12T03:13:00,2009,1,-62.7032276713175,156.23870522343,,MachineObservation,,
88733_Eden2009:deployment:0787842,2008-11-14T19:00:00,2008,11,-48.6304644928423,160.416454281016,,MachineObservation,,
88741_Eden2009:deployment:0789381,2008-12-22T13:13:00,2008,12,-61.7882562855681,164.492435410172,,MachineObservation,,
88732_Eden2009:deployment:0787478,2008-11-18T17:33:00,2008,11,-45.9381676538449,164.087888559116,,MachineObservation,,
88741_Eden2009:deployment:0789183,2008-12-06T01:13:00,2008,12,-53.7129452429375,170.370899630951,,MachineObservation,,
88729_Eden2009:deployment:0786537,2008-12-12T14:40:00,2008,12,-62.8706648582498,119.216179459447,,MachineObservation,,
88741_Eden2009:deployment:0789192,2008-12-06T19:13:00,2008,12,-54.6420605568902,170.660950280238,,MachineObservation,,
88741_Eden2009:deployment:0789480,2008-12-30T19:13:00,2008,12,-62.7981314775848,160.115866540153,,MachineObservation,,
urn:catalog:AADC:WC:5591,1934-01-01 00:00:00+00,1934,1,-58.5,81.5,5,HumanObservation,,AADC
urn:catalog:AADC:SOWS:SOWS-93700,1996-02-05 23:57:29Z,1996,2,-63.01374,88.35677,2,HumanObservation,,AADC
urn:catalog:AADC:WC:5756,1937-01-01 00:00:00+00,1937,1,-61.5,86.5,39,HumanObservation,,AADC
98129_JIP2010:deployment:0792104,2010-12-22T12:44:00,2010,12,-55.6791898595393,164.233320951177,,MachineObservation,,
88741_Eden2009:deployment:0789114,2008-11-30T07:13:00,2008,11,-49.318348490593,169.3505770432,,MachineObservation,,
98114_JIP2010:deployment:0791041,2010-11-18T14:15:00,2010,11,-53.2948725045136,159.471209370188,,MachineObservation,,
88741_Eden2009:deployment:0789174,2008-12-05T07:13:00,2008,12,-53.0293553167356,170.576223088548,,MachineObservation,,
88723_Eden2009:deployment:0783895,2009-01-10T19:02:00,2009,1,-63.8939095579248,168.585223627041,,MachineObservation,,
88725_Eden2009:deployment:0784737,2008-12-31T12:04:00,2008,12,-62.3594250580437,152.799270866265,,MachineObservation,,
88718_Eden2009:deployment:0782543,2008-12-21T10:34:00,2008,12,-49.1597336444956,158.241793876693,,MachineObservation,,
64235_JIP2010:deployment:0781399,2010-11-20T05:10:00,2010,11,-57.5335701073811,157.009382910111,,MachineObservation,,
88741_Eden2009:deployment:0789142,2008-12-02T15:13:00,2008,12,-50.5985996525925,170.594468717579,,MachineObservation,,
13440_131190:deployment:0776284,2015-11-28T06:31:20,2015,11,-56.0392670657486,178.487274962834,,MachineObservation,,
88729_Eden2009:deployment:0786346,2008-11-26T16:40:00,2008,11,-53.6440679074612,130.859369126335,,MachineObservation,,
urn:catalog:AADC:WC:5902,1939-01-01 00:00:00+00,1939,1,-61.5,97.5,14,HumanObservation,,AADC
88741_Eden2009:deployment:0789216,2008-12-08T19:13:00,2008,12,-55.7484646863823,170.31904260629,,MachineObservation,,
98129_JIP2010:deployment:0791860,2010-12-02T04:44:00,2010,12,-46.3472975722781,147.947507471108,,MachineObservation,,
88728_Eden2009:deployment:0785555,2008-12-26T08:51:00,2008,12,-62.3276335255387,155.874093431957,,MachineObservation,,
88728_Eden2009:deployment:0785604,2008-12-30T10:51:00,2008,12,-62.178665428868,155.733015416069,,MachineObservation,,
98114_JIP2010:deployment:0791271,2010-12-07T18:15:00,2010,12,-61.9288751105987,157.823139974043,,MachineObservation,,
88738_Eden2009:deployment:0788395,2008-11-22T17:06:00,2008,11,-49.2767868517692,149.237448061539,,MachineObservation,,
88741_Eden2009:deployment:0789318,2008-12-17T07:13:00,2008,12,-62.141365494921,164.405363447737,,MachineObservation,,
98129_JIP2010:deployment:0792239,2011-01-02T18:44:00,2011,1,-62.3378944841542,169.659943484403,,MachineObservation,,
88725_Eden2009:deployment:0784668,2008-12-25T18:04:00,2008,12,-62.6346065090762,157.854306315373,,MachineObservation,,
98129_JIP2010:deployment:0792124,2010-12-24T04:44:00,2010,12,-56.7770355563649,165.757518994592,,MachineObservation,,
88729_Eden2009:deployment:0786779,2009-01-01T18:40:00,2009,1,-64.6185252543763,119.700782138758,,MachineObservation,,
98114_JIP2010:deployment:0791019,2010-11-16T18:15:00,2010,11,-50.9794896943022,159.789459353332,,MachineObservation,,
88732_Eden2009:deployment:0787440,2008-11-15T13:33:00,2008,11,-45.8812863323693,164.146017244578,,MachineObservation,,
98114_JIP2010:deployment:0791011,2010-11-16T02:15:00,2010,11,-50.1633751097214,159.993880729033,,MachineObservation,,
88741_Eden2009:deployment:0789618,2009-01-11T07:13:00,2009,1,-62.6477075872996,157.164472154923,,MachineObservation,,
88741_Eden2009:deployment:0789104,2008-11-29T11:13:00,2008,11,-48.9205448026194,168.6797055529,,MachineObservation,,
88741_Eden2009:deployment:0789820,2009-01-28T03:13:00,2009,1,-64.274306416943,161.13472292062,,MachineObservation,,
88729_Eden2009:deployment:0786464,2008-12-06T12:40:00,2008,12,-60.7757430379464,120.967147181887,,MachineObservation,,
88733_Eden2009:deployment:0787983,2008-11-26T13:00:00,2008,11,-56.9234633283241,171.214675507602,,MachineObservation,,
88723_Eden2009:deployment:0783490,2008-12-08T01:02:00,2008,12,-47.3244347601789,167.39334897869,,MachineObservation,,
88729_Eden2009:deployment:0786731,2008-12-28T18:40:00,2008,12,-63.6828039396083,118.020621470055,,MachineObservation,,
88718_Eden2009:deployment:0782758,2009-01-08T08:34:00,2009,1,-64.9477862918509,179.433629888266,,MachineObservation,,
88718_Eden2009:deployment:0782607,2008-12-26T18:34:00,2008,12,-54.3198334414431,164.360031196082,,MachineObservation,,
urn:catalog:AADC:SOWS:SOWS-92568,2002-02-05 02:41:00Z,2002,2,-62.48,94.84,2,HumanObservation,,AADC
urn:catalog:AADC:WC:5699,1936-01-01 00:00:00+00,1936,1,-58.5,86.5,3,HumanObservation,,AADC
88728_Eden2009:deployment:0785395,2008-12-13T00:51:00,2008,12,-61.990368546287,156.917490124876,,MachineObservation,,
urn:catalog:AADC:WC:5882,1939-01-01 00:00:00+00,1939,1,-58.5,103.5,4,HumanObservation,,AADC
88729_Eden2009:deployment:0786591,2008-12-17T02:40:00,2008,12,-63.2613254342782,119.664032945247,,MachineObservation,,
13440_131178:deployment:0769071,2015-11-23T13:30:49,2015,11,-47.5511923840817,177.106321090466,,MachineObservation,,
13440_88727:deployment:0777156,2015-12-02T06:30:50,2015,12,-63.7213467150733,179.998585119619,,MachineObservation,,
98114_JIP2010:deployment:0791027,2010-11-17T10:15:00,2010,11,-52.087766487051,159.447312472354,,MachineObservation,,
urn:catalog:AADC:WC:5603,1934-01-01 00:00:00+00,1934,1,-61.5,82.5,5,HumanObservation,,AADC
98129_JIP2010:deployment:0792536,2011-01-27T12:44:00,2011,1,-64.9164900777059,165.25281648894,,MachineObservation,,
88729_Eden2009:deployment:0786532,2008-12-12T04:40:00,2008,12,-62.8840606850666,118.992756749493,,MachineObservation,,
88733_Eden2009:deployment:0788002,2008-11-28T03:00:00,2008,11,-58.7237926821228,172.78883661754,,MachineObservation,,
88733_Eden2009:deployment:0787955,2008-11-24T05:00:00,2008,11,-55.4932808707926,170.728943556544,,MachineObservation,,
88733_Eden2009:deployment:0787782,2008-11-09T19:00:00,2008,11,-46.6486474339636,155.4334819764,,MachineObservation,,
13440_131178:deployment:0769362,2015-12-17T19:30:49,2015,12,-60.1094037940125,179.674636951973,,MachineObservation,,
64235_JIP2010:deployment:0781282,2010-11-10T11:10:00,2010,11,-47.3375001932818,149.401680724164,,MachineObservation,,
urn:catalog:AADC:WC:5588,1934-01-01 00:00:00+00,1934,1,-57.5,87.5,73,HumanObservation,,AADC
88728_Eden2009:deployment:0785062,2008-11-15T06:51:00,2008,11,-45.0884763644566,151.102873831087,,MachineObservation,,
88741_Eden2009:deployment:0789049,2008-11-24T21:13:00,2008,11,-45.3277778948706,166.401633424306,,MachineObservation,,
88738_Eden2009:deployment:0788721,2008-12-19T21:06:00,2008,12,-63.9799523712291,148.993317295788,,MachineObservation,,
395822,1999-02-15T02:36,1999,2,-62.36,98.44,1,HumanObservation,Happywhale - Humpback whale in Southern Ocean,Happywhale.com
88729_Eden2009:deployment:0787155,2009-02-02T02:40:00,2009,2,-61.2926691074594,101.472097545658,,MachineObservation,,
urn:catalog:AADC:SOWS:SOWS-92912,2001-03-02 00:00:00Z,2001,3,-61.758,98.014,2,HumanObservation,,AADC
13440_131190:deployment:0776399,2015-12-07T20:31:20,2015,12,-61.5998585174851,177.679365974934,,MachineObservation,,
88728_Eden2009:deployment:0785911,2009-01-25T00:51:00,2009,1,-64.6379732959859,159.687795735265,,MachineObservation,,
88729_Eden2009:deployment:0787130,2009-01-31T00:40:00,2009,1,-62.1156140429008,102.245645746758,,MachineObservation,,
88741_Eden2009:deployment:0790340,2009-03-12T11:13:00,2009,3,-64.150456607298,164.67556709494,,MachineObservation,,
88741_Eden2009:deployment:0790365,2009-03-14T13:13:00,2009,3,-64.1115415131677,165.094326775454,,MachineObservation,,
88738_Eden2009:deployment:0788729,2008-12-20T13:06:00,2008,12,-64.1490050696183,148.40668337693,,MachineObservation,,
88718_Eden2009:deployment:0782663,2008-12-31T10:34:00,2008,12,-58.7192657200817,172.110962166582,,MachineObservation,,
98114_JIP2010:deployment:0790977,2010-11-13T06:15:00,2010,11,-46.7948804420273,160.295297863712,,MachineObservation,,
88733_Eden2009:deployment:0787897,2008-11-19T09:00:00,2008,11,-51.2599052992771,165.132720233934,,MachineObservation,,
88741_Eden2009:deployment:0789768,2009-01-23T19:13:00,2009,1,-64.3302306304859,160.291421620243,,MachineObservation,,
88718_Eden2009:deployment:0782523,2008-12-19T18:34:00,2008,12,-47.8844945433008,155.610949088463,,MachineObservation,,
98129_JIP2010:deployment:0792185,2010-12-29T06:44:00,2010,12,-58.7483314964023,170.263117818077,,MachineObservation,,
88725_Eden2009:deployment:0784517,2008-12-13T04:04:00,2008,12,-61.6517097565795,155.962291291311,,MachineObservation,,
98129_JIP2010:deployment:0792531,2011-01-27T02:44:00,2011,1,-64.8653004729381,165.307175967151,,MachineObservation,,
88732_Eden2009:deployment:0787494,2008-11-20T01:33:00,2008,11,-45.8047115164472,164.23964703577,,MachineObservation,,
98114_JIP2010:deployment:0791250,2010-12-06T00:15:00,2010,12,-61.6351358932616,157.420507128311,,MachineObservation,,
88725_Eden2009:deployment:0784747,2009-01-01T08:04:00,2009,1,-62.3632685816376,152.873953760407,,MachineObservation,,
88738_Eden2009:deployment:0788380,2008-11-21T11:06:00,2008,11,-48.0762134582287,148.629199393856,,MachineObservation,,
urn:catalog:AADC:WC:5856,1938-01-01 00:00:00+00,1938,1,-61.5,99.5,3,HumanObservation,,AADC
88729_Eden2009:deployment:0786488,2008-12-08T12:40:00,2008,12,-61.5866027462644,119.403471425462,,MachineObservation,,
98129_JIP2010:deployment:0791884,2010-12-04T04:44:00,2010,12,-47.1345698456241,148.836122612061,,MachineObservation,,
urn:catalog:AADC:WOV:WOV-148930,1979-01-18 21:00:00+00,1979,1,-53.8667,110.4667,1,HumanObservation,,AADC
88729_Eden2009:deployment:0786619,2008-12-19T10:40:00,2008,12,-63.6291612707656,119.38050881806,,MachineObservation,,
88723_Eden2009:deployment:0783813,2009-01-03T23:02:00,2009,1,-63.4243723742435,167.755311246516,,MachineObservation,,
88723_Eden2009:deployment:0783668,2008-12-22T21:02:00,2008,12,-63.028242404956,170.641516394515,,MachineObservation,,
88741_Eden2009:deployment:0789669,2009-01-15T13:13:00,2009,1,-62.8523477376099,156.029105860026,,MachineObservation,,
88723_Eden2009:deployment:0783603,2008-12-17T11:02:00,2008,12,-57.4880934525357,172.89272727642,,MachineObservation,,
13440_131178:deployment:0769137,2015-11-29T01:30:49,2015,11,-49.3144056260607,177.08279519516,,MachineObservation,,
88741_Eden2009:deployment:0789309,2008-12-16T13:13:00,2008,12,-62.1857099730037,164.582216532841,,MachineObservation,,
88729_Eden2009:deployment:0786356,2008-11-27T12:40:00,2008,11,-54.2954918484545,129.745653166751,,MachineObservation,,
88725_Eden2009:deployment:0784550,2008-12-15T22:04:00,2008,12,-62.3440363338473,156.262735280567,,MachineObservation,,
98129_JIP2010:deployment:0792120,2010-12-23T20:44:00,2010,12,-56.5310263681474,165.617376360774,,MachineObservation,,
urn:catalog:AADC:WC:5869,1938-01-01 00:00:00+00,1938,1,-63.5,89.5,1,HumanObservation,,AADC
88725_Eden2009:deployment:0784884,2009-01-12T18:04:00,2009,1,-62.4834655684241,150.355595283475,,MachineObservation,,
98129_JIP2010:deployment:0791903,2010-12-05T18:44:00,2010,12,-47.3331978130376,150.403468242044,,MachineObservation,,
88741_Eden2009:deployment:0789927,2009-02-06T01:13:00,2009,2,-64.9926014958379,162.122722860017,,MachineObservation,,
88728_Eden2009:deployment:0785339,2008-12-08T08:51:00,2008,12,-61.7643847719743,156.622809251599,,MachineObservation,,
98129_JIP2010:deployment:0791958,2010-12-10T08:44:00,2010,12,-49.1884964472825,155.061623340468,,MachineObservation,,
88729_Eden2009:deployment:0786942,2009-01-15T08:40:00,2009,1,-63.7599105714449,114.367381528561,,MachineObservation,,
urn:catalog:AADC:WC:5804,1938-01-01 00:00:00+00,1938,1,-57.5,91.5,10,HumanObservation,,AADC
64235_JIP2010:deployment:0781359,2010-11-16T21:10:00,2010,11,-53.0374747859868,154.390010682342,,MachineObservation,,
13440_131178:deployment:0769207,2015-12-04T21:30:49,2015,12,-50.4144095759063,177.684845533507,,MachineObservation,,
urn:catalog:AADC:WC:5663,1935-01-01 00:00:00+00,1935,1,-61.5,80.5,1,HumanObservation,,AADC
88738_Eden2009:deployment:0788554,2008-12-05T23:06:00,2008,12,-60.108568594401,150.018617589205,,MachineObservation,,
98114_JIP2010:deployment:0791268,2010-12-07T12:15:00,2010,12,-61.9351225650782,157.651611695301,,MachineObservation,,
88741_Eden2009:deployment:0790317,2009-03-10T13:13:00,2009,3,-64.5413230355887,163.216398737069,,MachineObservation,,
88733_Eden2009:deployment:0787902,2008-11-19T19:00:00,2008,11,-51.6189416925538,165.585425577383,,MachineObservation,,
88738_Eden2009:deployment:0788600,2008-12-09T19:06:00,2008,12,-63.1657399963056,150.455450124868,,MachineObservation,,
88729_Eden2009:deployment:0786323,2008-11-24T18:40:00,2008,11,-52.1172496400632,131.916695905836,,MachineObservation,,
88725_Eden2009:deployment:0784586,2008-12-18T22:04:00,2008,12,-62.7835212314346,157.255209715493,,MachineObservation,,
88728_Eden2009:deployment:0785355,2008-12-09T16:51:00,2008,12,-61.8859984886154,157.135511494614,,MachineObservation,,
88729_Eden2009:deployment:0786666,2008-12-23T08:40:00,2008,12,-63.6979761132207,119.762526094167,,MachineObservation,,
88718_Eden2009:deployment:0782695,2009-01-03T02:34:00,2009,1,-61.7341983808003,175.463521544021,,MachineObservation,,
13440_131190:deployment:0776378,2015-12-06T02:31:20,2015,12,-61.0147475078158,177.918891006704,,MachineObservation,,
88729_Eden2009:deployment:0786950,2009-01-16T00:40:00,2009,1,-63.6737728945538,113.441350696348,,MachineObservation,,
88738_Eden2009:deployment:0788474,2008-11-29T07:06:00,2008,11,-57.1664619927213,153.435741254178,,MachineObservation,,
88723_Eden2009:deployment:0783921,2009-01-12T23:02:00,2009,1,-64.2490656728923,168.704903490619,,MachineObservation,,
88728_Eden2009:deployment:0785176,2008-11-24T18:51:00,2008,11,-51.8906851978477,155.364172772419,,MachineObservation,,
64235_JIP2010:deployment:0781330,2010-11-14T11:10:00,2010,11,-50.6988046511224,152.685954076278,,MachineObservation,,
13440_131178:deployment:0769085,2015-11-24T17:30:49,2015,11,-48.0999342273744,177.054353747546,,MachineObservation,,
218718,2008-01-07T10:37:41,2008,1,-62.47,87.04,1,HumanObservation,Happywhale - Humpback whale in Southern Ocean,Happywhale.com
88733_Eden2009:deployment:0788015,2008-11-29T05:00:00,2008,11,-59.5233662862728,173.732694000459,,MachineObservation,,
88729_Eden2009:deployment:0787073,2009-01-26T06:40:00,2009,1,-62.7185998227292,103.102029212,,MachineObservation,,
88728_Eden2009:deployment:0785300,2008-12-05T02:51:00,2008,12,-58.7594518632311,156.693854820897,,MachineObservation,,
88741_Eden2009:deployment:0789469,2008-12-29T21:13:00,2008,12,-62.990823160141,160.379210384609,,MachineObservation,,
88732_Eden2009:deployment:0787419,2008-11-13T19:33:00,2008,11,-45.7566906385456,163.544411134625,,MachineObservation,,
urn:catalog:AADC:SOWS:SOWS-92833,2001-01-31 00:00:00Z,2001,1,-63.924,105.321,3,HumanObservation,,AADC
88738_Eden2009:deployment:0788498,2008-12-01T07:06:00,2008,12,-59.3365980676101,152.006475551033,,MachineObservation,,
88725_Eden2009:deployment:0784866,2009-01-11T06:04:00,2009,1,-62.2416320477898,150.411505647077,,MachineObservation,,
88738_Eden2009:deployment:0788654,2008-12-14T07:06:00,2008,12,-63.6472443877073,149.941972825283,,MachineObservation,,
88728_Eden2009:deployment:0785295,2008-12-04T16:51:00,2008,12,-58.3643917309027,156.77374029592,,MachineObservation,,
88723_Eden2009:deployment:0783774,2008-12-31T17:02:00,2008,12,-63.0056624999624,169.477781175545,,MachineObservation,,
88728_Eden2009:deployment:0785434,2008-12-16T06:51:00,2008,12,-62.4242034278117,158.031861427633,,MachineObservation,,
88728_Eden2009:deployment:0785523,2008-12-23T16:51:00,2008,12,-63.9435993571885,156.796615482666,,MachineObservation,,
https://www.inaturalist.org/observations/257674324,2024-12-30T20:22:00+11:00,,,-49.12263,166.44109,,HumanObservation,iNaturalist research-grade observations,iNaturalist
88723_Eden2009:deployment:0783523,2008-12-10T19:02:00,2008,12,-50.5657514257104,169.350783026438,,MachineObservation,,
88728_Eden2009:deployment:0785513,2008-12-22T20:51:00,2008,12,-64.1274539550465,157.230766092586,,MachineObservation,,
urn:catalog:AADC:SOWS:SOWS-100712,1998-01-01 00:00:00Z,1998,1,-57.38,81.59,2,HumanObservation,,AADC
88732_Eden2009:deployment:0787570,2008-11-26T09:33:00,2008,11,-49.7977550853937,163.834133206075,,MachineObservation,,
88729_Eden2009:deployment:0786504,2008-12-09T20:40:00,2008,12,-62.3825564138538,118.729208942992,,MachineObservation,,
88738_Eden2009:deployment:0788368,2008-11-20T11:06:00,2008,11,-46.8491028775488,148.072366725607,,MachineObservation,,
88732_Eden2009:deployment:0787403,2008-11-12T11:33:00,2008,11,-45.5041356455208,162.322148942689,,MachineObservation,,
626252,2026-01-11,2026,1,-63.389217,163.528833,1,HumanObservation,Happywhale - Humpback whale in Southern Ocean,Happywhale.com
98114_JIP2010:deployment:0791081,2010-11-21T22:15:00,2010,11,-57.4227877460332,159.607426957183,,MachineObservation,,
98129_JIP2010:deployment:0791933,2010-12-08T06:44:00,2010,12,-48.562133907489,153.012576210607,,MachineObservation,,
13440_131190:deployment:0776184,2015-11-19T22:31:20,2015,11,-49.269235949332,179.238773249691,,MachineObservation,,
88728_Eden2009:deployment:0785094,2008-11-17T22:51:00,2008,11,-46.9438994174691,151.981862603574,,MachineObservation,,
88725_Eden2009:deployment:0784799,2009-01-05T16:04:00,2009,1,-61.7270600722505,151.700649863191,,MachineObservation,,
88728_Eden2009:deployment:0785203,2008-11-27T00:51:00,2008,11,-53.239237513474,156.378266723026,,MachineObservation,,
88718_Eden2009:deployment:0782487,2008-12-16T18:34:00,2008,12,-45.7318871940599,152.467578325304,,MachineObservation,,
urn:catalog:AADC:SOWS:SOWS-92577,2002-02-05 07:24:00Z,2002,2,-62.68,92.92,1,HumanObservation,,AADC
88725_Eden2009:deployment:0784724,2008-12-30T10:04:00,2008,12,-62.6021748196429,153.252451537616,,MachineObservation,,
88738_Eden2009:deployment:0788599,2008-12-09T17:06:00,2008,12,-63.1221505179836,150.406057329023,,MachineObservation,,
in2017_v01_09912,2017-01-29T07:25:00Z,,,-64.25222,116.405,2,HumanObservation,,Macquarie University
88725_Eden2009:deployment:0784669,2008-12-25T20:04:00,2008,12,-62.662937573511,157.922921745884,,MachineObservation,,
88728_Eden2009:deployment:0785836,2009-01-18T18:51:00,2009,1,-64.6239017226664,163.674220349798,,MachineObservation,,
88729_Eden2009:deployment:0786787,2009-01-02T10:40:00,2009,1,-64.6653975252595,119.567366391312,,MachineObservation,,
88728_Eden2009:deployment:0785242,2008-11-30T06:51:00,2008,11,-55.1240837045882,156.683747379325,,MachineObservation,,
98114_JIP2010:deployment:0791259,2010-12-06T18:15:00,2010,12,-61.8077395067543,157.41439763847,,MachineObservation,,
98129_JIP2010:deployment:0792049,2010-12-17T22:44:00,2010,12,-53.9124887750934,161.988533373134,,MachineObservation,,
88738_Eden2009:deployment:0788399,2008-11-23T01:06:00,2008,11,-49.663021865612,149.369780380441,,MachineObservation,,
88732_Eden2009:deployment:0787577,2008-11-26T23:33:00,2008,11,-50.3092553442856,163.595385771307,,MachineObservation,,
88728_Eden2009:deployment:0785496,2008-12-21T10:51:00,2008,12,-64.1328078507364,157.93500294702,,MachineObservation,,
98129_JIP2010:deployment:0792019,2010-12-15T10:44:00,2010,12,-52.7621646323679,159.228163460833,,MachineObservation,,
urn:catalog:AADC:WC:5919,1939-01-01 00:00:00+00,1939,1,-63.5,105.5,4,HumanObservation,,AADC
88723_Eden2009:deployment:0783491,2008-12-08T03:02:00,2008,12,-47.4017117127611,167.471665391077,,MachineObservation,,
88723_Eden2009:deployment:0783676,2008-12-23T13:02:00,2008,12,-63.0092512725495,170.487956055956,,MachineObservation,,
88741_Eden2009:deployment:0789838,2009-01-29T15:13:00,2009,1,-64.6431139695187,161.620183576559,,MachineObservation,,
88725_Eden2009:deployment:0784343,2008-11-28T16:04:00,2008,11,-45.4207570718966,150.357917568206,,MachineObservation,,
88729_Eden2009:deployment:0786597,2008-12-17T14:40:00,2008,12,-63.2297560330648,119.522138878879,,MachineObservation,,
88723_Eden2009:deployment:0783642,2008-12-20T17:02:00,2008,12,-61.0668245557175,171.699672175949,,MachineObservation,,
88729_Eden2009:deployment:0786983,2009-01-18T18:40:00,2009,1,-63.2286832499435,108.202600911659,,MachineObservation,,
98129_JIP2010:deployment:0792172,2010-12-28T04:44:00,2010,12,-58.0158347268697,169.894251426502,,MachineObservation,,
88723_Eden2009:deployment:0783616,2008-12-18T13:02:00,2008,12,-58.4955484812898,172.166386051662,,MachineObservation,,
88741_Eden2009:deployment:0789135,2008-12-02T01:13:00,2008,12,-50.234110270838,170.331501275424,,MachineObservation,,
88718_Eden2009:deployment:0782671,2009-01-01T02:34:00,2009,1,-59.3398704652092,173.015862338043,,MachineObservation,,
64235_JIP2010:deployment:0781312,2010-11-12T23:10:00,2010,11,-49.3625255713672,151.633861061263,,MachineObservation,,
64235_JIP2010:deployment:0781328,2010-11-14T07:10:00,2010,11,-50.598215629386,152.687679700238,,MachineObservation,,
88733_Eden2009:deployment:0787864,2008-11-16T15:00:00,2008,11,-49.6942712366775,162.804790267422,,MachineObservation,,
88723_Eden2009:deployment:0783740,2008-12-28T21:02:00,2008,12,-63.0745899961664,169.516841850556,,MachineObservation,,
88723_Eden2009:deployment:0783561,2008-12-13T23:02:00,2008,12,-53.3862117330391,171.763935024272,,MachineObservation,,
88741_Eden2009:deployment:0789582,2009-01-08T07:13:00,2009,1,-62.3910356190443,157.696526111383,,MachineObservation,,
88741_Eden2009:deployment:0789830,2009-01-28T23:13:00,2009,1,-64.464373170248,161.544133008196,,MachineObservation,,
88725_Eden2009:deployment:0784411,2008-12-04T08:04:00,2008,12,-52.1056596389215,154.352013512663,,MachineObservation,,
13440_131190:deployment:0776271,2015-11-27T04:31:20,2015,11,-55.1304671717366,178.020838496834,,MachineObservation,,
88723_Eden2009:deployment:0783673,2008-12-23T07:02:00,2008,12,-63.067650927807,170.542138130712,,MachineObservation,,
98114_JIP2010:deployment:0791292,2010-12-09T12:15:00,2010,12,-62.1227619557877,157.814790337091,,MachineObservation,,
88738_Eden2009:deployment:0788653,2008-12-14T05:06:00,2008,12,-63.6511151278252,149.975058840257,,MachineObservation,,
98129_JIP2010:deployment:0792031,2010-12-16T10:44:00,2010,12,-53.3589653996158,160.004369247193,,MachineObservation,,
urn:catalog:AADC:WC:5632,1935-01-01 00:00:00+00,1935,1,-59.5,80.5,1,HumanObservation,,AADC
88728_Eden2009:deployment:0785677,2009-01-05T12:51:00,2009,1,-62.2340400872205,155.621117090849,,MachineObservation,,
88728_Eden2009:deployment:0785453,2008-12-17T20:51:00,2008,12,-63.191200288557,158.400495128701,,MachineObservation,,
88718_Eden2009:deployment:0782771,2009-01-09T10:34:00,2009,1,-64.9993472996192,179.574842058649,,MachineObservation,,
88729_Eden2009:deployment:0786557,2008-12-14T06:40:00,2008,12,-62.9953082910107,119.388458563117,,MachineObservation,,
13440_131190:deployment:0776275,2015-11-27T12:31:20,2015,11,-55.398232704478,178.271022569456,,MachineObservation,,
urn:catalog:AADC:WC:5848,1938-01-01 00:00:00+00,1938,1,-61.5,91.5,2,HumanObservation,,AADC
88723_Eden2009:deployment:0783843,2009-01-06T11:02:00,2009,1,-63.1382992793632,167.904369807634,,MachineObservation,,
88741_Eden2009:deployment:0789323,2008-12-17T17:13:00,2008,12,-62.1047196869577,164.283476943726,,MachineObservation,,
98129_JIP2010:deployment:0791838,2010-11-30T08:44:00,2010,11,-45.6055103093814,147.55019944087,,MachineObservation,,
13440_88727:deployment:0777171,2015-12-03T12:30:50,2015,12,-64.0197134060498,179.937013847308,,MachineObservation,,
88732_Eden2009:deployment:0787420,2008-11-13T21:33:00,2008,11,-45.7655503600552,163.630273042998,,MachineObservation,,
88723_Eden2009:deployment:0783586,2008-12-16T01:02:00,2008,12,-55.8473465669666,173.432543735755,,MachineObservation,,
88741_Eden2009:deployment:0789840,2009-01-29T19:13:00,2009,1,-64.7651018641648,161.967786388729,,MachineObservation,,
88728_Eden2009:deployment:0785298,2008-12-04T22:51:00,2008,12,-58.6079334737976,156.752897574643,,MachineObservation,,
88738_Eden2009:deployment:0788558,2008-12-06T07:06:00,2008,12,-60.3446688533439,149.925874858233,,MachineObservation,,
88741_Eden2009:deployment:0789045,2008-11-24T13:13:00,2008,11,-45.1107637871679,166.274582834665,,MachineObservation,,
88741_Eden2009:deployment:0790618,2009-04-04T15:13:00,2009,4,-64.8627223271474,168.063930255923,,MachineObservation,,
88723_Eden2009:deployment:0783850,2009-01-07T01:02:00,2009,1,-63.1327755016402,168.083660157526,,MachineObservation,,
88729_Eden2009:deployment:0787022,2009-01-22T00:40:00,2009,1,-63.2823463037303,104.468625578168,,MachineObservation,,
98129_JIP2010:deployment:0792000,2010-12-13T20:44:00,2010,12,-51.65794010842,158.077457775389,,MachineObservation,,
88729_Eden2009:deployment:0787122,2009-01-30T08:40:00,2009,1,-62.2396927114501,102.484518299266,,MachineObservation,,
88728_Eden2009:deployment:0785962,2009-01-29T06:51:00,2009,1,-64.6510404691573,158.219584815734,,MachineObservation,,
88729_Eden2009:deployment:0786643,2008-12-21T10:40:00,2008,12,-63.3300638736743,119.817989883467,,MachineObservation,,
88728_Eden2009:deployment:0785753,2009-01-11T20:51:00,2009,1,-62.827055771445,155.147225066729,,MachineObservation,,
88725_Eden2009:deployment:0784874,2009-01-11T22:04:00,2009,1,-62.3302163935052,150.230973426266,,MachineObservation,,
88733_Eden2009:deployment:0787819,2008-11-12T21:00:00,2008,11,-47.8672675954976,158.472896030833,,MachineObservation,,
88728_Eden2009:deployment:0785588,2008-12-29T02:51:00,2008,12,-61.817524711854,155.687953732757,,MachineObservation,,
88725_Eden2009:deployment:0784813,2009-01-06T20:04:00,2009,1,-61.8457251827204,150.707331000333,,MachineObservation,,
88729_Eden2009:deployment:0786898,2009-01-11T16:40:00,2009,1,-64.6047520503651,118.272278493827,,MachineObservation,,
98129_JIP2010:deployment:0792187,2010-12-29T10:44:00,2010,12,-58.9180841729259,170.289972901815,,MachineObservation,,
88729_Eden2009:deployment:0786757,2008-12-30T22:40:00,2008,12,-64.1831344084706,119.325847958977,,MachineObservation,,
13440_131190:deployment:0776293,2015-11-29T00:31:20,2015,11,-56.1714217742854,178.421917153755,,MachineObservation,,
98114_JIP2010:deployment:0791235,2010-12-04T18:15:00,2010,12,-61.4193314188195,157.401218720255,,MachineObservation,,
urn:catalog:AADC:WC:5647,1935-01-01 00:00:00+00,1935,1,-60.5,83.5,13,HumanObservation,,AADC
13440_131178:deployment:0769123,2015-11-27T21:30:49,2015,11,-49.076881821363,177.007645851676,,MachineObservation,,
88725_Eden2009:deployment:0784350,2008-11-29T06:04:00,2008,11,-46.2430616471311,150.76556595331,,MachineObservation,,
urn:catalog:AADC:WC:5754,1937-01-01 00:00:00+00,1937,1,-61.5,83.5,2,HumanObservation,,AADC
88729_Eden2009:deployment:0786265,2008-11-19T22:40:00,2008,11,-48.5184459863729,135.157062709697,,MachineObservation,,
88725_Eden2009:deployment:0784675,2008-12-26T08:04:00,2008,12,-62.7571451824436,158.245629976457,,MachineObservation,,
urn:catalog:AADC:WOV:WOV-148550,1995-02-16 00:10:00+00,1995,2,-64.0667,102.3,9,HumanObservation,,AADC
88728_Eden2009:deployment:0785553,2008-12-26T04:51:00,2008,12,-62.4121013025654,155.787251506639,,MachineObservation,,
64235_JIP2010:deployment:0781313,2010-11-13T01:10:00,2010,11,-49.4127292499741,151.788849901944,,MachineObservation,,
88728_Eden2009:deployment:0785743,2009-01-11T00:51:00,2009,1,-62.354803358051,155.209606642312,,MachineObservation,,
64235_JIP2010:deployment:0781352,2010-11-16T07:10:00,2010,11,-52.4367645029522,153.735115779522,,MachineObservation,,
88738_Eden2009:deployment:0788413,2008-11-24T05:06:00,2008,11,-50.9664484519682,150.043876554294,,MachineObservation,,
urn:catalog:AADC:WC:5659,1935-01-01 00:00:00+00,1935,1,-60.5,95.5,10,HumanObservation,,AADC
218719,2008-01-07T10:37:54,2008,1,-62.47,87.04,1,HumanObservation,Happywhale - Humpback whale in Southern Ocean,Happywhale.com
88738_Eden2009:deployment:0788419,2008-11-24T17:06:00,2008,11,-51.4683776586227,150.536056306285,,MachineObservation,,
64235_JIP2010:deployment:0781406,2010-11-20T19:10:00,2010,11,-58.2920215889732,157.470583446977,,MachineObservation,,
98114_JIP2010:deployment:0791255,2010-12-06T10:15:00,2010,12,-61.6870243471204,157.385263698732,,MachineObservation,,
88738_Eden2009:deployment:0788403,2008-11-23T09:06:00,2008,11,-50.0341253723028,149.557575836273,,MachineObservation,,
88728_Eden2009:deployment:0785313,2008-12-06T04:51:00,2008,12,-59.8161262755983,155.862717891882,,MachineObservation,,
98129_JIP2010:deployment:0792046,2010-12-17T16:44:00,2010,12,-53.841707931346,161.577775456187,,MachineObservation,,
88729_Eden2009:deployment:0786741,2008-12-29T14:40:00,2008,12,-63.9475424031013,118.164866596682,,MachineObservation,,
98129_JIP2010:deployment:0791850,2010-12-01T08:44:00,2010,12,-46.0126289047444,147.879250159229,,MachineObservation,,
218698,2008-01-02T16:37:22,2008,1,-63.34,112.57,1,HumanObservation,Happywhale - Humpback whale in Southern Ocean,Happywhale.com
88723_Eden2009:deployment:0783876,2009-01-09T05:02:00,2009,1,-63.5584684452284,168.510994626246,,MachineObservation,,
64235_JIP2010:deployment:0781486,2010-11-27T11:10:00,2010,11,-60.794062372402,157.98958370313,,MachineObservation,,
88741_Eden2009:deployment:0789498,2009-01-01T07:13:00,2009,1,-62.6876558075686,159.505365596094,,MachineObservation,,
64235_JIP2010:deployment:0781404,2010-11-20T15:10:00,2010,11,-58.0759258317502,157.342622371537,,MachineObservation,,
88741_Eden2009:deployment:0789064,2008-11-26T03:13:00,2008,11,-46.2642657947041,166.412912058624,,MachineObservation,,
88728_Eden2009:deployment:0785741,2009-01-10T20:51:00,2009,1,-62.2402240873213,155.082771634468,,MachineObservation,,
88733_Eden2009:deployment:0787898,2008-11-19T11:00:00,2008,11,-51.3350355041775,165.214742095253,,MachineObservation,,
218706,2008-01-03T18:09:23,2008,1,-63.25,105.39,1,HumanObservation,Happywhale - Humpback whale in Southern Ocean,Happywhale.com
98129_JIP2010:deployment:0792041,2010-12-17T06:44:00,2010,12,-53.7076544944778,160.851344700126,,MachineObservation,,
88733_Eden2009:deployment:0787840,2008-11-14T15:00:00,2008,11,-48.5661819163867,160.201387214146,,MachineObservation,,
88733_Eden2009:deployment:0787963,2008-11-24T21:00:00,2008,11,-55.878876812549,171.513155707971,,MachineObservation,,
88741_Eden2009:deployment:0789377,2008-12-22T05:13:00,2008,12,-61.7841192249831,164.521590491327,,MachineObservation,,
88725_Eden2009:deployment:0784450,2008-12-07T14:04:00,2008,12,-55.4405296198767,156.081245763045,,MachineObservation,,
13440_131190:deployment:0776471,2015-12-13T20:31:20,2015,12,-63.6282083920502,177.445851960523,,MachineObservation,,
88729_Eden2009:deployment:0787018,2009-01-21T16:40:00,2009,1,-63.1719797706757,104.631926433352,,MachineObservation,,
88741_Eden2009:deployment:0789275,2008-12-13T17:13:00,2008,12,-60.2688534180358,167.364221887865,,MachineObservation,,
urn:catalog:AADC:SOWS:SOWS-92736,2001-01-11 00:00:00Z,2001,1,-62.993,84.663,2,HumanObservation,,AADC
88741_Eden2009:deployment:0789697,2009-01-17T21:13:00,2009,1,-62.4716673520368,155.978753770994,,MachineObservation,,
88729_Eden2009:deployment:0787075,2009-01-26T10:40:00,2009,1,-62.7328038565185,102.989761612059,,MachineObservation,,
64235_JIP2010:deployment:0781475,2010-11-26T13:10:00,2010,11,-60.7034407979174,157.980718453112,,MachineObservation,,
98114_JIP2010:deployment:0790985,2010-11-13T22:15:00,2010,11,-47.4578373552583,160.326286859629,,MachineObservation,,
13440_131178:deployment:0769103,2015-11-26T05:30:49,2015,11,-48.6445318571181,176.856373420464,,MachineObservation,,
88741_Eden2009:deployment:0789368,2008-12-21T11:13:00,2008,12,-61.7909997876627,164.13354676483,,MachineObservation,,
88741_Eden2009:deployment:0790295,2009-03-08T17:13:00,2009,3,-64.9065707205059,164.071952256153,,MachineObservation,,
64235_JIP2010:deployment:0781446,2010-11-24T03:10:00,2010,11,-60.5102793387563,157.672783858883,,MachineObservation,,
88729_Eden2009:deployment:0786932,2009-01-14T12:40:00,2009,1,-63.8925882136927,115.366469308469,,MachineObservation,,
88729_Eden2009:deployment:0786706,2008-12-26T16:40:00,2008,12,-63.4210033986024,119.548188736003,,MachineObservation,,
13440_131190:deployment:0776358,2015-12-04T10:31:20,2015,12,-59.8275532843312,178.572448958916,,MachineObservation,,
88728_Eden2009:deployment:0785472,2008-12-19T10:51:00,2008,12,-63.8082524590578,159.231222665394,,MachineObservation,,
64235_JIP2010:deployment:0781323,2010-11-13T21:10:00,2010,11,-50.2967272386757,152.676251176379,,MachineObservation,,
98114_JIP2010:deployment:0791102,2010-11-23T16:15:00,2010,11,-60.1185613308787,158.595193607869,,MachineObservation,,
88725_Eden2009:deployment:0784690,2008-12-27T14:04:00,2008,12,-62.8819360073589,156.377385590897,,MachineObservation,,
88725_Eden2009:deployment:0784721,2008-12-30T04:04:00,2008,12,-62.6293318264567,153.466938121438,,MachineObservation,,
88733_Eden2009:deployment:0788030,2008-11-30T11:00:00,2008,11,-60.3994747852237,174.486589267329,,MachineObservation,,
88725_Eden2009:deployment:0784725,2008-12-30T12:04:00,2008,12,-62.5883902690708,153.175713121266,,MachineObservation,,
88723_Eden2009:deployment:0783906,2009-01-11T17:02:00,2009,1,-64.0159951561698,168.55872083934,,MachineObservation,,
88728_Eden2009:deployment:0785714,2009-01-08T14:51:00,2009,1,-62.5478904308501,154.24405057819,,MachineObservation,,
88741_Eden2009:deployment:0789353,2008-12-20T05:13:00,2008,12,-61.9904984392394,163.928446941586,,MachineObservation,,
88738_Eden2009:deployment:0788607,2008-12-10T09:06:00,2008,12,-63.347444048322,150.819161417884,,MachineObservation,,
88741_Eden2009:deployment:0789752,2009-01-22T11:13:00,2009,1,-63.3362152530967,159.211530289619,,MachineObservation,,
88741_Eden2009:deployment:0789116,2008-11-30T11:13:00,2008,11,-49.4033281412219,169.430469618911,,MachineObservation,,
13440_131190:deployment:0776333,2015-12-02T08:31:20,2015,12,-58.2362616072462,178.88997857765,,MachineObservation,,
13440_131190:deployment:0776463,2015-12-13T04:31:20,2015,12,-63.7246964358021,176.856999364581,,MachineObservation,,
88741_Eden2009:deployment:0789833,2009-01-29T05:13:00,2009,1,-64.5091392473637,161.557346118695,,MachineObservation,,
88728_Eden2009:deployment:0785522,2008-12-23T14:51:00,2008,12,-63.9368969597005,156.932850154394,,MachineObservation,,
88718_Eden2009:deployment:0782536,2008-12-20T20:34:00,2008,12,-48.6521937773051,157.191889233941,,MachineObservation,,
88732_Eden2009:deployment:0787449,2008-11-16T07:33:00,2008,11,-45.97319646391,164.221181488547,,MachineObservation,,
88728_Eden2009:deployment:0785970,2009-01-29T22:51:00,2009,1,-64.7629080176378,158.113207511814,,MachineObservation,,
280875,2021-11-23T18:45:49,2021,11,-45.46,166.71,1,HumanObservation,Happywhale - Humpback whale in South Pacific Ocean,Happywhale.com
88723_Eden2009:deployment:0783689,2008-12-24T15:02:00,2008,12,-62.956927715001,170.723267043999,,MachineObservation,,
88725_Eden2009:deployment:0784851,2009-01-10T00:04:00,2009,1,-62.376820216547,150.108263342898,,MachineObservation,,
88733_Eden2009:deployment:0787956,2008-11-24T07:00:00,2008,11,-55.5213910146339,170.8043765094,,MachineObservation,,
88729_Eden2009:deployment:0786659,2008-12-22T18:40:00,2008,12,-63.5923130167461,119.966704893523,,MachineObservation,,
98114_JIP2010:deployment:0791136,2010-11-26T12:15:00,2010,11,-60.5284123669985,158.97890949616,,MachineObservation,,
urn:catalog:AADC:WC:5808,1938-01-01 00:00:00+00,1938,1,-58.5,88.5,12,HumanObservation,,AADC
88733_Eden2009:deployment:0787755,2008-11-07T13:00:00,2008,11,-45.0036059333518,152.170418824367,,MachineObservation,,
88725_Eden2009:deployment:0784888,2009-01-13T02:04:00,2009,1,-62.5773520245266,150.447526062819,,MachineObservation,,
88738_Eden2009:deployment:0788738,2008-12-21T07:06:00,2008,12,-64.2158118057536,148.951875518551,,MachineObservation,,
88718_Eden2009:deployment:0782582,2008-12-24T16:34:00,2008,12,-52.1706546565504,161.963934566882,,MachineObservation,,
98114_JIP2010:deployment:0791127,2010-11-25T18:15:00,2010,11,-60.4981887928502,158.845120440597,,MachineObservation,,
https://www.inaturalist.org/observations/10521611,2004-12-05T07:02:00+13:00,,,-46.9485232377,167.7481086727,,HumanObservation,iNaturalist research-grade observations,iNaturalist
98114_JIP2010:deployment:0791218,2010-12-03T08:15:00,2010,12,-61.2618196799734,157.652472195088,,MachineObservation,,
88728_Eden2009:deployment:0785756,2009-01-12T02:51:00,2009,1,-62.8077485980964,155.051784892177,,MachineObservation,,
88738_Eden2009:deployment:0788743,2008-12-21T17:06:00,2008,12,-64.3221320816924,148.65980407153,,MachineObservation,,
88741_Eden2009:deployment:0789491,2008-12-31T17:13:00,2008,12,-62.7488484916355,160.013086339267,,MachineObservation,,
88733_Eden2009:deployment:0787794,2008-11-10T19:00:00,2008,11,-47.0583155183898,156.236287992941,,MachineObservation,,
88733_Eden2009:deployment:0787999,2008-11-27T21:00:00,2008,11,-58.4457083210805,172.817178961831,,MachineObservation,,
88741_Eden2009:deployment:0789567,2009-01-07T01:13:00,2009,1,-62.2126052041921,157.832022212166,,MachineObservation,,
88729_Eden2009:deployment:0786941,2009-01-15T06:40:00,2009,1,-63.7892043130186,114.472835477965,,MachineObservation,,
88729_Eden2009:deployment:0786293,2008-11-22T06:40:00,2008,11,-50.2544450862375,133.691192280632,,MachineObservation,,
13440_131190:deployment:0776239,2015-11-24T12:31:20,2015,11,-52.1831449235874,177.361564073515,,MachineObservation,,
88728_Eden2009:deployment:0785801,2009-01-15T20:51:00,2009,1,-63.6272431246445,159.272222448975,,MachineObservation,,
88723_Eden2009:deployment:0783720,2008-12-27T05:02:00,2008,12,-63.1398183334673,169.647391140381,,MachineObservation,,
64235_JIP2010:deployment:0781329,2010-11-14T09:10:00,2010,11,-50.6483409587721,152.686616287628,,MachineObservation,,
88723_Eden2009:deployment:0783916,2009-01-12T13:02:00,2009,1,-64.1557251370981,168.62109337396,,MachineObservation,,
88729_Eden2009:deployment:0786754,2008-12-30T16:40:00,2008,12,-64.1680773291614,118.865035543704,,MachineObservation,,
88729_Eden2009:deployment:0786739,2008-12-29T10:40:00,2008,12,-63.9213230650892,118.156638320726,,MachineObservation,,
88733_Eden2009:deployment:0788042,2008-12-01T11:00:00,2008,12,-61.1970961932414,174.852698766642,,MachineObservation,,
88728_Eden2009:deployment:0785559,2008-12-26T16:51:00,2008,12,-62.2018171770375,156.02102626177,,MachineObservation,,
280877,2021-11-24T11:01:58,2021,11,-45.46,166.71,1,HumanObservation,Happywhale - Humpback whale in South Pacific Ocean,Happywhale.com
urn:catalog:AADC:WC:5708,1936-01-01 00:00:00+00,1936,1,-59.5,87.5,179,HumanObservation,,AADC
88741_Eden2009:deployment:0790343,2009-03-12T17:13:00,2009,3,-64.1420015954047,164.638873664904,,MachineObservation,,
in2017_v01_09906,2017-01-29T04:22:00Z,,,-64.25222,116.21889,2,HumanObservation,,Macquarie University
88738_Eden2009:deployment:0788449,2008-11-27T05:06:00,2008,11,-54.2503237797686,152.926612930178,,MachineObservation,,
88741_Eden2009:deployment:0789379,2008-12-22T09:13:00,2008,12,-61.7792031258626,164.526914703951,,MachineObservation,,
88729_Eden2009:deployment:0786645,2008-12-21T14:40:00,2008,12,-63.384333107323,119.861065368251,,MachineObservation,,
13440_131190:deployment:0776322,2015-12-01T10:31:20,2015,12,-57.3181733603713,178.642202932029,,MachineObservation,,
88732_Eden2009:deployment:0787439,2008-11-15T11:33:00,2008,11,-45.8910864263401,164.169247591929,,MachineObservation,,
88729_Eden2009:deployment:0786347,2008-11-26T18:40:00,2008,11,-53.703429710024,130.75956899279,,MachineObservation,,
88723_Eden2009:deployment:0783851,2009-01-07T03:02:00,2009,1,-63.1366555351689,168.099430025807,,MachineObservation,,
13440_88727:deployment:0777147,2015-12-01T12:30:50,2015,12,-63.6111227747122,179.596940592749,,MachineObservation,,
88732_Eden2009:deployment:0787506,2008-11-21T01:33:00,2008,11,-45.9663615039273,164.847857492504,,MachineObservation,,
88728_Eden2009:deployment:0785135,2008-11-21T08:51:00,2008,11,-49.7454015802722,152.815927210755,,MachineObservation,,
88723_Eden2009:deployment:0783541,2008-12-12T07:02:00,2008,12,-51.576170904834,170.146700713806,,MachineObservation,,
88733_Eden2009:deployment:0787817,2008-11-12T17:00:00,2008,11,-47.8413803401478,158.379831764485,,MachineObservation,,
13440_131178:deployment:0769375,2015-12-18T21:30:49,2015,12,-61.0399319053936,179.831667635649,,MachineObservation,,
88725_Eden2009:deployment:0784818,2009-01-07T06:04:00,2009,1,-61.8059210023951,150.379502891319,,MachineObservation,,
urn:catalog:AADC:WOV:WOV-148362,1992-02-19 00:00:00+00,1992,2,-64.8667,80.4833,2,HumanObservation,,AADC
13440_88727:deployment:0777122,2015-11-29T10:30:50,2015,11,-63.127665982849,179.109481113015,,MachineObservation,,
88725_Eden2009:deployment:0784685,2008-12-27T04:04:00,2008,12,-62.7230702526406,157.148291485903,,MachineObservation,,
98114_JIP2010:deployment:0791169,2010-11-29T06:15:00,2010,11,-60.9600503781328,158.049237200735,,MachineObservation,,
urn:catalog:AADC:WC:5585,1934-01-01 00:00:00+00,1934,1,-57.5,84.5,11,HumanObservation,,AADC
88718_Eden2009:deployment:0782565,2008-12-23T06:34:00,2008,12,-51.3157019665005,160.556020262089,,MachineObservation,,
https://www.inaturalist.org/observations/321320255,2025-10-14T17:59:29+13:00,,,-45.8864920739,170.6195143042,,HumanObservation,iNaturalist research-grade observations,iNaturalist
88723_Eden2009:deployment:0783842,2009-01-06T09:02:00,2009,1,-63.1431878328087,167.879099403478,,MachineObservation,,
https://www.inaturalist.org/observations/215632731,2024-05-14T12:28:50+12:00,,,-46.8952716667,168.1638805,,HumanObservation,iNaturalist research-grade observations,iNaturalist
98129_JIP2010:deployment:0791902,2010-12-05T16:44:00,2010,12,-47.3242668088861,150.335116484564,,MachineObservation,,
88732_Eden2009:deployment:0787520,2008-11-22T05:33:00,2008,11,-46.4547516040285,164.909089645105,,MachineObservation,,
88725_Eden2009:deployment:0784483,2008-12-10T08:04:00,2008,12,-59.2605486781151,157.821772137123,,MachineObservation,,
88729_Eden2009:deployment:0786240,2008-11-17T20:40:00,2008,11,-47.2851593600381,137.187426245212,,MachineObservation,,
88741_Eden2009:deployment:0789088,2008-11-28T03:13:00,2008,11,-48.0177223890368,167.92518621719,,MachineObservation,,
13440_131178:deployment:0769193,2015-12-03T17:30:49,2015,12,-50.2363349994817,176.976662775023,,MachineObservation,,
88741_Eden2009:deployment:0789523,2009-01-03T09:13:00,2009,1,-62.6299069445176,158.327712579307,,MachineObservation,,
98114_JIP2010:deployment:0791269,2010-12-07T14:15:00,2010,12,-61.9202332007585,157.70763092126,,MachineObservation,,
13440_131190:deployment:0776454,2015-12-12T10:31:20,2015,12,-63.6849332625307,176.233601780099,,MachineObservation,,
88729_Eden2009:deployment:0786973,2009-01-17T22:40:00,2009,1,-63.2130821503687,109.823087119491,,MachineObservation,,
88729_Eden2009:deployment:0786570,2008-12-15T08:40:00,2008,12,-63.0216109950514,119.514589551268,,MachineObservation,,
64235_JIP2010:deployment:0781416,2010-11-21T15:10:00,2010,11,-59.5046369799673,157.683358470591,,MachineObservation,,
88733_Eden2009:deployment:0787965,2008-11-25T01:00:00,2008,11,-56.0572152500721,171.742848912846,,MachineObservation,,
88718_Eden2009:deployment:0782696,2009-01-03T04:34:00,2009,1,-61.8571421818178,175.607871366672,,MachineObservation,,
88728_Eden2009:deployment:0785669,2009-01-04T20:51:00,2009,1,-62.0738793562358,155.845662074058,,MachineObservation,,
88723_Eden2009:deployment:0783919,2009-01-12T19:02:00,2009,1,-64.1992507167649,168.677921612814,,MachineObservation,,
88729_Eden2009:deployment:0786897,2009-01-11T14:40:00,2009,1,-64.6090896911704,118.28596458936,,MachineObservation,,
88741_Eden2009:deployment:0789776,2009-01-24T11:13:00,2009,1,-64.3706583963772,160.668699974305,,MachineObservation,,
88741_Eden2009:deployment:0789673,2009-01-15T21:13:00,2009,1,-62.8956289197052,156.330682940218,,MachineObservation,,
88729_Eden2009:deployment:0787151,2009-02-01T18:40:00,2009,2,-61.4674611038888,101.398183504945,,MachineObservation,,
88738_Eden2009:deployment:0788461,2008-11-28T05:06:00,2008,11,-55.8007745276922,153.337959820879,,MachineObservation,,
88728_Eden2009:deployment:0785913,2009-01-25T04:51:00,2009,1,-64.5306337026464,159.33985651681,,MachineObservation,,
urn:catalog:AADC:WC:5985,1960-01-01 00:00:00+00,1960,1,-57.5,103.5,25,HumanObservation,,AADC
88741_Eden2009:deployment:0789119,2008-11-30T17:13:00,2008,11,-49.5465209675594,169.47270420487,,MachineObservation,,
88729_Eden2009:deployment:0786929,2009-01-14T06:40:00,2009,1,-63.8577524126823,115.508433713431,,MachineObservation,,
98114_JIP2010:deployment:0791286,2010-12-09T00:15:00,2010,12,-62.1074290812294,157.711330109655,,MachineObservation,,
88741_Eden2009:deployment:0790321,2009-03-10T21:13:00,2009,3,-64.4104662529381,163.399354255066,,MachineObservation,,
88732_Eden2009:deployment:0787563,2008-11-25T19:33:00,2008,11,-49.2724265862501,164.218389658818,,MachineObservation,,
88728_Eden2009:deployment:0785066,2008-11-15T14:51:00,2008,11,-45.454939144104,151.344694770557,,MachineObservation,,
urn:catalog:AADC:WC:5860,1938-01-01 00:00:00+00,1938,1,-61.5,104.5,1,HumanObservation,,AADC
88729_Eden2009:deployment:0786931,2009-01-14T10:40:00,2009,1,-63.8607140806263,115.4653916106,,MachineObservation,,
NZHB-174,1970-03-07,,,-45.0833,164.5,1,HumanObservation,Humpback whale sightings around New Zealand 1970-1999,DoC
88725_Eden2009:deployment:0784528,2008-12-14T02:04:00,2008,12,-61.9464180685189,155.787389999844,,MachineObservation,,
https://www.inaturalist.org/observations/218520374,2024-05-18T15:10:00+12:00,,,-45.94293,170.3399166667,,HumanObservation,iNaturalist research-grade observations,iNaturalist
98129_JIP2010:deployment:0791997,2010-12-13T14:44:00,2010,12,-51.5197555312405,157.86250459216,,MachineObservation,,
88741_Eden2009:deployment:0789418,2008-12-25T15:13:00,2008,12,-63.2216112000357,162.758711992839,,MachineObservation,,
13440_131178:deployment:0769303,2015-12-12T21:30:49,2015,12,-55.1270220716449,177.386239035355,,MachineObservation,,
88725_Eden2009:deployment:0784891,2009-01-13T08:04:00,2009,1,-62.5912791957616,150.335437043914,,MachineObservation,,
88718_Eden2009:deployment:0782662,2008-12-31T08:34:00,2008,12,-58.654435186082,171.969566527913,,MachineObservation,,
88725_Eden2009:deployment:0784634,2008-12-22T22:04:00,2008,12,-62.8255445597198,157.950433290793,,MachineObservation,,
88728_Eden2009:deployment:0785954,2009-01-28T14:51:00,2009,1,-64.5087351884378,158.151223475261,,MachineObservation,,
88728_Eden2009:deployment:0785762,2009-01-12T14:51:00,2009,1,-62.9800680307243,155.036475372523,,MachineObservation,,
13440_131190:deployment:0776384,2015-12-06T14:31:20,2015,12,-61.4368438351504,177.748730251229,,MachineObservation,,
88729_Eden2009:deployment:0786623,2008-12-19T18:40:00,2008,12,-63.5047950476532,119.606118825885,,MachineObservation,,
13440_131178:deployment:0769265,2015-12-09T17:30:49,2015,12,-52.9188741980957,177.710396068258,,MachineObservation,,
13440_131190:deployment:0776199,2015-11-21T04:31:20,2015,11,-49.5755316593744,178.819940008339,,MachineObservation,,
88718_Eden2009:deployment:0782548,2008-12-21T20:34:00,2008,12,-49.5196149482895,158.823330833528,,MachineObservation,,
88733_Eden2009:deployment:0787890,2008-11-18T19:00:00,2008,11,-50.8801583889736,164.736855789292,,MachineObservation,,
88729_Eden2009:deployment:0786582,2008-12-16T08:40:00,2008,12,-63.0453968313994,119.510820943328,,MachineObservation,,
88728_Eden2009:deployment:0785646,2009-01-02T22:51:00,2009,1,-62.2984038456679,155.723832534199,,MachineObservation,,
88723_Eden2009:deployment:0783767,2008-12-31T03:02:00,2008,12,-63.0409985019836,169.540213165875,,MachineObservation,,
98114_JIP2010:deployment:0791260,2010-12-06T20:15:00,2010,12,-61.8504083186639,157.432475047203,,MachineObservation,,
13440_131178:deployment:0769211,2015-12-05T05:30:49,2015,12,-50.3937040977773,178.012326711752,,MachineObservation,,
88723_Eden2009:deployment:0783837,2009-01-05T23:02:00,2009,1,-63.1999370240711,167.759115453204,,MachineObservation,,
88729_Eden2009:deployment:0787001,2009-01-20T06:40:00,2009,1,-63.2201444003097,106.197454152814,,MachineObservation,,
88741_Eden2009:deployment:0789181,2008-12-05T21:13:00,2008,12,-53.5137976077109,170.341134471849,,MachineObservation,,
88729_Eden2009:deployment:0786991,2009-01-19T10:40:00,2009,1,-63.4084082679068,106.968896653577,,MachineObservation,,
88718_Eden2009:deployment:0782707,2009-01-04T02:34:00,2009,1,-62.7101133560037,177.186162371957,,MachineObservation,,
88725_Eden2009:deployment:0784826,2009-01-07T22:04:00,2009,1,-62.3465205138445,150.558708717972,,MachineObservation,,
88738_Eden2009:deployment:0788689,2008-12-17T05:06:00,2008,12,-63.9011092743761,149.023530979599,,MachineObservation,,
88718_Eden2009:deployment:0782685,2009-01-02T06:34:00,2009,1,-60.5085747375932,174.299678782741,,MachineObservation,,
88741_Eden2009:deployment:0789093,2008-11-28T13:13:00,2008,11,-48.3795628956838,168.328468207161,,MachineObservation,,
64235_JIP2010:deployment:0781499,2010-11-28T13:10:00,2010,11,-60.9995400985322,157.885015826291,,MachineObservation,,
88723_Eden2009:deployment:0783555,2008-12-13T11:02:00,2008,12,-52.8249102870863,171.459852799619,,MachineObservation,,
88733_Eden2009:deployment:0787969,2008-11-25T09:00:00,2008,11,-56.3452786025121,171.987516450376,,MachineObservation,,
urn:catalog:AADC:SOWS:SOWS-93697,1996-02-05 12:43:00Z,1996,2,-63.83523,88.06052,2,HumanObservation,,AADC
13440_131178:deployment:0769203,2015-12-04T13:30:49,2015,12,-50.3346162735302,177.455796425872,,MachineObservation,,
urn:catalog:AADC:WC:5784,1937-01-01 00:00:00+00,1937,1,-62.5,95.5,37,HumanObservation,,AADC
88723_Eden2009:deployment:0783826,2009-01-05T01:02:00,2009,1,-63.3879999986917,167.49657934806,,MachineObservation,,
13440_131178:deployment:0769084,2015-11-24T15:30:49,2015,11,-48.0454112289628,177.025834987506,,MachineObservation,,
64235_JIP2010:deployment:0781308,2010-11-12T15:10:00,2010,11,-49.2544193404093,151.120206579574,,MachineObservation,,
88725_Eden2009:deployment:0784698,2008-12-28T06:04:00,2008,12,-63.1387667202243,155.587144752588,,MachineObservation,,
98114_JIP2010:deployment:0791264,2010-12-07T04:15:00,2010,12,-61.9909411283747,157.534715806933,,MachineObservation,,
88741_Eden2009:deployment:0789637,2009-01-12T21:13:00,2009,1,-62.691598048852,155.978141594834,,MachineObservation,,
88733_Eden2009:deployment:0787833,2008-11-14T01:00:00,2008,11,-48.332402466021,159.39282228467,,MachineObservation,,
395821,1999-02-15T12:30,1999,2,-62.41,97.15,1,HumanObservation,Happywhale - Humpback whale in Southern Ocean,Happywhale.com
13440_131178:deployment:0769089,2015-11-25T01:30:49,2015,11,-48.194960013905,177.159328747832,,MachineObservation,,
88741_Eden2009:deployment:0790363,2009-03-14T09:13:00,2009,3,-64.2494761863195,164.961558964049,,MachineObservation,,
88732_Eden2009:deployment:0787503,2008-11-20T19:33:00,2008,11,-45.9253141620974,164.772483473282,,MachineObservation,,
88741_Eden2009:deployment:0790330,2009-03-11T15:13:00,2009,3,-64.3938927878777,163.959772898002,,MachineObservation,,
88723_Eden2009:deployment:0783557,2008-12-13T15:02:00,2008,12,-53.0032780577154,171.56433819987,,MachineObservation,,
88729_Eden2009:deployment:0787174,2009-02-03T16:40:00,2009,2,-60.8419760960752,101.127351269319,,MachineObservation,,
13440_131190:deployment:0776475,2015-12-14T04:31:20,2015,12,-63.4788868509009,177.931404466046,,MachineObservation,,
88718_Eden2009:deployment:0782650,2008-12-30T08:34:00,2008,12,-57.8667716855066,170.418973912022,,MachineObservation,,
88718_Eden2009:deployment:0782621,2008-12-27T22:34:00,2008,12,-55.5154895956307,165.927647361064,,MachineObservation,,
urn:catalog:AADC:WOV:WOV-148361,1992-02-18 08:30:00+00,1992,2,-62.25,80.75,4,HumanObservation,,AADC
13440_131178:deployment:0769222,2015-12-06T03:30:49,2015,12,-50.8017319374435,178.091383343727,,MachineObservation,,
13440_131178:deployment:0769029,2015-11-20T01:30:49,2015,11,-45.2170094628185,177.884204872942,,MachineObservation,,
urn:catalog:AADC:SOWS:SOWS-93686,1996-02-05 06:45:00Z,1996,2,-64.53181,88.06435,2,HumanObservation,,AADC
88741_Eden2009:deployment:0789679,2009-01-16T09:13:00,2009,1,-62.8381496776523,156.238143912207,,MachineObservation,,
88741_Eden2009:deployment:0789787,2009-01-25T09:13:00,2009,1,-64.0158249508333,160.768817622367,,MachineObservation,,
88725_Eden2009:deployment:0784800,2009-01-05T18:04:00,2009,1,-61.7305514916062,151.624073192723,,MachineObservation,,
88729_Eden2009:deployment:0787058,2009-01-25T00:40:00,2009,1,-62.9610814456154,103.393043273419,,MachineObservation,,
88725_Eden2009:deployment:0784769,2009-01-03T04:04:00,2009,1,-62.0802349971842,152.064522832,,MachineObservation,,
13440_131190:deployment:0776241,2015-11-24T16:31:20,2015,11,-52.3531496459855,177.233702870602,,MachineObservation,,
98129_JIP2010:deployment:0792005,2010-12-14T06:44:00,2010,12,-51.8881667775091,158.465549833709,,MachineObservation,,
98129_JIP2010:deployment:0791942,2010-12-09T00:44:00,2010,12,-48.9215396159487,153.739879309833,,MachineObservation,,
88733_Eden2009:deployment:0787795,2008-11-10T21:00:00,2008,11,-47.0932554063851,156.311511729428,,MachineObservation,,
urn:catalog:AADC:WC:5737,1937-01-01 00:00:00+00,1937,1,-59.5,98.5,2,HumanObservation,,AADC
88738_Eden2009:deployment:0788748,2008-12-22T03:06:00,2008,12,-64.3492801804944,148.516085397719,,MachineObservation,,
88729_Eden2009:deployment:0787136,2009-01-31T12:40:00,2009,1,-61.8700663012788,101.756347824034,,MachineObservation,,
88729_Eden2009:deployment:0787026,2009-01-22T08:40:00,2009,1,-63.251985977266,104.429998435245,,MachineObservation,,
88741_Eden2009:deployment:0790356,2009-03-13T19:13:00,2009,3,-64.1594928710624,164.720213070778,,MachineObservation,,
88741_Eden2009:deployment:0790370,2009-03-14T23:13:00,2009,3,-64.3701573191062,165.244782543208,,MachineObservation,,
13440_131190:deployment:0776266,2015-11-26T18:31:20,2015,11,-54.7183972951177,177.82594463736,,MachineObservation,,
13440_131190:deployment:0776189,2015-11-20T08:31:20,2015,11,-49.3846030322643,179.218616457879,,MachineObservation,,
88728_Eden2009:deployment:0785994,2009-01-31T22:51:00,2009,1,-64.8397892202113,158.299349342944,,MachineObservation,,
13440_131178:deployment:0769190,2015-12-03T11:30:49,2015,12,-50.0979437184608,176.763202076832,,MachineObservation,,
urn:catalog:AADC:WC:5968,1956-01-01 00:00:00+00,1956,1,-63.5,83.5,20,HumanObservation,,AADC
urn:catalog:AADC:WC:5861,1938-01-01 00:00:00+00,1938,1,-61.5,105.5,1,HumanObservation,,AADC
urn:catalog:AADC:WOV:WOV-149457,1999-02-15 03:00:00+00,1999,2,-62.6,98.75,3,HumanObservation,,AADC
88723_Eden2009:deployment:0783798,2009-01-02T17:02:00,2009,1,-63.2811155043669,168.089746636423,,MachineObservation,,
88741_Eden2009:deployment:0789483,2008-12-31T01:13:00,2008,12,-62.779736998614,160.09886524812,,MachineObservation,,
98114_JIP2010:deployment:0791158,2010-11-28T08:15:00,2010,11,-60.9399747701372,158.160060997922,,MachineObservation,,
urn:catalog:AADC:WC:5618,1935-01-01 00:00:00+00,1935,1,-57.5,83.5,30,HumanObservation,,AADC
98114_JIP2010:deployment:0791107,2010-11-24T02:15:00,2010,11,-60.4032503334909,158.51051412492,,MachineObservation,,
88732_Eden2009:deployment:0787408,2008-11-12T21:33:00,2008,11,-45.6152314803614,162.745073313164,,MachineObservation,,
88733_Eden2009:deployment:0787805,2008-11-11T17:00:00,2008,11,-47.4129451058411,157.281252639654,,MachineObservation,,
98129_JIP2010:deployment:0791974,2010-12-11T16:44:00,2010,12,-50.3468124657467,156.555304285992,,MachineObservation,,
88728_Eden2009:deployment:0785279,2008-12-03T08:51:00,2008,12,-57.3477089875488,156.746966335522,,MachineObservation,,
88725_Eden2009:deployment:0784477,2008-12-09T20:04:00,2008,12,-58.6966682677785,157.945811168218,,MachineObservation,,
88729_Eden2009:deployment:0786997,2009-01-19T22:40:00,2009,1,-63.3834505963885,106.177740968818,,MachineObservation,,
88732_Eden2009:deployment:0787437,2008-11-15T07:33:00,2008,11,-45.9162581944917,164.193391183063,,MachineObservation,,
88723_Eden2009:deployment:0783710,2008-12-26T09:02:00,2008,12,-63.4465237550196,170.01376532114,,MachineObservation,,
229486,2014-03-21T07:45:24,2014,3,-45.73,166.5,1,HumanObservation,Happywhale - Humpback whale in South Pacific Ocean,Happywhale.com
98129_JIP2010:deployment:0791946,2010-12-09T08:44:00,2010,12,-48.9837726370475,153.935043784558,,MachineObservation,,
13440_131178:deployment:0769309,2015-12-13T09:30:49,2015,12,-55.5988717441743,177.191853029822,,MachineObservation,,
98129_JIP2010:deployment:0792267,2011-01-05T02:44:00,2011,1,-63.6576352521552,170.128744905452,,MachineObservation,,
88738_Eden2009:deployment:0788708,2008-12-18T19:06:00,2008,12,-64.0699647493272,148.965557388637,,MachineObservation,,
88729_Eden2009:deployment:0786755,2008-12-30T18:40:00,2008,12,-64.1502257664738,119.052169657755,,MachineObservation,,
88729_Eden2009:deployment:0786267,2008-11-20T02:40:00,2008,11,-48.6726301711,135.069361429511,,MachineObservation,,
88729_Eden2009:deployment:0787099,2009-01-28T10:40:00,2009,1,-62.2452051183068,102.824743985177,,MachineObservation,,
88728_Eden2009:deployment:0785117,2008-11-19T20:51:00,2008,11,-48.5107339696762,152.261292267564,,MachineObservation,,
88728_Eden2009:deployment:0785635,2009-01-02T00:51:00,2009,1,-62.2535148012813,155.690015310292,,MachineObservation,,
88718_Eden2009:deployment:0782587,2008-12-25T02:34:00,2008,12,-52.4541540585473,162.38756759655,,MachineObservation,,
88741_Eden2009:deployment:0789457,2008-12-28T21:13:00,2008,12,-63.4055240974551,160.834728822677,,MachineObservation,,
88733_Eden2009:deployment:0787857,2008-11-16T01:00:00,2008,11,-49.3680555121196,162.180201322946,,MachineObservation,,
88718_Eden2009:deployment:0782715,2009-01-04T18:34:00,2009,1,-62.9571112003298,177.1935961508,,MachineObservation,,
98129_JIP2010:deployment:0792071,2010-12-19T18:44:00,2010,12,-53.7966297584422,162.886040247645,,MachineObservation,,
88728_Eden2009:deployment:0785813,2009-01-16T20:51:00,2009,1,-63.7450549545541,159.951545729547,,MachineObservation,,
98129_JIP2010:deployment:0791882,2010-12-04T00:44:00,2010,12,-47.0249927035223,148.810923121297,,MachineObservation,,
urn:catalog:AADC:WC:5739,1937-01-01 00:00:00+00,1937,1,-60.5,82.5,2,HumanObservation,,AADC
13440_131190:deployment:0776359,2015-12-04T12:31:20,2015,12,-59.9325816580748,178.519063322232,,MachineObservation,,
88728_Eden2009:deployment:0785383,2008-12-12T00:51:00,2008,12,-62.064337506577,156.954166189615,,MachineObservation,,
urn:catalog:AADC:WC:5560,1932-01-01 00:00:00+00,1932,1,-57.5,84.5,3,HumanObservation,,AADC
98129_JIP2010:deployment:0791919,2010-12-07T02:44:00,2010,12,-48.0594543831144,151.667841426504,,MachineObservation,,
urn:catalog:AADC:WC:5638,1935-01-01 00:00:00+00,1935,1,-59.5,91.5,7,HumanObservation,,AADC
88725_Eden2009:deployment:0784581,2008-12-18T12:04:00,2008,12,-62.8400119550741,157.358697543023,,MachineObservation,,
98114_JIP2010:deployment:0791234,2010-12-04T16:15:00,2010,12,-61.4112186197388,157.427417480178,,MachineObservation,,
88738_Eden2009:deployment:0788549,2008-12-05T13:06:00,2008,12,-59.9798896413429,150.02267148078,,MachineObservation,,
88741_Eden2009:deployment:0789586,2009-01-08T15:13:00,2009,1,-62.2935244055348,157.663603349246,,MachineObservation,,
88729_Eden2009:deployment:0786977,2009-01-18T06:40:00,2009,1,-63.2355326095758,109.328816646051,,MachineObservation,,
88728_Eden2009:deployment:0785727,2009-01-09T16:51:00,2009,1,-62.553760740167,154.29792378444,,MachineObservation,,
urn:catalog:AADC:WC:5850,1938-01-01 00:00:00+00,1938,1,-61.5,93.5,6,HumanObservation,,AADC
88741_Eden2009:deployment:0789668,2009-01-15T11:13:00,2009,1,-62.8200626097167,156.101729685859,,MachineObservation,,
88741_Eden2009:deployment:0789617,2009-01-11T05:13:00,2009,1,-62.6149981059558,157.345604370538,,MachineObservation,,
98114_JIP2010:deployment:0791213,2010-12-02T22:15:00,2010,12,-61.144831459029,157.811372585956,,MachineObservation,,
88728_Eden2009:deployment:0785778,2009-01-13T22:51:00,2009,1,-63.4746621967956,157.75104916541,,MachineObservation,,
88729_Eden2009:deployment:0786546,2008-12-13T08:40:00,2008,12,-63.0154590789696,119.256983197954,,MachineObservation,,
88733_Eden2009:deployment:0787945,2008-11-23T09:00:00,2008,11,-55.2959959322101,170.109653360795,,MachineObservation,,
13440_131178:deployment:0769260,2015-12-09T07:30:49,2015,12,-52.5937071473427,177.392428083163,,MachineObservation,,
88718_Eden2009:deployment:0782588,2008-12-25T04:34:00,2008,12,-52.5248693088165,162.475121532307,,MachineObservation,,
88725_Eden2009:deployment:0784518,2008-12-13T06:04:00,2008,12,-61.7075434933557,155.899057702677,,MachineObservation,,
88728_Eden2009:deployment:0785583,2008-12-28T16:51:00,2008,12,-61.9709422387511,155.458626671346,,MachineObservation,,
88733_Eden2009:deployment:0787758,2008-11-07T19:00:00,2008,11,-45.1099063812519,152.444465282318,,MachineObservation,,
88723_Eden2009:deployment:0783548,2008-12-12T21:02:00,2008,12,-52.2531693268787,170.869338201157,,MachineObservation,,
urn:catalog:AADC:SOWS:SOWS-100759,1998-01-01 00:00:00Z,1998,1,-63.25,84.52,6,HumanObservation,,AADC
88741_Eden2009:deployment:0789515,2009-01-02T17:13:00,2009,1,-62.4483661250796,158.416437831339,,MachineObservation,,
88729_Eden2009:deployment:0786469,2008-12-06T22:40:00,2008,12,-60.7522959217151,120.943816537644,,MachineObservation,,
88741_Eden2009:deployment:0790117,2009-02-21T21:13:00,2009,2,-64.6827314457699,164.360623172622,,MachineObservation,,
urn:catalog:AADC:WC:5752,1937-01-01 00:00:00+00,1937,1,-60.5,99.5,11,HumanObservation,,AADC
88729_Eden2009:deployment:0786470,2008-12-07T00:40:00,2008,12,-60.8062467654859,120.914489819175,,MachineObservation,,
urn:catalog:AADC:SOWS:SOWS-93810,1996-02-16 23:28:34Z,1996,2,-63.62543,109.6898,1,HumanObservation,,AADC
88728_Eden2009:deployment:0785489,2008-12-20T20:51:00,2008,12,-64.0602809899159,158.503987437731,,MachineObservation,,
64235_JIP2010:deployment:0781278,2010-11-10T03:10:00,2010,11,-47.0070511360585,149.166275935799,,MachineObservation,,
88741_Eden2009:deployment:0789649,2009-01-13T21:13:00,2009,1,-62.7441982696951,156.139651245029,,MachineObservation,,
98129_JIP2010:deployment:0792055,2010-12-18T10:44:00,2010,12,-53.8144126799769,162.520199060449,,MachineObservation,,
urn:catalog:AADC:WOV:WOV-149411,2000-03-15 01:00:00+00,2000,3,-64.8833,105.1833,3,HumanObservation,,AADC
98129_JIP2010:deployment:0791932,2010-12-08T04:44:00,2010,12,-48.5286380940239,152.90458308638,,MachineObservation,,
98114_JIP2010:deployment:0791251,2010-12-06T02:15:00,2010,12,-61.6395209413223,157.414061505049,,MachineObservation,,
88732_Eden2009:deployment:0787414,2008-11-13T09:33:00,2008,11,-45.6694703258886,163.109297922384,,MachineObservation,,
98114_JIP2010:deployment:0791224,2010-12-03T20:15:00,2010,12,-61.3107300096482,157.625808025914,,MachineObservation,,
88729_Eden2009:deployment:0787133,2009-01-31T06:40:00,2009,1,-61.957371172431,102.024664608785,,MachineObservation,,
98114_JIP2010:deployment:0791095,2010-11-23T02:15:00,2010,11,-59.2497984469339,158.916517839527,,MachineObservation,,
98129_JIP2010:deployment:0792291,2011-01-07T02:44:00,2011,1,-64.3929406132664,170.171201757864,,MachineObservation,,
13440_131178:deployment:0769342,2015-12-16T03:30:49,2015,12,-58.12925091829,177.957196728312,,MachineObservation,,
88725_Eden2009:deployment:0784502,2008-12-11T22:04:00,2008,12,-60.9729520758762,156.39188054672,,MachineObservation,,
229485,2018-11-22T15:53:40,2018,11,-45.46,166.71,1,HumanObservation,Happywhale - Humpback whale in South Pacific Ocean,Happywhale.com
88718_Eden2009:deployment:0782500,2008-12-17T20:34:00,2008,12,-46.3672676619795,153.759725109453,,MachineObservation,,
88732_Eden2009:deployment:0787551,2008-11-24T19:33:00,2008,11,-48.2359128820895,164.854322972081,,MachineObservation,,
urn:catalog:AADC:WC:5807,1938-01-01 00:00:00+00,1938,1,-58.5,87.5,4,HumanObservation,,AADC
88718_Eden2009:deployment:0782489,2008-12-16T22:34:00,2008,12,-45.8744998627192,152.798920916858,,MachineObservation,,
urn:catalog:AADC:SOWS:SOWS-93564,1998-02-16 08:43:10Z,1998,2,-62.7147,88.4422,1,HumanObservation,,AADC
88728_Eden2009:deployment:0785327,2008-12-07T08:51:00,2008,12,-61.19827871567,156.13494660296,,MachineObservation,,
88729_Eden2009:deployment:0787164,2009-02-02T20:40:00,2009,2,-61.0596132762188,101.333468474427,,MachineObservation,,
88723_Eden2009:deployment:0783751,2008-12-29T19:02:00,2008,12,-63.2261590574201,169.834102108186,,MachineObservation,,
88718_Eden2009:deployment:0782542,2008-12-21T08:34:00,2008,12,-49.0886638125295,158.076830065166,,MachineObservation,,
88718_Eden2009:deployment:0782706,2009-01-04T00:34:00,2009,1,-62.6468923585742,177.096485041977,,MachineObservation,,
88738_Eden2009:deployment:0788693,2008-12-17T13:06:00,2008,12,-63.9674954682091,149.176804931896,,MachineObservation,,
urn:catalog:AADC:WC:5594,1934-01-01 00:00:00+00,1934,1,-58.5,89.5,1,HumanObservation,,AADC
88725_Eden2009:deployment:0784444,2008-12-07T02:04:00,2008,12,-54.9378991018524,155.366245165989,,MachineObservation,,
13440_131178:deployment:0769297,2015-12-12T09:30:49,2015,12,-54.6937778624691,177.108957891354,,MachineObservation,,
98129_JIP2010:deployment:0792245,2011-01-03T06:44:00,2011,1,-62.4931097115265,169.730890805895,,MachineObservation,,
88733_Eden2009:deployment:0787923,2008-11-21T13:00:00,2008,11,-53.712452024083,167.831555472841,,MachineObservation,,
urn:catalog:AADC:WC:5692,1935-01-01 00:00:00+00,1935,1,-64.5,83.5,14,HumanObservation,,AADC
88733_Eden2009:deployment:0788077,2008-12-04T09:00:00,2008,12,-63.8159921321659,176.408919318227,,MachineObservation,,
13440_131178:deployment:0769341,2015-12-16T01:30:49,2015,12,-58.071638283956,177.92987613178,,MachineObservation,,
88729_Eden2009:deployment:0786296,2008-11-22T12:40:00,2008,11,-50.3229888799271,133.483834875545,,MachineObservation,,
88723_Eden2009:deployment:0783531,2008-12-11T11:02:00,2008,12,-51.0405231267899,169.776958857987,,MachineObservation,,
88738_Eden2009:deployment:0788455,2008-11-27T17:06:00,2008,11,-55.1966263555162,153.326138365868,,MachineObservation,,
88725_Eden2009:deployment:0784403,2008-12-03T16:04:00,2008,12,-51.5678590916628,154.139793446797,,MachineObservation,,
88741_Eden2009:deployment:0789077,2008-11-27T05:13:00,2008,11,-47.1422783221794,167.171531723745,,MachineObservation,,
88741_Eden2009:deployment:0790617,2009-04-04T13:13:00,2009,4,-64.8699714993839,168.080808546244,,MachineObservation,,
88725_Eden2009:deployment:0784340,2008-11-28T10:04:00,2008,11,-45.1409766535441,150.067013576771,,MachineObservation,,
395818,1999-02-15T09:57,1999,2,-62.45,97.54,1,HumanObservation,Happywhale - Humpback whale in Southern Ocean,Happywhale.com
13440_131190:deployment:0776231,2015-11-23T20:31:20,2015,11,-51.4967271024379,177.580529098076,,MachineObservation,,
98129_JIP2010:deployment:0791969,2010-12-11T06:44:00,2010,12,-49.9479116976174,156.035697794692,,MachineObservation,,
88725_Eden2009:deployment:0784771,2009-01-03T08:04:00,2009,1,-62.0705660131857,151.994753187166,,MachineObservation,,
13440_131190:deployment:0776495,2015-12-15T20:31:20,2015,12,-63.6976904625045,179.246187184366,,MachineObservation,,
urn:catalog:AADC:WC:5633,1935-01-01 00:00:00+00,1935,1,-59.5,81.5,8,HumanObservation,,AADC
88741_Eden2009:deployment:0789399,2008-12-24T01:13:00,2008,12,-62.7380734414514,163.296718124987,,MachineObservation,,
88723_Eden2009:deployment:0783887,2009-01-10T03:02:00,2009,1,-63.6480681883475,168.65787253138,,MachineObservation,,
98129_JIP2010:deployment:0792080,2010-12-20T12:44:00,2010,12,-54.150455434125,163.376254952653,,MachineObservation,,
98129_JIP2010:deployment:0792126,2010-12-24T08:44:00,2010,12,-56.8667584352155,165.924914949744,,MachineObservation,,
88718_Eden2009:deployment:0782590,2008-12-25T08:34:00,2008,12,-52.6868782992749,162.643858512546,,MachineObservation,,
13440_131178:deployment:0769275,2015-12-10T13:30:49,2015,12,-53.6711697333375,177.852740004252,,MachineObservation,,
88723_Eden2009:deployment:0783899,2009-01-11T03:02:00,2009,1,-63.9464182157748,168.592004411366,,MachineObservation,,
88729_Eden2009:deployment:0786321,2008-11-24T14:40:00,2008,11,-52.0231315577118,131.994511178068,,MachineObservation,,
98129_JIP2010:deployment:0792205,2010-12-30T22:44:00,2010,12,-60.8800050902209,169.272926481161,,MachineObservation,,
88718_Eden2009:deployment:0782641,2008-12-29T14:34:00,2008,12,-57.0362848435995,169.397487775792,,MachineObservation,,
13440_131190:deployment:0776389,2015-12-07T00:31:20,2015,12,-61.4780880468149,177.751692405776,,MachineObservation,,
88725_Eden2009:deployment:0784691,2008-12-27T16:04:00,2008,12,-62.9409879263311,156.318464031918,,MachineObservation,,
98114_JIP2010:deployment:0791112,2010-11-24T12:15:00,2010,11,-60.473874459138,158.577890032529,,MachineObservation,,
88723_Eden2009:deployment:0783888,2009-01-10T05:02:00,2009,1,-63.6589063815769,168.680925322819,,MachineObservation,,
98114_JIP2010:deployment:0791061,2010-11-20T06:15:00,2010,11,-55.2695283580585,159.380205559294,,MachineObservation,,
88732_Eden2009:deployment:0787502,2008-11-20T17:33:00,2008,11,-45.9263303743793,164.727102321459,,MachineObservation,,
88729_Eden2009:deployment:0786799,2009-01-03T10:40:00,2009,1,-64.8418534140205,119.752643516782,,MachineObservation,,
88723_Eden2009:deployment:0783496,2008-12-08T13:02:00,2008,12,-47.8324450924004,167.676447577906,,MachineObservation,,
88728_Eden2009:deployment:0785512,2008-12-22T18:51:00,2008,12,-64.1536457552839,157.315784828875,,MachineObservation,,
88728_Eden2009:deployment:0785408,2008-12-14T02:51:00,2008,12,-61.9525007798222,156.763897436997,,MachineObservation,,
88725_Eden2009:deployment:0784600,2008-12-20T02:04:00,2008,12,-62.8523863801675,157.593631072952,,MachineObservation,,
88738_Eden2009:deployment:0788518,2008-12-02T23:06:00,2008,12,-59.8925833120156,151.134613723976,,MachineObservation,,
88728_Eden2009:deployment:0785352,2008-12-09T10:51:00,2008,12,-61.9727526464695,157.130517149671,,MachineObservation,,
88723_Eden2009:deployment:0783707,2008-12-26T03:02:00,2008,12,-63.4370016009888,170.263874812483,,MachineObservation,,
88718_Eden2009:deployment:0782516,2008-12-19T04:34:00,2008,12,-47.5490068712392,155.094909542237,,MachineObservation,,
13440_131178:deployment:0769178,2015-12-02T11:30:49,2015,12,-49.6604910328644,176.520947712581,,MachineObservation,,
88728_Eden2009:deployment:0785387,2008-12-12T08:51:00,2008,12,-62.0267748893861,156.950267796221,,MachineObservation,,
88728_Eden2009:deployment:0785361,2008-12-10T04:51:00,2008,12,-61.9987613655676,156.860305303256,,MachineObservation,,
88728_Eden2009:deployment:0785537,2008-12-24T20:51:00,2008,12,-63.5099388624171,156.259351727251,,MachineObservation,,
88718_Eden2009:deployment:0782658,2008-12-31T00:34:00,2008,12,-58.4551464424687,171.399860842546,,MachineObservation,,
88723_Eden2009:deployment:0783816,2009-01-04T05:02:00,2009,1,-63.4204687500798,167.514301836824,,MachineObservation,,
urn:catalog:AADC:WC:5681,1935-01-01 00:00:00+00,1935,1,-62.5,89.5,1,HumanObservation,,AADC
88738_Eden2009:deployment:0788421,2008-11-24T21:06:00,2008,11,-51.6332405368192,150.723159854468,,MachineObservation,,
88741_Eden2009:deployment:0789155,2008-12-03T17:13:00,2008,12,-51.5367028672495,170.668482272068,,MachineObservation,,
88732_Eden2009:deployment:0787529,2008-11-22T23:33:00,2008,11,-46.587947288232,165.04570448913,,MachineObservation,,
urn:catalog:AADC:WC:5873,1939-01-01 00:00:00+00,1939,1,-57.5,100.5,11,HumanObservation,,AADC
88723_Eden2009:deployment:0783856,2009-01-07T13:02:00,2009,1,-63.1735911413704,168.170330790966,,MachineObservation,,
88738_Eden2009:deployment:0788608,2008-12-10T11:06:00,2008,12,-63.3597278135644,150.837042978941,,MachineObservation,,
98129_JIP2010:deployment:0791972,2010-12-11T12:44:00,2010,12,-50.1922769432916,156.342827922441,,MachineObservation,,
88728_Eden2009:deployment:0785610,2008-12-30T22:51:00,2008,12,-62.0563599066244,155.636204157772,,MachineObservation,,
13440_131190:deployment:0776288,2015-11-28T14:31:20,2015,11,-56.1351281698543,178.463115583069,,MachineObservation,,
13440_131178:deployment:0769318,2015-12-14T03:30:49,2015,12,-56.2913951211304,177.182469489608,,MachineObservation,,
98129_JIP2010:deployment:0791862,2010-12-02T08:44:00,2010,12,-46.3306142136165,148.071727258231,,MachineObservation,,
urn:catalog:AADC:WC:5744,1937-01-01 00:00:00+00,1937,1,-60.5,88.5,26,HumanObservation,,AADC
88729_Eden2009:deployment:0786823,2009-01-05T10:40:00,2009,1,-64.5974244774026,120.820663830678,,MachineObservation,,
13440_131178:deployment:0769286,2015-12-11T11:30:49,2015,12,-54.2127855941632,177.397914685085,,MachineObservation,,
urn:catalog:AADC:WC:5684,1935-01-01 00:00:00+00,1935,1,-63.5,82.5,24,HumanObservation,,AADC
88741_Eden2009:deployment:0789393,2008-12-23T13:13:00,2008,12,-62.4263306972939,163.478996964272,,MachineObservation,,
88729_Eden2009:deployment:0786663,2008-12-23T02:40:00,2008,12,-63.6724881295983,119.868858615009,,MachineObservation,,
88728_Eden2009:deployment:0785501,2008-12-21T20:51:00,2008,12,-64.0920156069409,157.908956454723,,MachineObservation,,
64235_JIP2010:deployment:0781463,2010-11-25T13:10:00,2010,11,-60.598608552135,157.831458419699,,MachineObservation,,
88725_Eden2009:deployment:0784496,2008-12-11T10:04:00,2008,12,-60.3532202528312,156.620984501014,,MachineObservation,,
88728_Eden2009:deployment:0785766,2009-01-12T22:51:00,2009,1,-62.9857585765193,155.589763485282,,MachineObservation,,
88728_Eden2009:deployment:0785682,2009-01-05T22:51:00,2009,1,-62.1862810282145,154.820844253766,,MachineObservation,,
88723_Eden2009:deployment:0783764,2008-12-30T21:02:00,2008,12,-63.0817880702308,169.585539908292,,MachineObservation,,
urn:catalog:AADC:SOWS:SOWS-93709,1996-02-06 03:06:22Z,1996,2,-63.00757,89.85903,1,HumanObservation,,AADC
13440_131190:deployment:0776377,2015-12-06T00:31:20,2015,12,-60.9414541227135,177.91030813246,,MachineObservation,,
98114_JIP2010:deployment:0791056,2010-11-19T20:15:00,2010,11,-54.71673415377,159.350820865349,,MachineObservation,,
88729_Eden2009:deployment:0786968,2009-01-17T12:40:00,2009,1,-63.2308996854375,110.04492373944,,MachineObservation,,
88741_Eden2009:deployment:0789178,2008-12-05T15:13:00,2008,12,-53.2932459830557,170.491938501884,,MachineObservation,,
88728_Eden2009:deployment:0785471,2008-12-19T08:51:00,2008,12,-63.7757921809374,159.162021094888,,MachineObservation,,
88729_Eden2009:deployment:0786791,2009-01-02T18:40:00,2009,1,-64.7132537907034,119.53543971174,,MachineObservation,,
88718_Eden2009:deployment:0782606,2008-12-26T16:34:00,2008,12,-54.2110266870396,164.24805217967,,MachineObservation,,
https://www.inaturalist.org/observations/8894495,2017-11-21T18:38:44+13:00,,,-45.2508481898,166.8393089524,,HumanObservation,iNaturalist research-grade observations,iNaturalist
in2017_v01_09935,2017-02-14T01:39:00Z,,,-64.53528,119.22972,1,HumanObservation,,Macquarie University
88728_Eden2009:deployment:0785837,2009-01-18T20:51:00,2009,1,-64.7161956351745,163.815794846484,,MachineObservation,,
88738_Eden2009:deployment:0788699,2008-12-18T01:06:00,2008,12,-63.9778396958375,149.085550296937,,MachineObservation,,
88728_Eden2009:deployment:0785903,2009-01-24T08:51:00,2009,1,-64.7305695108992,159.670531890079,,MachineObservation,,
98129_JIP2010:deployment:0792042,2010-12-17T08:44:00,2010,12,-53.7076181934708,161.009926413055,,MachineObservation,,
88741_Eden2009:deployment:0789550,2009-01-05T15:13:00,2009,1,-62.4205404811249,157.929233407677,,MachineObservation,,
urn:catalog:AADC:WC:5634,1935-01-01 00:00:00+00,1935,1,-59.5,86.5,42,HumanObservation,,AADC
urn:catalog:AADC:WC:5901,1939-01-01 00:00:00+00,1939,1,-61.5,96.5,35,HumanObservation,,AADC
88723_Eden2009:deployment:0783617,2008-12-18T15:02:00,2008,12,-58.5845949798772,172.153305431181,,MachineObservation,,
13440_131190:deployment:0776304,2015-11-29T22:31:20,2015,11,-56.288522962768,178.371955574849,,MachineObservation,,
98129_JIP2010:deployment:0791829,2010-11-29T14:44:00,2010,11,-45.1061347374927,147.582833473286,,MachineObservation,,
88741_Eden2009:deployment:0789672,2009-01-15T19:13:00,2009,1,-62.9004148151957,156.291881363176,,MachineObservation,,
88725_Eden2009:deployment:0784470,2008-12-09T06:04:00,2008,12,-57.7343070788771,157.753025189871,,MachineObservation,,
98129_JIP2010:deployment:0791929,2010-12-07T22:44:00,2010,12,-48.4494876096566,152.605868859672,,MachineObservation,,
88729_Eden2009:deployment:0786677,2008-12-24T06:40:00,2008,12,-63.3115453913744,119.983223621152,,MachineObservation,,
88725_Eden2009:deployment:0784515,2008-12-13T00:04:00,2008,12,-61.5220764093723,156.070909331477,,MachineObservation,,
88741_Eden2009:deployment:0789563,2009-01-06T17:13:00,2009,1,-62.2846865376823,157.682081043322,,MachineObservation,,
88733_Eden2009:deployment:0788025,2008-11-30T01:00:00,2008,11,-60.1326788457722,174.371775195669,,MachineObservation,,
88738_Eden2009:deployment:0788439,2008-11-26T09:06:00,2008,11,-53.1080675948225,152.44897183299,,MachineObservation,,
urn:catalog:AADC:WC:5846,1938-01-01 00:00:00+00,1938,1,-61.5,87.5,7,HumanObservation,,AADC
13440_131190:deployment:0776259,2015-11-26T04:31:20,2015,11,-53.8852947364058,177.720782928382,,MachineObservation,,
88741_Eden2009:deployment:0789453,2008-12-28T13:13:00,2008,12,-63.7503743127792,160.968351148149,,MachineObservation,,
13440_131190:deployment:0776320,2015-12-01T06:31:20,2015,12,-57.1341881994516,178.55070408159,,MachineObservation,,
88729_Eden2009:deployment:0786833,2009-01-06T06:40:00,2009,1,-64.6158349643711,120.74850959805,,MachineObservation,,
88725_Eden2009:deployment:0784410,2008-12-04T06:04:00,2008,12,-52.0408478194343,154.301068124827,,MachineObservation,,
88718_Eden2009:deployment:0782521,2008-12-19T14:34:00,2008,12,-47.7536193132048,155.440096487007,,MachineObservation,,
88725_Eden2009:deployment:0784627,2008-12-22T08:04:00,2008,12,-62.8732308164234,157.702820287778,,MachineObservation,,
13440_131190:deployment:0776443,2015-12-11T12:31:20,2015,12,-63.5082799479196,175.480227647132,,MachineObservation,,
88741_Eden2009:deployment:0789715,2009-01-19T09:13:00,2009,1,-63.2340653907127,155.484372641473,,MachineObservation,,
88728_Eden2009:deployment:0785942,2009-01-27T14:51:00,2009,1,-64.3395656447095,157.925618948998,,MachineObservation,,
88729_Eden2009:deployment:0786727,2008-12-28T10:40:00,2008,12,-63.3563317108068,118.466052225057,,MachineObservation,,
88728_Eden2009:deployment:0785192,2008-11-26T02:51:00,2008,11,-52.6326874204058,155.85382506565,,MachineObservation,,
88723_Eden2009:deployment:0783550,2008-12-13T01:02:00,2008,12,-52.4254637208891,171.071633161771,,MachineObservation,,
88718_Eden2009:deployment:0782515,2008-12-19T02:34:00,2008,12,-47.4715176830351,155.001032240592,,MachineObservation,,
88723_Eden2009:deployment:0783502,2008-12-09T01:02:00,2008,12,-48.3360565216547,167.879684209632,,MachineObservation,,
88729_Eden2009:deployment:0786574,2008-12-15T16:40:00,2008,12,-63.0662078830119,119.530925240817,,MachineObservation,,
13440_131178:deployment:0769198,2015-12-04T03:30:49,2015,12,-50.2377822616037,177.088810330097,,MachineObservation,,
13440_131178:deployment:0769380,2015-12-19T07:30:49,2015,12,-61.3328999338438,179.933441199658,,MachineObservation,,
88741_Eden2009:deployment:0790318,2009-03-10T15:13:00,2009,3,-64.4468792852356,163.275484221265,,MachineObservation,,
13440_131178:deployment:0769057,2015-11-22T09:30:49,2015,11,-47.0372122844437,177.417045155703,,MachineObservation,,
13440_131178:deployment:0769145,2015-11-29T17:30:49,2015,11,-49.3705695829548,177.005745817007,,MachineObservation,,
88738_Eden2009:deployment:0788700,2008-12-18T03:06:00,2008,12,-63.9788214590187,149.06499914805,,MachineObservation,,
88738_Eden2009:deployment:0788575,2008-12-07T17:06:00,2008,12,-62.3060836310662,149.887747512267,,MachineObservation,,
88725_Eden2009:deployment:0784622,2008-12-21T22:04:00,2008,12,-62.7952983328424,157.619460972028,,MachineObservation,,
88723_Eden2009:deployment:0783922,2009-01-13T01:02:00,2009,1,-64.2609138408355,168.717439671048,,MachineObservation,,
98114_JIP2010:deployment:0791172,2010-11-29T12:15:00,2010,11,-60.9795861790641,158.088272845355,,MachineObservation,,
88729_Eden2009:deployment:0786378,2008-11-29T08:40:00,2008,11,-55.8897466303031,127.923705753106,,MachineObservation,,
98129_JIP2010:deployment:0792137,2010-12-25T06:44:00,2010,12,-57.4507746650605,166.587781603825,,MachineObservation,,
13440_131190:deployment:0776209,2015-11-22T00:31:20,2015,11,-50.0198900650414,178.364959032165,,MachineObservation,,
urn:catalog:AADC:WC:5849,1938-01-01 00:00:00+00,1938,1,-61.5,92.5,6,HumanObservation,,AADC
88729_Eden2009:deployment:0786567,2008-12-15T02:40:00,2008,12,-62.9989064694343,119.501719131395,,MachineObservation,,
13440_131178:deployment:0769379,2015-12-19T05:30:49,2015,12,-61.2738446253756,179.913700414351,,MachineObservation,,
88723_Eden2009:deployment:0783896,2009-01-10T21:02:00,2009,1,-63.9129139951554,168.5917497816,,MachineObservation,,
64235_JIP2010:deployment:0781271,2010-11-09T13:10:00,2010,11,-46.0802409518631,148.761764575594,,MachineObservation,,
88723_Eden2009:deployment:0783515,2008-12-10T03:02:00,2008,12,-49.7109481558184,168.720528494328,,MachineObservation,,
13440_131190:deployment:0776483,2015-12-14T20:31:20,2015,12,-63.533688212906,178.643933282625,,MachineObservation,,
98129_JIP2010:deployment:0792060,2010-12-18T20:44:00,2010,12,-53.7761001369066,162.662569093824,,MachineObservation,,
88741_Eden2009:deployment:0789044,2008-11-24T11:13:00,2008,11,-45.0692593533099,166.248405874792,,MachineObservation,,
88729_Eden2009:deployment:0786397,2008-11-30T22:40:00,2008,11,-56.7743044996221,126.032819336229,,MachineObservation,,
88741_Eden2009:deployment:0789166,2008-12-04T15:13:00,2008,12,-52.4320632781159,170.574438640677,,MachineObservation,,
218704,2008-01-03T20:30:15,2008,1,-63.27,104.52,1,HumanObservation,Happywhale - Humpback whale in Southern Ocean,Happywhale.com
98114_JIP2010:deployment:0791092,2010-11-22T20:15:00,2010,11,-58.7133346482933,159.012452949528,,MachineObservation,,
88741_Eden2009:deployment:0789254,2008-12-11T23:13:00,2008,12,-58.5242008914955,168.410167574477,,MachineObservation,,
98114_JIP2010:deployment:0791046,2010-11-19T00:15:00,2010,11,-53.5560087772889,159.5421740026,,MachineObservation,,
urn:catalog:AADC:SOWS:SOWS-92812,2001-01-29 00:00:00Z,2001,1,-63.514,95.213,2,HumanObservation,,AADC
88733_Eden2009:deployment:0787967,2008-11-25T05:00:00,2008,11,-56.2236938052744,171.917650078065,,MachineObservation,,
urn:catalog:AADC:WOV:WOV-148552,1995-02-16 01:00:00+00,1995,2,-64.0667,101.8667,6,HumanObservation,,AADC
88728_Eden2009:deployment:0785354,2008-12-09T14:51:00,2008,12,-61.8927822764291,157.180857047526,,MachineObservation,,
88723_Eden2009:deployment:0783918,2009-01-12T17:02:00,2009,1,-64.1574317380244,168.660898174342,,MachineObservation,,
urn:catalog:AADC:WC:5981,1959-01-01 00:00:00+00,1959,1,-61.5,92.5,50,HumanObservation,,AADC
98129_JIP2010:deployment:0792264,2011-01-04T20:44:00,2011,1,-63.3938213765582,170.107262184289,,MachineObservation,,
13440_131178:deployment:0769268,2015-12-09T23:30:49,2015,12,-53.1553817051787,177.929823249779,,MachineObservation,,
64235_JIP2010:deployment:0781423,2010-11-22T05:10:00,2010,11,-60.0867032874263,157.60822493564,,MachineObservation,,
88733_Eden2009:deployment:0787767,2008-11-08T13:00:00,2008,11,-45.75042148035,153.520714082414,,MachineObservation,,
88728_Eden2009:deployment:0785574,2008-12-27T22:51:00,2008,12,-62.1475552295516,155.366364742425,,MachineObservation,,
88741_Eden2009:deployment:0789694,2009-01-17T15:13:00,2009,1,-62.4229524591895,155.801816830916,,MachineObservation,,
88723_Eden2009:deployment:0783540,2008-12-12T05:02:00,2008,12,-51.4888897802734,170.094149033994,,MachineObservation,,
98114_JIP2010:deployment:0791290,2010-12-09T08:15:00,2010,12,-62.1270110962983,157.738557599796,,MachineObservation,,
88729_Eden2009:deployment:0786349,2008-11-26T22:40:00,2008,11,-53.8254139603463,130.53983249826,,MachineObservation,,
98114_JIP2010:deployment:0791085,2010-11-22T06:15:00,2010,11,-57.8181147481131,159.338462672736,,MachineObservation,,
98129_JIP2010:deployment:0792091,2010-12-21T10:44:00,2010,12,-54.665475709698,163.432489339847,,MachineObservation,,
88741_Eden2009:deployment:0789243,2008-12-11T01:13:00,2008,12,-57.4630675382805,169.071509399833,,MachineObservation,,
88728_Eden2009:deployment:0785775,2009-01-13T16:51:00,2009,1,-63.3201315531395,157.181123790344,,MachineObservation,,
88728_Eden2009:deployment:0785938,2009-01-27T06:51:00,2009,1,-64.3052401061041,158.036383630425,,MachineObservation,,
88729_Eden2009:deployment:0787036,2009-01-23T04:40:00,2009,1,-63.3804787017954,103.938437034717,,MachineObservation,,
88729_Eden2009:deployment:0786355,2008-11-27T10:40:00,2008,11,-54.2234146748635,129.846274449172,,MachineObservation,,
88741_Eden2009:deployment:0789433,2008-12-26T21:13:00,2008,12,-63.5075946416999,162.748566975906,,MachineObservation,,
88725_Eden2009:deployment:0784644,2008-12-23T18:04:00,2008,12,-62.949718560613,157.276440135424,,MachineObservation,,
98114_JIP2010:deployment:0791053,2010-11-19T14:15:00,2010,11,-54.3668285500605,159.344181268339,,MachineObservation,,
88728_Eden2009:deployment:0785650,2009-01-03T06:51:00,2009,1,-62.396807597943,155.75362049202,,MachineObservation,,
88729_Eden2009:deployment:0786758,2008-12-31T00:40:00,2008,12,-64.2218543738283,119.434995824762,,MachineObservation,,
urn:catalog:AADC:SOWS:SOWS-100765,1998-01-01 00:00:00Z,1998,1,-63.08,85.48,1,HumanObservation,,AADC
urn:catalog:AADC:WC:5624,1935-01-01 00:00:00+00,1935,1,-58.5,84.5,87,HumanObservation,,AADC
https://www.inaturalist.org/observations/10521063,2012-10-26T15:22:00+13:00,,,-46.9265874,167.7800898,,HumanObservation,iNaturalist research-grade observations,iNaturalist
88738_Eden2009:deployment:0788574,2008-12-07T15:06:00,2008,12,-62.1359892660422,149.601570341303,,MachineObservation,,
13440_88727:deployment:0777112,2015-11-28T14:30:50,2015,11,-62.532652851308,178.89328270595,,MachineObservation,,
88741_Eden2009:deployment:0789521,2009-01-03T05:13:00,2009,1,-62.6258701567172,158.319627825798,,MachineObservation,,
88728_Eden2009:deployment:0785486,2008-12-20T14:51:00,2008,12,-63.9794833156263,158.803260932144,,MachineObservation,,
88723_Eden2009:deployment:0783582,2008-12-15T17:02:00,2008,12,-55.4315767107065,173.578599885175,,MachineObservation,,
88733_Eden2009:deployment:0787829,2008-11-13T17:00:00,2008,11,-48.1935743566328,159.060902370585,,MachineObservation,,
88738_Eden2009:deployment:0788559,2008-12-06T09:06:00,2008,12,-60.4263131866181,149.881716572089,,MachineObservation,,
88725_Eden2009:deployment:0784663,2008-12-25T08:04:00,2008,12,-62.4455898391855,157.580706013116,,MachineObservation,,
13440_131178:deployment:0769026,2015-11-19T19:30:49,2015,11,-45.0384432422879,177.919824029845,,MachineObservation,,
88725_Eden2009:deployment:0784649,2008-12-24T04:04:00,2008,12,-62.9296542489505,157.268726948577,,MachineObservation,,
88733_Eden2009:deployment:0787786,2008-11-10T03:00:00,2008,11,-46.8004179626877,155.739002952921,,MachineObservation,,
urn:catalog:AADC:WC:5925,1950-01-01 00:00:00+00,1950,1,-59.5,88.5,125,HumanObservation,,AADC
88729_Eden2009:deployment:0787017,2009-01-21T14:40:00,2009,1,-63.1238576273048,104.695355582787,,MachineObservation,,
98129_JIP2010:deployment:0792105,2010-12-22T14:44:00,2010,12,-55.7543199681776,164.296508341149,,MachineObservation,,
13440_131178:deployment:0769082,2015-11-24T11:30:49,2015,11,-47.9360394480737,177.004141945709,,MachineObservation,,
88738_Eden2009:deployment:0788362,2008-11-19T23:06:00,2008,11,-46.4324151925707,147.598532472489,,MachineObservation,,
88718_Eden2009:deployment:0782518,2008-12-19T08:34:00,2008,12,-47.675115787606,155.261484956932,,MachineObservation,,
88729_Eden2009:deployment:0786419,2008-12-02T18:40:00,2008,12,-58.2077908995491,123.474584087528,,MachineObservation,,
88729_Eden2009:deployment:0787137,2009-01-31T14:40:00,2009,1,-61.8783587137973,101.705543785343,,MachineObservation,,
88723_Eden2009:deployment:0783609,2008-12-17T23:02:00,2008,12,-57.9271516301012,172.310170831721,,MachineObservation,,
88725_Eden2009:deployment:0784766,2009-01-02T22:04:00,2009,1,-62.0820102940535,152.248908427798,,MachineObservation,,
88728_Eden2009:deployment:0785335,2008-12-08T00:51:00,2008,12,-61.537052182953,156.433740124732,,MachineObservation,,
98129_JIP2010:deployment:0791967,2010-12-11T02:44:00,2010,12,-49.7888935931611,155.838302183509,,MachineObservation,,
88725_Eden2009:deployment:0784571,2008-12-17T16:04:00,2008,12,-62.5835807080077,157.166191512915,,MachineObservation,,
98129_JIP2010:deployment:0792177,2010-12-28T14:44:00,2010,12,-58.3662780684405,170.064605986745,,MachineObservation,,
88741_Eden2009:deployment:0789643,2009-01-13T09:13:00,2009,1,-62.6217533083471,156.050762562785,,MachineObservation,,
13440_131190:deployment:0776431,2015-12-10T12:31:20,2015,12,-63.2661339328684,175.329556117231,,MachineObservation,,
88741_Eden2009:deployment:0789442,2008-12-27T15:13:00,2008,12,-63.7757235376055,161.786265255926,,MachineObservation,,
88729_Eden2009:deployment:0787145,2009-02-01T06:40:00,2009,2,-61.659227033181,101.438222312972,,MachineObservation,,
88723_Eden2009:deployment:0783619,2008-12-18T19:02:00,2008,12,-58.7864177518334,172.08811034703,,MachineObservation,,
88729_Eden2009:deployment:0786822,2009-01-05T08:40:00,2009,1,-64.6386688765243,120.78642774388,,MachineObservation,,
88732_Eden2009:deployment:0787543,2008-11-24T03:33:00,2008,11,-47.5282541542964,165.20818895145,,MachineObservation,,
13440_131190:deployment:0776446,2015-12-11T18:31:20,2015,12,-63.5165285177751,175.704338706082,,MachineObservation,,
98114_JIP2010:deployment:0790983,2010-11-13T18:15:00,2010,11,-47.2946056485446,160.30860601133,,MachineObservation,,
urn:catalog:AADC:SOWS:SOWS-93558,1998-02-16 07:38:43Z,1998,2,-62.8378,87.9415,2,HumanObservation,,AADC
98114_JIP2010:deployment:0791257,2010-12-06T14:15:00,2010,12,-61.732448992895,157.390958260225,,MachineObservation,,
88728_Eden2009:deployment:0785759,2009-01-12T08:51:00,2009,1,-62.812532386889,154.965926763934,,MachineObservation,,
88728_Eden2009:deployment:0785826,2009-01-17T22:51:00,2009,1,-64.0599623806551,161.963142871862,,MachineObservation,,
88725_Eden2009:deployment:0784386,2008-12-02T06:04:00,2008,12,-49.9729592403019,153.071986732621,,MachineObservation,,
88728_Eden2009:deployment:0785406,2008-12-13T22:51:00,2008,12,-61.9478993318155,156.743561066025,,MachineObservation,,
88729_Eden2009:deployment:0786348,2008-11-26T20:40:00,2008,11,-53.7638256447515,130.652274273859,,MachineObservation,,
urn:catalog:AADC:WC:5799,1938-01-01 00:00:00+00,1938,1,-57.5,84.5,15,HumanObservation,,AADC
88741_Eden2009:deployment:0790332,2009-03-11T19:13:00,2009,3,-64.2846682101397,164.248581275354,,MachineObservation,,
88732_Eden2009:deployment:0787474,2008-11-18T09:33:00,2008,11,-46.0124556362543,164.071771579842,,MachineObservation,,
88733_Eden2009:deployment:0787993,2008-11-27T09:00:00,2008,11,-57.8102037681637,172.371315661477,,MachineObservation,,
NZHB-129,1998-07-16,,,-45.5417,170.7667,7,HumanObservation,Humpback whale sightings around New Zealand 1970-1999,DoC
88741_Eden2009:deployment:0790114,2009-02-21T15:13:00,2009,2,-64.917143088771,164.090775115219,,MachineObservation,,
13440_131190:deployment:0776371,2015-12-05T12:31:20,2015,12,-60.5530455711219,178.11228899651,,MachineObservation,,
88733_Eden2009:deployment:0787792,2008-11-10T15:00:00,2008,11,-46.9961778962534,156.101512703714,,MachineObservation,,
88725_Eden2009:deployment:0784734,2008-12-31T06:04:00,2008,12,-62.3056360358333,152.87906621293,,MachineObservation,,
88729_Eden2009:deployment:0786680,2008-12-24T12:40:00,2008,12,-63.3224109827825,119.852948754332,,MachineObservation,,
13440_131190:deployment:0776335,2015-12-02T12:31:20,2015,12,-58.2779782037764,178.972093966377,,MachineObservation,,
98129_JIP2010:deployment:0791953,2010-12-09T22:44:00,2010,12,-49.0689602484148,154.561687980659,,MachineObservation,,
88729_Eden2009:deployment:0786696,2008-12-25T20:40:00,2008,12,-63.3232078631303,119.431483206022,,MachineObservation,,
88728_Eden2009:deployment:0785912,2009-01-25T02:51:00,2009,1,-64.5881016705304,159.519578985893,,MachineObservation,,
88738_Eden2009:deployment:0788766,2008-12-23T15:06:00,2008,12,-64.4075560330674,148.351767082618,,MachineObservation,,
88729_Eden2009:deployment:0786222,2008-11-16T08:40:00,2008,11,-46.3423987003838,138.365326903313,,MachineObservation,,
88723_Eden2009:deployment:0783623,2008-12-19T03:02:00,2008,12,-59.1961027071597,171.936114420132,,MachineObservation,,
98129_JIP2010:deployment:0792054,2010-12-18T08:44:00,2010,12,-53.80989133543,162.438758637029,,MachineObservation,,
urn:catalog:AADC:WC:5782,1937-01-01 00:00:00+00,1937,1,-62.5,93.5,14,HumanObservation,,AADC
88733_Eden2009:deployment:0787924,2008-11-21T15:00:00,2008,11,-53.8018803636331,167.908592470512,,MachineObservation,,
88741_Eden2009:deployment:0789487,2008-12-31T09:13:00,2008,12,-62.810648643872,160.154447540114,,MachineObservation,,
88718_Eden2009:deployment:0782672,2009-01-01T04:34:00,2009,1,-59.4221009726402,173.090921035475,,MachineObservation,,
88741_Eden2009:deployment:0789488,2008-12-31T11:13:00,2008,12,-62.8103862968636,160.162698509175,,MachineObservation,,
88732_Eden2009:deployment:0787456,2008-11-16T21:33:00,2008,11,-45.9075556731661,164.339215226698,,MachineObservation,,
13440_131178:deployment:0769033,2015-11-20T09:30:49,2015,11,-45.6223844729684,177.748972478001,,MachineObservation,,
88741_Eden2009:deployment:0789578,2009-01-07T23:13:00,2009,1,-62.3994816620711,157.706093042451,,MachineObservation,,
88741_Eden2009:deployment:0789822,2009-01-28T07:13:00,2009,1,-64.2983477004034,161.262948680485,,MachineObservation,,
88728_Eden2009:deployment:0785100,2008-11-18T10:51:00,2008,11,-47.2481676056383,152.012337534204,,MachineObservation,,
88738_Eden2009:deployment:0788430,2008-11-25T15:06:00,2008,11,-52.3399770219797,151.764920860346,,MachineObservation,,
88738_Eden2009:deployment:0788765,2008-12-23T13:06:00,2008,12,-64.4144845171184,148.368152513699,,MachineObservation,,
88728_Eden2009:deployment:0785821,2009-01-17T12:51:00,2009,1,-63.9169879138955,161.177450207224,,MachineObservation,,
13440_131190:deployment:0776328,2015-12-01T22:31:20,2015,12,-57.8918908370309,178.72570995863,,MachineObservation,,
13440_131178:deployment:0769216,2015-12-05T15:30:49,2015,12,-50.5305480110611,178.205479555482,,MachineObservation,,
218703,2008-01-03T18:01:43,2008,1,-63.25,105.39,1,HumanObservation,Happywhale - Humpback whale in Southern Ocean,Happywhale.com
88725_Eden2009:deployment:0784614,2008-12-21T06:04:00,2008,12,-62.8842282601386,158.054619283053,,MachineObservation,,
229477,2016-10-14T21:07:51,2016,10,-45.46,166.71,1,HumanObservation,Happywhale - Humpback whale in South Pacific Ocean,Happywhale.com
88729_Eden2009:deployment:0786798,2009-01-03T08:40:00,2009,1,-64.8300785641136,119.704730316038,,MachineObservation,,
88729_Eden2009:deployment:0786447,2008-12-05T02:40:00,2008,12,-60.5115844056773,121.313554736701,,MachineObservation,,
88738_Eden2009:deployment:0788596,2008-12-09T11:06:00,2008,12,-62.987132077454,150.3191929358,,MachineObservation,,
urn:catalog:AADC:WC:5980,1959-01-01 00:00:00+00,1959,1,-61.5,87.5,36,HumanObservation,,AADC
13440_131178:deployment:0769314,2015-12-13T19:30:49,2015,12,-55.9550563549619,177.174707802045,,MachineObservation,,
urn:catalog:AADC:WC:5897,1939-01-01 00:00:00+00,1939,1,-61.5,90.5,10,HumanObservation,,AADC
13440_131190:deployment:0776279,2015-11-27T20:31:20,2015,11,-55.7753171633213,178.397449390741,,MachineObservation,,
13440_131190:deployment:0776190,2015-11-20T10:31:20,2015,11,-49.4511467568638,179.161253401492,,MachineObservation,,
88725_Eden2009:deployment:0784693,2008-12-27T20:04:00,2008,12,-63.0859044765216,156.172953256428,,MachineObservation,,
88728_Eden2009:deployment:0785598,2008-12-29T22:51:00,2008,12,-61.936716800842,155.569100436612,,MachineObservation,,
urn:catalog:AADC:WC:5590,1934-01-01 00:00:00+00,1934,1,-57.5,91.5,9,HumanObservation,,AADC
urn:catalog:AADC:WC:5566,1933-01-01 00:00:00+00,1933,1,-57.5,85.5,17,HumanObservation,,AADC
13440_131190:deployment:0776201,2015-11-21T08:31:20,2015,11,-49.6528394846563,178.635966229137,,MachineObservation,,
88723_Eden2009:deployment:0783696,2008-12-25T05:02:00,2008,12,-63.0644467690924,170.67791169119,,MachineObservation,,
in2017_v01_09283,2017-01-22T23:15:00Z,,,-64.23556,115.45194,4,HumanObservation,,Macquarie University
88741_Eden2009:deployment:0789259,2008-12-12T09:13:00,2008,12,-59.142484090369,168.086175568086,,MachineObservation,,
88738_Eden2009:deployment:0788417,2008-11-24T13:06:00,2008,11,-51.317538519119,150.291419985186,,MachineObservation,,
98114_JIP2010:deployment:0791038,2010-11-18T08:15:00,2010,11,-53.1697322260942,159.315905788689,,MachineObservation,,
88729_Eden2009:deployment:0786455,2008-12-05T18:40:00,2008,12,-60.6886590436539,121.061287557258,,MachineObservation,,
88741_Eden2009:deployment:0790315,2009-03-10T09:13:00,2009,3,-64.6571055546084,163.200533933072,,MachineObservation,,
88738_Eden2009:deployment:0788361,2008-11-19T21:06:00,2008,11,-46.354285410183,147.52722955766,,MachineObservation,,
88729_Eden2009:deployment:0786919,2009-01-13T10:40:00,2009,1,-64.1584823991808,116.276364586413,,MachineObservation,,
88733_Eden2009:deployment:0787858,2008-11-16T03:00:00,2008,11,-49.4098033075733,162.276224507055,,MachineObservation,,
urn:catalog:AADC:WOV:WOV-149547,1993-02-28 11:30:00+00,1993,2,-63.7417,98.0254,4,HumanObservation,,AADC
64235_JIP2010:deployment:0781327,2010-11-14T05:10:00,2010,11,-50.5473936339385,152.688699914469,,MachineObservation,,
88741_Eden2009:deployment:0789761,2009-01-23T05:13:00,2009,1,-64.1188583950911,160.179935383751,,MachineObservation,,
88732_Eden2009:deployment:0787443,2008-11-15T19:33:00,2008,11,-45.8758223144021,164.104158015327,,MachineObservation,,
98129_JIP2010:deployment:0791927,2010-12-07T18:44:00,2010,12,-48.3447034825572,152.345976858197,,MachineObservation,,
88723_Eden2009:deployment:0783785,2009-01-01T15:02:00,2009,1,-63.1041391443054,168.08306328247,,MachineObservation,,
urn:catalog:AADC:WC:5930,1950-01-01 00:00:00+00,1950,1,-60.5,88.5,40,HumanObservation,,AADC
64235_JIP2010:deployment:0781376,2010-11-18T07:10:00,2010,11,-55.0080302158745,155.0581076831,,MachineObservation,,
urn:catalog:AADC:WC:5597,1934-01-01 00:00:00+00,1934,1,-59.5,81.5,6,HumanObservation,,AADC
88725_Eden2009:deployment:0784786,2009-01-04T14:04:00,2009,1,-61.8974264968699,151.93602996474,,MachineObservation,,
88741_Eden2009:deployment:0789324,2008-12-17T19:13:00,2008,12,-62.1065195842683,164.30134670922,,MachineObservation,,
88718_Eden2009:deployment:0782675,2009-01-01T10:34:00,2009,1,-59.6540392849581,173.292003132212,,MachineObservation,,
88728_Eden2009:deployment:0785167,2008-11-24T00:51:00,2008,11,-51.5242610521885,155.070896895228,,MachineObservation,,
88725_Eden2009:deployment:0784529,2008-12-14T04:04:00,2008,12,-61.9793658745436,155.801639732365,,MachineObservation,,
88741_Eden2009:deployment:0789125,2008-12-01T05:13:00,2008,12,-49.8853657896275,169.760074617155,,MachineObservation,,
88741_Eden2009:deployment:0789826,2009-01-28T15:13:00,2009,1,-64.3668057388015,161.386587349935,,MachineObservation,,
88733_Eden2009:deployment:0787936,2008-11-22T15:00:00,2008,11,-54.7821742462703,168.958702072474,,MachineObservation,,
88729_Eden2009:deployment:0786206,2008-11-15T00:40:00,2008,11,-45.5111737176687,139.502343706278,,MachineObservation,,
88725_Eden2009:deployment:0784620,2008-12-21T18:04:00,2008,12,-62.7935051952736,157.694665757371,,MachineObservation,,
98129_JIP2010:deployment:0791833,2010-11-29T22:44:00,2010,11,-45.3227525302631,147.551823891961,,MachineObservation,,
88728_Eden2009:deployment:0785444,2008-12-17T02:51:00,2008,12,-63.0073380576623,157.906298719198,,MachineObservation,,
218725,2008-01-07T08:42:49,2008,1,-62.47,87.04,1,HumanObservation,Happywhale - Humpback whale in Southern Ocean,Happywhale.com
urn:catalog:AADC:WC:5668,1935-01-01 00:00:00+00,1935,1,-61.5,85.5,8,HumanObservation,,AADC
88738_Eden2009:deployment:0788720,2008-12-19T19:06:00,2008,12,-64.0112112195695,149.00335251062,,MachineObservation,,
88732_Eden2009:deployment:0787436,2008-11-15T05:33:00,2008,11,-45.9288798130906,164.19581489398,,MachineObservation,,
88725_Eden2009:deployment:0784836,2009-01-08T18:04:00,2009,1,-62.2548358006174,150.708781285029,,MachineObservation,,
88738_Eden2009:deployment:0788475,2008-11-29T09:06:00,2008,11,-57.2779626722966,153.407963958939,,MachineObservation,,
98129_JIP2010:deployment:0792081,2010-12-20T14:44:00,2010,12,-54.1713384901334,163.384795448896,,MachineObservation,,
urn:catalog:AADC:SOWS:SOWS-93575,1998-02-17 10:36:35Z,1998,2,-60.1963,98.3688,2,HumanObservation,,AADC
urn:catalog:AADC:WC:5973,1959-01-01 00:00:00+00,1959,1,-60.5,85.5,65,HumanObservation,,AADC
88729_Eden2009:deployment:0786451,2008-12-05T10:40:00,2008,12,-60.6717505092363,121.047924704212,,MachineObservation,,
88728_Eden2009:deployment:0785600,2008-12-30T02:51:00,2008,12,-62.0415930101232,155.662071144987,,MachineObservation,,
88738_Eden2009:deployment:0788393,2008-11-22T13:06:00,2008,11,-49.1239496540333,149.186963088525,,MachineObservation,,
88738_Eden2009:deployment:0788488,2008-11-30T11:06:00,2008,11,-58.8210647361211,153.070856819394,,MachineObservation,,
13440_131190:deployment:0776453,2015-12-12T08:31:20,2015,12,-63.6749869124386,176.177133626249,,MachineObservation,,
88732_Eden2009:deployment:0787483,2008-11-19T03:33:00,2008,11,-45.8864727763342,164.118791798306,,MachineObservation,,
64235_JIP2010:deployment:0781268,2010-11-09T07:10:00,2010,11,-45.6685028385938,148.603807528669,,MachineObservation,,
13440_131178:deployment:0769078,2015-11-24T03:30:49,2015,11,-47.6997569072835,177.082675027409,,MachineObservation,,
395827,2000-01-14,2000,1,-61.03,100.16,1,HumanObservation,Happywhale - Humpback whale in Southern Ocean,Happywhale.com
368301,2023-06-25T11:30,2023,6,-45.271578,166.857433,1,HumanObservation,Happywhale - Humpback whale in South Pacific Ocean,Happywhale.com
88741_Eden2009:deployment:0789464,2008-12-29T11:13:00,2008,12,-63.0724391722118,160.440732512231,,MachineObservation,,
in2017_v01_09304,2017-01-27T04:08:00Z,,,-64.68528,114.58583,1,HumanObservation,,Macquarie University
88733_Eden2009:deployment:0787891,2008-11-18T21:00:00,2008,11,-50.8868006932098,164.753236199067,,MachineObservation,,
64235_JIP2010:deployment:0781320,2010-11-13T15:10:00,2010,11,-50.0498451756237,152.592562419557,,MachineObservation,,
64235_JIP2010:deployment:0781305,2010-11-12T09:10:00,2010,11,-49.164256787254,150.843073804216,,MachineObservation,,
88728_Eden2009:deployment:0785376,2008-12-11T10:51:00,2008,12,-61.9864961418734,156.757620707871,,MachineObservation,,
13440_131190:deployment:0776213,2015-11-22T08:31:20,2015,11,-50.2820500325631,178.221238568159,,MachineObservation,,
88732_Eden2009:deployment:0787560,2008-11-25T13:33:00,2008,11,-49.0243048530263,164.37202694533,,MachineObservation,,
88729_Eden2009:deployment:0786536,2008-12-12T12:40:00,2008,12,-62.9003237156107,119.183940244409,,MachineObservation,,
13440_131190:deployment:0776255,2015-11-25T20:31:20,2015,11,-53.489923324371,177.562329736509,,MachineObservation,,
98114_JIP2010:deployment:0791073,2010-11-21T06:15:00,2010,11,-56.3976786682946,159.7991055877,,MachineObservation,,
13440_131178:deployment:0769149,2015-11-30T01:30:49,2015,11,-49.3913148789149,176.939391060586,,MachineObservation,,
395823,1999-02-15,1999,2,-62.36,98.44,1,HumanObservation,Happywhale - Humpback whale in Southern Ocean,Happywhale.com
98129_JIP2010:deployment:0792012,2010-12-14T20:44:00,2010,12,-52.3422419439802,158.964003290248,,MachineObservation,,
88741_Eden2009:deployment:0789605,2009-01-10T05:13:00,2009,1,-62.4951794680581,157.976219980848,,MachineObservation,,
88733_Eden2009:deployment:0787919,2008-11-21T05:00:00,2008,11,-53.2954969127105,167.529049026129,,MachineObservation,,
urn:catalog:AADC:WC:5768,1937-01-01 00:00:00+00,1937,1,-61.5,100.5,15,HumanObservation,,AADC
13440_131178:deployment:0769280,2015-12-10T23:30:49,2015,12,-53.9353863154291,177.506729300834,,MachineObservation,,
88725_Eden2009:deployment:0784735,2008-12-31T08:04:00,2008,12,-62.3213829575055,152.860916841489,,MachineObservation,,
98114_JIP2010:deployment:0791161,2010-11-28T14:15:00,2010,11,-60.9150218928819,158.124955055706,,MachineObservation,,
88725_Eden2009:deployment:0784695,2008-12-28T00:04:00,2008,12,-63.1485193404355,155.966693641357,,MachineObservation,,
88738_Eden2009:deployment:0788411,2008-11-24T01:06:00,2008,11,-50.7423911355041,149.994863751424,,MachineObservation,,
98129_JIP2010:deployment:0791968,2010-12-11T04:44:00,2010,12,-49.8676615782731,155.936099362312,,MachineObservation,,
urn:catalog:AADC:WC:5728,1936-01-01 00:00:00+00,1936,1,-64.5,80.5,1,HumanObservation,,AADC
88732_Eden2009:deployment:0787497,2008-11-20T07:33:00,2008,11,-45.8089133096571,164.395233353042,,MachineObservation,,
88733_Eden2009:deployment:0787894,2008-11-19T03:00:00,2008,11,-51.0296773958581,164.901627508076,,MachineObservation,,
88718_Eden2009:deployment:0782716,2009-01-04T20:34:00,2009,1,-62.9738018636791,177.148659473854,,MachineObservation,,
88741_Eden2009:deployment:0789753,2009-01-22T13:13:00,2009,1,-63.3179940803666,159.212647665563,,MachineObservation,,
88741_Eden2009:deployment:0789073,2008-11-26T21:13:00,2008,11,-46.7895220609216,166.943703817294,,MachineObservation,,
88738_Eden2009:deployment:0788553,2008-12-05T21:06:00,2008,12,-60.0676163593101,150.029775290154,,MachineObservation,,
13440_131178:deployment:0769031,2015-11-20T05:30:49,2015,11,-45.4691538188103,177.742116855916,,MachineObservation,,
13440_131178:deployment:0769233,2015-12-07T01:30:49,2015,12,-50.7881805014373,177.709834434465,,MachineObservation,,
88732_Eden2009:deployment:0787527,2008-11-22T19:33:00,2008,11,-46.5361835545812,165.013341674071,,MachineObservation,,
88728_Eden2009:deployment:0785751,2009-01-11T16:51:00,2009,1,-62.8036017902904,155.11251300409,,MachineObservation,,
88733_Eden2009:deployment:0787937,2008-11-22T17:00:00,2008,11,-54.8757157378571,169.070691111389,,MachineObservation,,
urn:catalog:AADC:WC:5674,1935-01-01 00:00:00+00,1935,1,-62.5,81.5,15,HumanObservation,,AADC
in2017_v01_09940,2017-02-17T23:54:00Z,,,-64.99667,119.72917,1,HumanObservation,,Macquarie University
88728_Eden2009:deployment:0785234,2008-11-29T14:51:00,2008,11,-54.9123083509637,156.922410408603,,MachineObservation,,
urn:catalog:AADC:WC:5835,1938-01-01 00:00:00+00,1938,1,-60.5,84.5,2,HumanObservation,,AADC
13440_131190:deployment:0776390,2015-12-07T02:31:20,2015,12,-61.5082592116593,177.739026317235,,MachineObservation,,
88718_Eden2009:deployment:0782654,2008-12-30T16:34:00,2008,12,-58.1956300708249,170.85527524182,,MachineObservation,,
98129_JIP2010:deployment:0792255,2011-01-04T02:44:00,2011,1,-63.0544017268307,169.832870087828,,MachineObservation,,
98129_JIP2010:deployment:0791839,2010-11-30T10:44:00,2010,11,-45.6169319388116,147.609059241407,,MachineObservation,,
88738_Eden2009:deployment:0788491,2008-11-30T17:06:00,2008,11,-58.8931031710286,153.021769258561,,MachineObservation,,
88732_Eden2009:deployment:0787452,2008-11-16T13:33:00,2008,11,-45.9658114231042,164.281389586508,,MachineObservation,,
88718_Eden2009:deployment:0782690,2009-01-02T16:34:00,2009,1,-61.1167667041957,174.871012830852,,MachineObservation,,
88728_Eden2009:deployment:0785090,2008-11-17T14:51:00,2008,11,-46.7198274785692,151.822375377547,,MachineObservation,,
88741_Eden2009:deployment:0789133,2008-12-01T21:13:00,2008,12,-50.17616576993,170.249286025762,,MachineObservation,,
98129_JIP2010:deployment:0792069,2010-12-19T14:44:00,2010,12,-53.7082816336167,162.854586030028,,MachineObservation,,
88732_Eden2009:deployment:0787407,2008-11-12T19:33:00,2008,11,-45.6036258222263,162.678761747063,,MachineObservation,,
88733_Eden2009:deployment:0787855,2008-11-15T21:00:00,2008,11,-49.2833842480386,161.974426941763,,MachineObservation,,
88733_Eden2009:deployment:0788052,2008-12-02T07:00:00,2008,12,-62.0216481849313,174.93147613806,,MachineObservation,,
64235_JIP2010:deployment:0781267,2010-11-09T05:10:00,2010,11,-45.544584928362,148.556563517943,,MachineObservation,,
88741_Eden2009:deployment:0789128,2008-12-01T11:13:00,2008,12,-50.0574363430022,169.963796747474,,MachineObservation,,
88718_Eden2009:deployment:0782507,2008-12-18T10:34:00,2008,12,-46.8791479930702,154.248307642119,,MachineObservation,,
88733_Eden2009:deployment:0787801,2008-11-11T09:00:00,2008,11,-47.310761253925,156.851959403296,,MachineObservation,,
urn:catalog:AADC:SOWS:SOWS-100596,2003-02-25 23:50:00Z,2003,2,-61.2,80.57,2,HumanObservation,,AADC
88718_Eden2009:deployment:0782573,2008-12-23T22:34:00,2008,12,-51.7529399595419,161.253791515346,,MachineObservation,,
13440_131190:deployment:0776380,2015-12-06T06:31:20,2015,12,-61.1724455398381,177.886357670503,,MachineObservation,,
88733_Eden2009:deployment:0788035,2008-11-30T21:00:00,2008,11,-60.7540223118147,174.730425894786,,MachineObservation,,
88725_Eden2009:deployment:0784376,2008-12-01T10:04:00,2008,12,-48.6748693632328,152.469569148588,,MachineObservation,,
88729_Eden2009:deployment:0786767,2008-12-31T18:40:00,2008,12,-64.5641519502311,119.861492372984,,MachineObservation,,
88741_Eden2009:deployment:0789273,2008-12-13T13:13:00,2008,12,-60.0750802323133,167.467576670955,,MachineObservation,,
urn:catalog:AADC:SOWS:SOWS-92560,2002-02-05 01:26:00Z,2002,2,-62.4,94.27,2,HumanObservation,,AADC
urn:catalog:AADC:WOV:WOV-149508,1997-01-08 00:00:00+00,1997,1,-63.9333,92.3167,1,HumanObservation,,AADC
urn:catalog:AADC:SOWS:SOWS-92917,2001-03-03 00:00:00Z,2001,3,-60.106,103.679,1,HumanObservation,,AADC
88733_Eden2009:deployment:0787806,2008-11-11T19:00:00,2008,11,-47.4559101101618,157.400228747447,,MachineObservation,,
13440_131190:deployment:0776444,2015-12-11T14:31:20,2015,12,-63.4914299862351,175.581498894088,,MachineObservation,,
urn:catalog:AADC:SOWS:SOWS-92338,2003-01-12 03:59:42Z,2003,1,-61.73,99.31,1,HumanObservation,,AADC
13440_131190:deployment:0776418,2015-12-09T10:31:20,2015,12,-62.419789849792,176.335121338103,,MachineObservation,,
98129_JIP2010:deployment:0792209,2010-12-31T06:44:00,2010,12,-61.2614067684457,169.226991683826,,MachineObservation,,
88729_Eden2009:deployment:0786215,2008-11-15T18:40:00,2008,11,-46.0449450121912,138.865117942865,,MachineObservation,,
88729_Eden2009:deployment:0786887,2009-01-10T18:40:00,2009,1,-64.4411265508241,118.995860260108,,MachineObservation,,
88723_Eden2009:deployment:0783703,2008-12-25T19:02:00,2008,12,-63.2741233916428,170.473377382501,,MachineObservation,,
88729_Eden2009:deployment:0786726,2008-12-28T08:40:00,2008,12,-63.3259231664985,118.650682595656,,MachineObservation,,
88729_Eden2009:deployment:0786264,2008-11-19T20:40:00,2008,11,-48.4418394364208,135.204762704283,,MachineObservation,,
88718_Eden2009:deployment:0782740,2009-01-06T20:34:00,2009,1,-64.716670936878,178.534452230173,,MachineObservation,,
885_4367,1785/1913,,5,-47.72626,167.91087,1,HumanObservation,Historical distribution of whales shown by logbook records 1785-1913,Wildlife Conservation Society
88729_Eden2009:deployment:0786435,2008-12-04T02:40:00,2008,12,-59.7881084291126,121.581426054551,,MachineObservation,,
88729_Eden2009:deployment:0786995,2009-01-19T18:40:00,2009,1,-63.4594440047764,106.249776524649,,MachineObservation,,
88738_Eden2009:deployment:0788601,2008-12-09T21:06:00,2008,12,-63.2039599545196,150.511321260581,,MachineObservation,,
88729_Eden2009:deployment:0786722,2008-12-28T00:40:00,2008,12,-63.4131869179436,119.430637739321,,MachineObservation,,
88728_Eden2009:deployment:0785151,2008-11-22T16:51:00,2008,11,-50.5783622807145,154.02359820849,,MachineObservation,,
88733_Eden2009:deployment:0787868,2008-11-16T23:00:00,2008,11,-49.9020134361566,163.228105082068,,MachineObservation,,
88729_Eden2009:deployment:0786698,2008-12-26T00:40:00,2008,12,-63.3030536344106,119.425366292375,,MachineObservation,,
88723_Eden2009:deployment:0783926,2009-01-13T09:02:00,2009,1,-64.2637110486456,168.789960415584,,MachineObservation,,
88729_Eden2009:deployment:0787165,2009-02-02T22:40:00,2009,2,-61.0100147451,101.304389329951,,MachineObservation,,
88718_Eden2009:deployment:0782637,2008-12-29T06:34:00,2008,12,-56.5928797102602,168.65411707873,,MachineObservation,,
98129_JIP2010:deployment:0792144,2010-12-25T20:44:00,2010,12,-57.7138792982765,167.336660802504,,MachineObservation,,
88725_Eden2009:deployment:0784583,2008-12-18T16:04:00,2008,12,-62.835681401248,157.199327060619,,MachineObservation,,
88725_Eden2009:deployment:0784791,2009-01-05T00:04:00,2009,1,-61.8236822614735,151.689841985587,,MachineObservation,,
88725_Eden2009:deployment:0784556,2008-12-16T10:04:00,2008,12,-62.3318799035037,156.544071103145,,MachineObservation,,
88729_Eden2009:deployment:0786889,2009-01-10T22:40:00,2009,1,-64.4735221717206,118.983952358643,,MachineObservation,,
88728_Eden2009:deployment:0785556,2008-12-26T10:51:00,2008,12,-62.3029766481907,155.926952636595,,MachineObservation,,
88725_Eden2009:deployment:0784352,2008-11-29T10:04:00,2008,11,-46.4384807072026,150.893881745158,,MachineObservation,,
13440_131178:deployment:0769136,2015-11-28T23:30:49,2015,11,-49.2921872602294,177.087670027566,,MachineObservation,,
98129_JIP2010:deployment:0791994,2010-12-13T08:44:00,2010,12,-51.4052557184116,157.803023635574,,MachineObservation,,
64235_JIP2010:deployment:0781303,2010-11-12T05:10:00,2010,11,-49.0419490620915,150.706001337536,,MachineObservation,,
88728_Eden2009:deployment:0785990,2009-01-31T14:51:00,2009,1,-64.8779490125726,158.599736917722,,MachineObservation,,
88729_Eden2009:deployment:0786699,2008-12-26T02:40:00,2008,12,-63.2946873491746,119.455850285954,,MachineObservation,,
98114_JIP2010:deployment:0791227,2010-12-04T02:15:00,2010,12,-61.3250756576884,157.617560616727,,MachineObservation,,
88729_Eden2009:deployment:0786620,2008-12-19T12:40:00,2008,12,-63.5909514850111,119.456900322199,,MachineObservation,,
88718_Eden2009:deployment:0782493,2008-12-17T06:34:00,2008,12,-46.13272798007,153.528971209432,,MachineObservation,,
13440_131178:deployment:0769047,2015-11-21T13:30:49,2015,11,-46.4874765501176,177.255814985532,,MachineObservation,,
in2017_v01_09942,2017-02-24T07:14:00Z,,,-64.68528,118.65194,3,HumanObservation,,Macquarie University
88738_Eden2009:deployment:0788584,2008-12-08T11:06:00,2008,12,-62.6379037612688,150.333455275404,,MachineObservation,,
88738_Eden2009:deployment:0788722,2008-12-19T23:06:00,2008,12,-63.9835874103208,148.95999321454,,MachineObservation,,
88723_Eden2009:deployment:0783577,2008-12-15T07:02:00,2008,12,-54.8894556713508,173.2006541813,,MachineObservation,,
88728_Eden2009:deployment:0785422,2008-12-15T06:51:00,2008,12,-62.1162921734206,157.45310622234,,MachineObservation,,
13440_131178:deployment:0769278,2015-12-10T19:30:49,2015,12,-53.8266191856811,177.562655673244,,MachineObservation,,
88725_Eden2009:deployment:0784448,2008-12-07T10:04:00,2008,12,-55.2626627062666,155.858048434984,,MachineObservation,,
13440_88727:deployment:0777168,2015-12-03T06:30:50,2015,12,-63.9040245097326,179.975060164284,,MachineObservation,,
88729_Eden2009:deployment:0786914,2009-01-13T00:40:00,2009,1,-64.5341127505446,116.813555155468,,MachineObservation,,
88729_Eden2009:deployment:0786286,2008-11-21T16:40:00,2008,11,-50.0395010254053,133.987113025109,,MachineObservation,,
88733_Eden2009:deployment:0787901,2008-11-19T17:00:00,2008,11,-51.5519019702477,165.484252526669,,MachineObservation,,
88741_Eden2009:deployment:0789512,2009-01-02T11:13:00,2009,1,-62.4635983878584,158.646905400419,,MachineObservation,,
218714,2008-01-07T10:26:16,2008,1,-62.47,87.04,1,HumanObservation,Happywhale - Humpback whale in Southern Ocean,Happywhale.com
88733_Eden2009:deployment:0787994,2008-11-27T11:00:00,2008,11,-57.8798812133008,172.482549538901,,MachineObservation,,
88723_Eden2009:deployment:0783728,2008-12-27T21:02:00,2008,12,-63.2229309047345,169.617311180692,,MachineObservation,,
13440_131178:deployment:0769326,2015-12-14T19:30:49,2015,12,-56.9200365814659,177.355492244788,,MachineObservation,,
urn:catalog:AADC:SOWS:SOWS-93707,1996-02-06 03:02:15Z,1996,2,-63.00776,89.82614,1,HumanObservation,,AADC
482019,2024-08-10T16:08:29,2024,8,-45.398415,166.734695,1,HumanObservation,Happywhale - Humpback whale in South Pacific Ocean,Happywhale.com
98129_JIP2010:deployment:0792147,2010-12-26T02:44:00,2010,12,-57.8117608337903,167.634673851348,,MachineObservation,,
88733_Eden2009:deployment:0787942,2008-11-23T03:00:00,2008,11,-55.203690230284,169.748905791023,,MachineObservation,,
88725_Eden2009:deployment:0784638,2008-12-23T06:04:00,2008,12,-62.8073098933056,158.012248229891,,MachineObservation,,
88741_Eden2009:deployment:0789689,2009-01-17T05:13:00,2009,1,-62.5170750587202,155.617132270752,,MachineObservation,,
88718_Eden2009:deployment:0782509,2008-12-18T14:34:00,2008,12,-47.0092693635518,154.524737557307,,MachineObservation,,
88723_Eden2009:deployment:0783684,2008-12-24T05:02:00,2008,12,-62.9232315713055,170.684277000352,,MachineObservation,,
88725_Eden2009:deployment:0784597,2008-12-19T20:04:00,2008,12,-62.8377440297734,157.415537382414,,MachineObservation,,
88729_Eden2009:deployment:0786985,2009-01-18T22:40:00,2009,1,-63.2620880744571,107.865311432698,,MachineObservation,,
88738_Eden2009:deployment:0788756,2008-12-22T19:06:00,2008,12,-64.2881538180249,148.34494967051,,MachineObservation,,
229466,2014-10-26T06:06:05,2014,10,-45.73,166.5,1,HumanObservation,Happywhale - Humpback whale in South Pacific Ocean,Happywhale.com
98129_JIP2010:deployment:0791874,2010-12-03T08:44:00,2010,12,-46.8098509067327,148.604412131058,,MachineObservation,,
88738_Eden2009:deployment:0788610,2008-12-10T15:06:00,2008,12,-63.3774493008689,150.81621023041,,MachineObservation,,
88729_Eden2009:deployment:0786875,2009-01-09T18:40:00,2009,1,-64.2302720533959,119.411346788822,,MachineObservation,,
88728_Eden2009:deployment:0785649,2009-01-03T04:51:00,2009,1,-62.382990772919,155.75467276371,,MachineObservation,,
88729_Eden2009:deployment:0786277,2008-11-20T22:40:00,2008,11,-49.4664564140757,134.64867157409,,MachineObservation,,
88738_Eden2009:deployment:0788741,2008-12-21T13:06:00,2008,12,-64.2619703058521,148.898690528859,,MachineObservation,,
64235_JIP2010:deployment:0781505,2010-11-29T01:10:00,2010,11,-61.0439585909212,157.858195406143,,MachineObservation,,
13440_131178:deployment:0769139,2015-11-29T05:30:49,2015,11,-49.3665773268666,176.977129878609,,MachineObservation,,
88741_Eden2009:deployment:0790121,2009-02-22T05:13:00,2009,2,-64.8157245003919,163.796341839476,,MachineObservation,,
88733_Eden2009:deployment:0788016,2008-11-29T07:00:00,2008,11,-59.5598752549201,173.817465136269,,MachineObservation,,
88733_Eden2009:deployment:0787867,2008-11-16T21:00:00,2008,11,-49.8529607877415,163.108297531634,,MachineObservation,,
88733_Eden2009:deployment:0788027,2008-11-30T05:00:00,2008,11,-60.2203999811041,174.406304911755,,MachineObservation,,
88741_Eden2009:deployment:0790341,2009-03-12T13:13:00,2009,3,-64.1599611755049,164.639487621675,,MachineObservation,,
98129_JIP2010:deployment:0791885,2010-12-04T06:44:00,2010,12,-47.188300040152,148.882387313147,,MachineObservation,,
88741_Eden2009:deployment:0789923,2009-02-05T17:13:00,2009,2,-64.9151387521873,161.794707699,,MachineObservation,,
88728_Eden2009:deployment:0785601,2008-12-30T04:51:00,2008,12,-62.0942852350855,155.70163603268,,MachineObservation,,
88741_Eden2009:deployment:0789230,2008-12-09T23:13:00,2008,12,-56.9829914200571,169.872735305283,,MachineObservation,,
88728_Eden2009:deployment:0785703,2009-01-07T16:51:00,2009,1,-62.3611553673843,154.475459959731,,MachineObservation,,
13440_131178:deployment:0769347,2015-12-16T13:30:49,2015,12,-58.610907580178,178.18371133804,,MachineObservation,,
NZHB-124,1997-08-18,,,-46.65,169.1333,1,HumanObservation,Humpback whale sightings around New Zealand 1970-1999,DoC
88733_Eden2009:deployment:0787814,2008-11-12T11:00:00,2008,11,-47.8277171660455,158.242411966505,,MachineObservation,,
88729_Eden2009:deployment:0786461,2008-12-06T06:40:00,2008,12,-60.7869568653032,120.950339549949,,MachineObservation,,
88741_Eden2009:deployment:0789573,2009-01-07T13:13:00,2009,1,-62.3401031431433,157.858192859419,,MachineObservation,,
88725_Eden2009:deployment:0784830,2009-01-08T06:04:00,2009,1,-62.4522262104355,150.913259193088,,MachineObservation,,
13440_131190:deployment:0776492,2015-12-15T14:31:20,2015,12,-63.7005818652848,179.202776343684,,MachineObservation,,
13440_131178:deployment:0769267,2015-12-09T21:30:49,2015,12,-53.0799945242703,177.873727979901,,MachineObservation,,
88723_Eden2009:deployment:0783522,2008-12-10T17:02:00,2008,12,-50.4985254230239,169.268006596903,,MachineObservation,,
88723_Eden2009:deployment:0783558,2008-12-13T17:02:00,2008,12,-53.0982006266822,171.611000275572,,MachineObservation,,
88738_Eden2009:deployment:0788526,2008-12-03T15:06:00,2008,12,-59.9949872543934,150.844590523233,,MachineObservation,,
98114_JIP2010:deployment:0790968,2010-11-12T12:15:00,2010,11,-45.9518563600423,160.28116378927,,MachineObservation,,
13440_131190:deployment:0776244,2015-11-24T22:31:20,2015,11,-52.5913028515018,177.131928271985,,MachineObservation,,
98129_JIP2010:deployment:0792300,2011-01-07T20:44:00,2011,1,-64.4178768865885,170.007906600334,,MachineObservation,,
88733_Eden2009:deployment:0787860,2008-11-16T07:00:00,2008,11,-49.4954151152313,162.458541776531,,MachineObservation,,
88723_Eden2009:deployment:0783854,2009-01-07T09:02:00,2009,1,-63.1549595220228,168.139834822679,,MachineObservation,,
88723_Eden2009:deployment:0783690,2008-12-24T17:02:00,2008,12,-62.9691899841002,170.722579988236,,MachineObservation,,
64235_JIP2010:deployment:0781322,2010-11-13T19:10:00,2010,11,-50.2193209424685,152.659357159837,,MachineObservation,,
13440_131190:deployment:0776221,2015-11-23T00:31:20,2015,11,-50.758270393372,177.769830512028,,MachineObservation,,
88725_Eden2009:deployment:0784443,2008-12-07T00:04:00,2008,12,-54.8574371622857,155.240258892659,,MachineObservation,,
88738_Eden2009:deployment:0788525,2008-12-03T13:06:00,2008,12,-59.9980203269021,150.898650809409,,MachineObservation,,
88718_Eden2009:deployment:0782702,2009-01-03T16:34:00,2009,1,-62.3447556159858,176.476313544563,,MachineObservation,,
13440_131190:deployment:0776459,2015-12-12T20:31:20,2015,12,-63.7037099985437,176.462619182716,,MachineObservation,,
urn:catalog:AADC:WC:5561,1932-01-01 00:00:00+00,1932,1,-57.5,89.5,19,HumanObservation,,AADC
88723_Eden2009:deployment:0783757,2008-12-30T07:02:00,2008,12,-63.1732795505478,169.85032206618,,MachineObservation,,
88732_Eden2009:deployment:0787432,2008-11-14T21:33:00,2008,11,-45.9483095509911,164.158788686739,,MachineObservation,,
88732_Eden2009:deployment:0787566,2008-11-26T01:33:00,2008,11,-49.4956745851208,164.037563819117,,MachineObservation,,
88728_Eden2009:deployment:0785367,2008-12-10T16:51:00,2008,12,-61.9771534785548,156.985689770992,,MachineObservation,,
88733_Eden2009:deployment:0787920,2008-11-21T07:00:00,2008,11,-53.4098188953269,167.610304159949,,MachineObservation,,
88729_Eden2009:deployment:0786583,2008-12-16T10:40:00,2008,12,-63.0631160646073,119.525223809077,,MachineObservation,,
88728_Eden2009:deployment:0785672,2009-01-05T02:51:00,2009,1,-62.1387569252128,155.940942218342,,MachineObservation,,
64235_JIP2010:deployment:0781489,2010-11-27T17:10:00,2010,11,-60.8680087913054,157.975465204681,,MachineObservation,,
88728_Eden2009:deployment:0785525,2008-12-23T20:51:00,2008,12,-63.9543921629117,156.754200050346,,MachineObservation,,
88729_Eden2009:deployment:0786350,2008-11-27T00:40:00,2008,11,-53.8882591471678,130.424021115662,,MachineObservation,,
88729_Eden2009:deployment:0786780,2009-01-01T20:40:00,2009,1,-64.6412443850491,119.691548138212,,MachineObservation,,
13440_88727:deployment:0777108,2015-11-28T06:30:50,2015,11,-62.3119301423463,179.66989432505,,MachineObservation,,
88732_Eden2009:deployment:0787525,2008-11-22T15:33:00,2008,11,-46.5336345661299,165.021160976529,,MachineObservation,,
urn:catalog:AADC:WC:5689,1935-01-01 00:00:00+00,1935,1,-63.5,91.5,10,HumanObservation,,AADC
urn:catalog:AADC:SOWS:SOWS-92811,2001-01-29 00:00:00Z,2001,1,-63.527,95.171,2,HumanObservation,,AADC
88728_Eden2009:deployment:0785156,2008-11-23T02:51:00,2008,11,-50.9589415707744,154.33586888835,,MachineObservation,,
88723_Eden2009:deployment:0783925,2009-01-13T07:02:00,2009,1,-64.2661589848432,168.766054670577,,MachineObservation,,
88741_Eden2009:deployment:0789163,2008-12-04T09:13:00,2008,12,-52.1906893214852,170.648365493083,,MachineObservation,,
13440_131178:deployment:0769355,2015-12-17T05:30:49,2015,12,-59.5053696205014,178.789435500671,,MachineObservation,,
88728_Eden2009:deployment:0785461,2008-12-18T12:51:00,2008,12,-63.5493034966216,158.636925531025,,MachineObservation,,
98129_JIP2010:deployment:0792243,2011-01-03T02:44:00,2011,1,-62.4305308941437,169.695674474888,,MachineObservation,,
urn:catalog:AADC:WC:5871,1938-01-01 00:00:00+00,1938,1,-63.5,103.5,2,HumanObservation,,AADC
98114_JIP2010:deployment:0791031,2010-11-17T18:15:00,2010,11,-52.6027444845886,159.263143711286,,MachineObservation,,
88741_Eden2009:deployment:0789458,2008-12-28T23:13:00,2008,12,-63.3394545822752,160.770486384906,,MachineObservation,,
88741_Eden2009:deployment:0789499,2009-01-01T09:13:00,2009,1,-62.6938842504755,159.482460973625,,MachineObservation,,
88729_Eden2009:deployment:0786273,2008-11-20T14:40:00,2008,11,-49.1407785864647,134.864075493982,,MachineObservation,,
88725_Eden2009:deployment:0784416,2008-12-04T18:04:00,2008,12,-52.5132885329974,154.493706321611,,MachineObservation,,
88741_Eden2009:deployment:0789376,2008-12-22T03:13:00,2008,12,-61.7886642835013,164.511878676436,,MachineObservation,,
88728_Eden2009:deployment:0785479,2008-12-20T00:51:00,2008,12,-63.9250991177429,159.576389518699,,MachineObservation,,
88741_Eden2009:deployment:0789811,2009-01-27T09:13:00,2009,1,-64.1408785664945,160.855203574079,,MachineObservation,,
88741_Eden2009:deployment:0790302,2009-03-09T07:13:00,2009,3,-64.7191938620536,164.033362701205,,MachineObservation,,
98129_JIP2010:deployment:0792217,2010-12-31T22:44:00,2010,12,-61.9142060731557,169.164215886421,,MachineObservation,,
88738_Eden2009:deployment:0788701,2008-12-18T05:06:00,2008,12,-63.9831011576544,149.047701547194,,MachineObservation,,
88728_Eden2009:deployment:0785175,2008-11-24T16:51:00,2008,11,-51.845291698179,155.338533852662,,MachineObservation,,
88725_Eden2009:deployment:0784750,2009-01-01T14:04:00,2009,1,-62.190797505013,152.618461939272,,MachineObservation,,
64235_JIP2010:deployment:0781286,2010-11-10T19:10:00,2010,11,-47.5918236017672,149.650378435335,,MachineObservation,,
urn:catalog:AADC:WC:5794,1937-01-01 00:00:00+00,1937,1,-63.5,92.5,3,HumanObservation,,AADC
88729_Eden2009:deployment:0786903,2009-01-12T02:40:00,2009,1,-64.5601327719834,117.553669186656,,MachineObservation,,
98129_JIP2010:deployment:0792195,2010-12-30T02:44:00,2010,12,-59.8798935343939,169.764926944278,,MachineObservation,,
88741_Eden2009:deployment:0789206,2008-12-07T23:13:00,2008,12,-55.6508183894622,170.834255787237,,MachineObservation,,
88728_Eden2009:deployment:0785308,2008-12-05T18:51:00,2008,12,-59.3377370348083,156.199159554778,,MachineObservation,,
88738_Eden2009:deployment:0788678,2008-12-16T07:06:00,2008,12,-63.8196710817576,149.369201656324,,MachineObservation,,
64235_JIP2010:deployment:0781492,2010-11-27T23:10:00,2010,11,-60.9292103871896,157.95044198089,,MachineObservation,,
88733_Eden2009:deployment:0788028,2008-11-30T07:00:00,2008,11,-60.2685284995804,174.424844194713,,MachineObservation,,
88733_Eden2009:deployment:0787764,2008-11-08T07:00:00,2008,11,-45.5651780726706,153.113547350614,,MachineObservation,,
13440_131190:deployment:0776296,2015-11-29T06:31:20,2015,11,-56.2563378651882,178.435950782828,,MachineObservation,,
13440_131190:deployment:0776363,2015-12-04T20:31:20,2015,12,-60.0745408998547,178.539344292808,,MachineObservation,,
13440_88727:deployment:0777155,2015-12-02T04:30:50,2015,12,-63.7051587075782,179.941905332291,,MachineObservation,,
88729_Eden2009:deployment:0786692,2008-12-25T12:40:00,2008,12,-63.4253020490298,119.54521087498,,MachineObservation,,
64235_JIP2010:deployment:0781506,2010-11-29T03:10:00,2010,11,-61.0479894076023,157.855786859669,,MachineObservation,,
88728_Eden2009:deployment:0785914,2009-01-25T06:51:00,2009,1,-64.4689385046057,159.1631902115,,MachineObservation,,
88741_Eden2009:deployment:0790135,2009-02-23T09:13:00,2009,2,-64.9435654103741,163.472231954258,,MachineObservation,,
88725_Eden2009:deployment:0784616,2008-12-21T10:04:00,2008,12,-62.882216134819,157.985629849652,,MachineObservation,,
64235_JIP2010:deployment:0781481,2010-11-27T01:10:00,2010,11,-60.6971579102384,157.988201445912,,MachineObservation,,
88738_Eden2009:deployment:0788355,2008-11-19T09:06:00,2008,11,-45.8062037038748,147.062027445467,,MachineObservation,,
88728_Eden2009:deployment:0785808,2009-01-16T10:51:00,2009,1,-63.6906202189184,159.16984709359,,MachineObservation,,
88728_Eden2009:deployment:0785607,2008-12-30T16:51:00,2008,12,-62.1018772857573,155.668850760827,,MachineObservation,,
88729_Eden2009:deployment:0787092,2009-01-27T20:40:00,2009,1,-62.6272969410341,103.205841259918,,MachineObservation,,
88725_Eden2009:deployment:0784812,2009-01-06T18:04:00,2009,1,-61.8502778413109,150.797159469082,,MachineObservation,,
88725_Eden2009:deployment:0784816,2009-01-07T02:04:00,2009,1,-61.809996660093,150.47674808761,,MachineObservation,,
88733_Eden2009:deployment:0787978,2008-11-26T03:00:00,2008,11,-56.6682513106064,171.346764834861,,MachineObservation,,
88738_Eden2009:deployment:0788538,2008-12-04T15:06:00,2008,12,-59.9372072816759,150.68463056398,,MachineObservation,,
88728_Eden2009:deployment:0785569,2008-12-27T12:51:00,2008,12,-62.3718281973983,156.0079216452,,MachineObservation,,
88723_Eden2009:deployment:0783659,2008-12-22T03:02:00,2008,12,-62.8399375681111,170.564491188211,,MachineObservation,,
88725_Eden2009:deployment:0784701,2008-12-28T12:04:00,2008,12,-63.0349058521955,155.143841722172,,MachineObservation,,
98129_JIP2010:deployment:0792134,2010-12-25T00:44:00,2010,12,-57.2625261900331,166.339015372478,,MachineObservation,,
88729_Eden2009:deployment:0787140,2009-01-31T20:40:00,2009,1,-61.8290155182564,101.83614041382,,MachineObservation,,
88718_Eden2009:deployment:0782738,2009-01-06T16:34:00,2009,1,-64.5100933251448,178.144429537847,,MachineObservation,,
88725_Eden2009:deployment:0784762,2009-01-02T14:04:00,2009,1,-61.9855686049456,152.297411334128,,MachineObservation,,
13440_131190:deployment:0776297,2015-11-29T08:31:20,2015,11,-56.2410201098192,178.433234126728,,MachineObservation,,
88729_Eden2009:deployment:0786693,2008-12-25T14:40:00,2008,12,-63.4101091793704,119.628929406827,,MachineObservation,,
88728_Eden2009:deployment:0786000,2009-02-01T10:51:00,2009,2,-64.6508089202334,158.195861586141,,MachineObservation,,
98129_JIP2010:deployment:0792152,2010-12-26T12:44:00,2010,12,-57.8649369475015,168.215101080029,,MachineObservation,,
88728_Eden2009:deployment:0785791,2009-01-15T00:51:00,2009,1,-63.6626282679306,159.253319338072,,MachineObservation,,
88718_Eden2009:deployment:0782503,2008-12-18T02:34:00,2008,12,-46.5600599420563,153.896189360318,,MachineObservation,,
88729_Eden2009:deployment:0786628,2008-12-20T04:40:00,2008,12,-63.3465362309506,119.336385865521,,MachineObservation,,
88729_Eden2009:deployment:0786430,2008-12-03T16:40:00,2008,12,-59.2167601385668,122.208711968459,,MachineObservation,,
88728_Eden2009:deployment:0785668,2009-01-04T18:51:00,2009,1,-62.0530552799712,155.793356769656,,MachineObservation,,
218700,2008-01-02T16:38:43,2008,1,-63.34,112.57,1,HumanObservation,Happywhale - Humpback whale in Southern Ocean,Happywhale.com
88733_Eden2009:deployment:0787844,2008-11-14T23:00:00,2008,11,-48.7158266520498,160.62162298971,,MachineObservation,,
88741_Eden2009:deployment:0789357,2008-12-20T13:13:00,2008,12,-61.7911919057064,164.163731580346,,MachineObservation,,
88733_Eden2009:deployment:0787830,2008-11-13T19:00:00,2008,11,-48.2271062211448,159.132276119078,,MachineObservation,,
88738_Eden2009:deployment:0788576,2008-12-07T19:06:00,2008,12,-62.4284797690798,150.095061288788,,MachineObservation,,
88728_Eden2009:deployment:0785085,2008-11-17T04:51:00,2008,11,-46.4384601943398,151.670088772708,,MachineObservation,,
229467,2012-11-14T15:52:20,2012,11,-45.46,166.71,1,HumanObservation,Happywhale - Humpback whale in South Pacific Ocean,Happywhale.com
in2017_v01_09911,2017-01-29T06:36:00Z,,,-64.25194,116.28556,2,HumanObservation,,Macquarie University
64235_JIP2010:deployment:0781297,2010-11-11T17:10:00,2010,11,-48.4904029913295,150.329411503386,,MachineObservation,,
88732_Eden2009:deployment:0787421,2008-11-13T23:33:00,2008,11,-45.771886661845,163.710086106446,,MachineObservation,,
88741_Eden2009:deployment:0789430,2008-12-26T15:13:00,2008,12,-63.3050077561029,162.862342942736,,MachineObservation,,
88741_Eden2009:deployment:0789741,2009-01-21T13:13:00,2009,1,-63.2734620432405,157.655784370741,,MachineObservation,,
88725_Eden2009:deployment:0784526,2008-12-13T22:04:00,2008,12,-61.8717237413759,155.755304825171,,MachineObservation,,
88741_Eden2009:deployment:0789532,2009-01-04T03:13:00,2009,1,-62.4341055283242,158.091817881171,,MachineObservation,,
88741_Eden2009:deployment:0789311,2008-12-16T17:13:00,2008,12,-62.2049629951431,164.493120200767,,MachineObservation,,
88723_Eden2009:deployment:0783627,2008-12-19T11:02:00,2008,12,-59.6111051484154,171.803707356112,,MachineObservation,,
urn:catalog:AADC:WC:5755,1937-01-01 00:00:00+00,1937,1,-61.5,84.5,4,HumanObservation,,AADC
13440_131190:deployment:0776282,2015-11-28T02:31:20,2015,11,-56.0312997753324,178.527975884444,,MachineObservation,,
https://www.inaturalist.org/observations/10521360,2005-05-31,,,-46.5830711441,168.6119087215,,HumanObservation,iNaturalist research-grade observations,iNaturalist
88725_Eden2009:deployment:0784729,2008-12-30T20:04:00,2008,12,-62.3700704342524,152.948490595345,,MachineObservation,,
98114_JIP2010:deployment:0791265,2010-12-07T06:15:00,2010,12,-62.0018560901188,157.562505399379,,MachineObservation,,
88741_Eden2009:deployment:0789470,2008-12-29T23:13:00,2008,12,-62.9896181302695,160.405731779321,,MachineObservation,,
88725_Eden2009:deployment:0784533,2008-12-14T12:04:00,2008,12,-62.022907865032,155.832810914794,,MachineObservation,,
88732_Eden2009:deployment:0787518,2008-11-22T01:33:00,2008,11,-46.33965560308,164.786576772042,,MachineObservation,,
13440_88727:deployment:0777149,2015-12-01T16:30:50,2015,12,-63.6352668535974,179.637879701835,,MachineObservation,,
88738_Eden2009:deployment:0788374,2008-11-20T23:06:00,2008,11,-47.4640336391198,148.363235131486,,MachineObservation,,
88728_Eden2009:deployment:0785692,2009-01-06T18:51:00,2009,1,-62.1962846875027,154.822257180305,,MachineObservation,,
88723_Eden2009:deployment:0783620,2008-12-18T21:02:00,2008,12,-58.8881943183076,172.051417737819,,MachineObservation,,
88738_Eden2009:deployment:0788580,2008-12-08T03:06:00,2008,12,-62.6422736259935,150.402352580496,,MachineObservation,,
88738_Eden2009:deployment:0788504,2008-12-01T19:06:00,2008,12,-59.5948315569387,151.603481381407,,MachineObservation,,
88733_Eden2009:deployment:0787766,2008-11-08T11:00:00,2008,11,-45.704434554731,153.375602991417,,MachineObservation,,
urn:catalog:AADC:WHALE_LOG:WL-54,1996-04-11 04:30:00+00,1996,4,-63.667,88.5,,HumanObservation,,AADC
88725_Eden2009:deployment:0784756,2009-01-02T02:04:00,2009,1,-61.9428941535281,152.354911240819,,MachineObservation,,
88728_Eden2009:deployment:0785218,2008-11-28T06:51:00,2008,11,-54.0723006395755,156.980540071802,,MachineObservation,,
88729_Eden2009:deployment:0787000,2009-01-20T04:40:00,2009,1,-63.2550396425632,106.193320190911,,MachineObservation,,
88729_Eden2009:deployment:0786957,2009-01-16T14:40:00,2009,1,-63.6526003699822,111.926173150175,,MachineObservation,,
urn:catalog:AADC:SOWS:SOWS-92859,2001-02-08 00:00:00Z,2001,2,-63.502,102.099,2,HumanObservation,,AADC
88723_Eden2009:deployment:0783771,2008-12-31T11:02:00,2008,12,-63.0052281049247,169.521229355943,,MachineObservation,,
98129_JIP2010:deployment:0792287,2011-01-06T18:44:00,2011,1,-64.3918701480768,170.226105915616,,MachineObservation,,
urn:catalog:AADC:WC:5834,1938-01-01 00:00:00+00,1938,1,-60.5,83.5,8,HumanObservation,,AADC
urn:catalog:AADC:WC:5696,1936-01-01 00:00:00+00,1936,1,-57.5,84.5,10,HumanObservation,,AADC
88728_Eden2009:deployment:0785740,2009-01-10T18:51:00,2009,1,-62.1891795266399,154.994472565848,,MachineObservation,,
88728_Eden2009:deployment:0785248,2008-11-30T18:51:00,2008,11,-55.5500455357811,156.440551312346,,MachineObservation,,
88741_Eden2009:deployment:0789620,2009-01-11T11:13:00,2009,1,-62.7118980936717,156.861604445875,,MachineObservation,,
88725_Eden2009:deployment:0784373,2008-12-01T04:04:00,2008,12,-48.2774650324028,152.106185778365,,MachineObservation,,
88723_Eden2009:deployment:0783718,2008-12-27T01:02:00,2008,12,-63.1440460125141,169.651951048563,,MachineObservation,,
88729_Eden2009:deployment:0786921,2009-01-13T14:40:00,2009,1,-64.0597724137654,115.860454492816,,MachineObservation,,
88729_Eden2009:deployment:0786218,2008-11-16T00:40:00,2008,11,-46.2065352941876,138.671787051741,,MachineObservation,,
98129_JIP2010:deployment:0791986,2010-12-12T16:44:00,2010,12,-51.259428514739,157.42098611098,,MachineObservation,,
urn:catalog:AADC:SOWS:SOWS-93776,1996-02-14 05:54:37Z,1996,2,-64.39879,104.4309,2,HumanObservation,,AADC
88725_Eden2009:deployment:0784498,2008-12-11T14:04:00,2008,12,-60.5298463047499,156.693938545652,,MachineObservation,,
88729_Eden2009:deployment:0786896,2009-01-11T12:40:00,2009,1,-64.6155860235471,118.358668812856,,MachineObservation,,
88723_Eden2009:deployment:0783891,2009-01-10T11:02:00,2009,1,-63.7463325784299,168.667295205652,,MachineObservation,,
98129_JIP2010:deployment:0792016,2010-12-15T04:44:00,2010,12,-52.5947195237545,159.097126189901,,MachineObservation,,
88728_Eden2009:deployment:0785960,2009-01-29T02:51:00,2009,1,-64.6366026251634,158.195023038579,,MachineObservation,,
13440_131178:deployment:0769218,2015-12-05T19:30:49,2015,12,-50.5781545605858,178.245186100286,,MachineObservation,,
13440_131190:deployment:0776289,2015-11-28T16:31:20,2015,11,-56.1387527860641,178.482529040747,,MachineObservation,,
88725_Eden2009:deployment:0784442,2008-12-06T22:04:00,2008,12,-54.7752662106475,155.114130209561,,MachineObservation,,
13440_131190:deployment:0776394,2015-12-07T10:31:20,2015,12,-61.5259958783933,177.726790962017,,MachineObservation,,
13440_131178:deployment:0769225,2015-12-06T09:30:49,2015,12,-50.7923060528828,177.948905861347,,MachineObservation,,
13440_131178:deployment:0769167,2015-12-01T13:30:49,2015,12,-49.6669483752212,177.034055199161,,MachineObservation,,
urn:catalog:AADC:WC:5607,1934-01-01 00:00:00+00,1934,1,-62.5,96.5,13,HumanObservation,,AADC
urn:catalog:AADC:WC:5693,1935-01-01 00:00:00+00,1935,1,-64.5,84.5,6,HumanObservation,,AADC
88732_Eden2009:deployment:0787507,2008-11-21T03:33:00,2008,11,-45.9882098416635,164.852543047511,,MachineObservation,,
88728_Eden2009:deployment:0785159,2008-11-23T08:51:00,2008,11,-51.1621679530734,154.537259717725,,MachineObservation,,
88741_Eden2009:deployment:0789184,2008-12-06T03:13:00,2008,12,-53.8182399771754,170.399215401721,,MachineObservation,,
98114_JIP2010:deployment:0790961,2010-11-11T22:15:00,2010,11,-45.3541234961441,160.140181210712,,MachineObservation,,
88733_Eden2009:deployment:0787818,2008-11-12T19:00:00,2008,11,-47.8506894676534,158.424213796142,,MachineObservation,,
88728_Eden2009:deployment:0785190,2008-11-25T22:51:00,2008,11,-52.5093626028047,155.791269063131,,MachineObservation,,
13440_131178:deployment:0769094,2015-11-25T11:30:49,2015,11,-48.4520307273154,176.969017761844,,MachineObservation,,
88729_Eden2009:deployment:0786658,2008-12-22T16:40:00,2008,12,-63.5626740820742,119.913622040821,,MachineObservation,,
88729_Eden2009:deployment:0786409,2008-12-01T22:40:00,2008,12,-57.4784699144115,124.562715634494,,MachineObservation,,
88738_Eden2009:deployment:0788687,2008-12-17T01:06:00,2008,12,-63.8680175217412,149.071274977944,,MachineObservation,,
88729_Eden2009:deployment:0786254,2008-11-19T00:40:00,2008,11,-47.8228387548008,135.897892925189,,MachineObservation,,
88725_Eden2009:deployment:0784852,2009-01-10T02:04:00,2009,1,-62.3804777767166,150.127609466939,,MachineObservation,,
88738_Eden2009:deployment:0788629,2008-12-12T05:06:00,2008,12,-63.6042615293653,150.83319419976,,MachineObservation,,
88738_Eden2009:deployment:0788675,2008-12-16T01:06:00,2008,12,-63.7876220692212,149.277997003516,,MachineObservation,,
urn:catalog:AADC:WC:5857,1938-01-01 00:00:00+00,1938,1,-61.5,101.5,3,HumanObservation,,AADC
urn:catalog:AADC:WOV:WOV-148407,1992-03-19 00:00:00+00,1992,3,-63.1,103.1167,2,HumanObservation,,AADC
88723_Eden2009:deployment:0783862,2009-01-08T01:02:00,2009,1,-63.2838996484286,168.307823330925,,MachineObservation,,
in2017_v01_09929,2017-02-06T07:22:00Z,,,-64.65944,118.46694,3,HumanObservation,,Macquarie University
urn:catalog:AADC:SOWS:SOWS-92712,2001-01-09 00:00:00Z,2001,1,-59.541,98.695,7,HumanObservation,,AADC
88738_Eden2009:deployment:0788746,2008-12-21T23:06:00,2008,12,-64.3468956423584,148.541808349374,,MachineObservation,,
88728_Eden2009:deployment:0785375,2008-12-11T08:51:00,2008,12,-61.975609882632,156.741466660486,,MachineObservation,,
urn:catalog:AADC:SOWS:SOWS-93748,1996-02-12 12:42:00Z,1996,2,-63.68329,101.6252,2,HumanObservation,,AADC
98129_JIP2010:deployment:0792072,2010-12-19T20:44:00,2010,12,-53.8348440668205,162.903954008089,,MachineObservation,,
13440_131190:deployment:0776299,2015-11-29T12:31:20,2015,11,-56.2734519222082,178.353378394325,,MachineObservation,,
88718_Eden2009:deployment:0782681,2009-01-01T22:34:00,2009,1,-60.0995710914384,173.771580253578,,MachineObservation,,
64235_JIP2010:deployment:0781321,2010-11-13T17:10:00,2010,11,-50.1368501988066,152.632254482699,,MachineObservation,,
urn:catalog:AADC:WC:5587,1934-01-01 00:00:00+00,1934,1,-57.5,86.5,24,HumanObservation,,AADC
88728_Eden2009:deployment:0785800,2009-01-15T18:51:00,2009,1,-63.6446059529062,159.286227514704,,MachineObservation,,
88738_Eden2009:deployment:0788545,2008-12-05T05:06:00,2008,12,-59.9326837417606,150.098528836395,,MachineObservation,,
88728_Eden2009:deployment:0785074,2008-11-16T06:51:00,2008,11,-45.9382589834937,151.451506193228,,MachineObservation,,
urn:catalog:AADC:WC:5619,1935-01-01 00:00:00+00,1935,1,-57.5,98.5,1,HumanObservation,,AADC
218729,2008-01-09T06:08:28,2008,1,-64.14,80.01,1,HumanObservation,Happywhale - Humpback whale in Southern Ocean,Happywhale.com
88732_Eden2009:deployment:0787533,2008-11-23T07:33:00,2008,11,-46.7776530826343,165.16201341015,,MachineObservation,,
88741_Eden2009:deployment:0790360,2009-03-14T03:13:00,2009,3,-64.2341849596255,164.801694645096,,MachineObservation,,
13440_88727:deployment:0777115,2015-11-28T20:30:50,2015,11,-62.8503612801912,178.568557340281,,MachineObservation,,
88729_Eden2009:deployment:0786441,2008-12-04T14:40:00,2008,12,-60.2114850610906,121.341303088061,,MachineObservation,,
13440_131190:deployment:0776491,2015-12-15T12:31:20,2015,12,-63.659024648768,179.147271112239,,MachineObservation,,
88723_Eden2009:deployment:0783484,2008-12-07T13:02:00,2008,12,-47.0496538557602,166.645663414634,,MachineObservation,,
88741_Eden2009:deployment:0789726,2009-01-20T07:13:00,2009,1,-63.6882057280477,155.374087179041,,MachineObservation,,
88741_Eden2009:deployment:0789708,2009-01-18T19:13:00,2009,1,-62.9588172961498,155.8661276415,,MachineObservation,,
88725_Eden2009:deployment:0784764,2009-01-02T18:04:00,2009,1,-62.0502335838237,152.315522690337,,MachineObservation,,
98129_JIP2010:deployment:0792234,2011-01-02T08:44:00,2011,1,-62.2268182304724,169.544579813214,,MachineObservation,,
88741_Eden2009:deployment:0790616,2009-04-04T11:13:00,2009,4,-64.8886361966715,168.117997422394,,MachineObservation,,
88728_Eden2009:deployment:0785506,2008-12-22T06:51:00,2008,12,-64.0858784888366,157.841608076956,,MachineObservation,,
88741_Eden2009:deployment:0789172,2008-12-05T03:13:00,2008,12,-52.9024204191258,170.561063577307,,MachineObservation,,
88725_Eden2009:deployment:0784488,2008-12-10T18:04:00,2008,12,-59.6340270682481,157.458871036267,,MachineObservation,,
urn:catalog:AADC:SOWS:SOWS-100770,1998-01-01 00:00:00Z,1998,1,-63.63,88.24,2,HumanObservation,,AADC
13440_131190:deployment:0776433,2015-12-10T16:31:20,2015,12,-63.3066896156446,175.250773455132,,MachineObservation,,
98129_JIP2010:deployment:0792203,2010-12-30T18:44:00,2010,12,-60.6522225780779,169.348229583745,,MachineObservation,,
88728_Eden2009:deployment:0785168,2008-11-24T02:51:00,2008,11,-51.5555380921798,155.101367718328,,MachineObservation,,
88725_Eden2009:deployment:0784497,2008-12-11T12:04:00,2008,12,-60.4411406791729,156.6256198834,,MachineObservation,,
88738_Eden2009:deployment:0788655,2008-12-14T09:06:00,2008,12,-63.6439663270565,149.90336018717,,MachineObservation,,
88718_Eden2009:deployment:0782531,2008-12-20T10:34:00,2008,12,-48.3697915629199,156.555523867875,,MachineObservation,,
88728_Eden2009:deployment:0785314,2008-12-06T06:51:00,2008,12,-59.9061455988295,155.825633979006,,MachineObservation,,
88729_Eden2009:deployment:0786782,2009-01-02T00:40:00,2009,1,-64.6664215940958,119.672027120233,,MachineObservation,,
88728_Eden2009:deployment:0785597,2008-12-29T20:51:00,2008,12,-61.8959025252719,155.528633619538,,MachineObservation,,
98129_JIP2010:deployment:0791937,2010-12-08T14:44:00,2010,12,-48.7222952914261,153.429526387476,,MachineObservation,,
88725_Eden2009:deployment:0784432,2008-12-06T02:04:00,2008,12,-53.7337155723059,154.567425638569,,MachineObservation,,
88741_Eden2009:deployment:0789549,2009-01-05T13:13:00,2009,1,-62.4135130273182,157.916070881911,,MachineObservation,,
88723_Eden2009:deployment:0783583,2008-12-15T19:02:00,2008,12,-55.542311230147,173.573061451612,,MachineObservation,,
88729_Eden2009:deployment:0786278,2008-11-21T00:40:00,2008,11,-49.5320191024839,134.592355337252,,MachineObservation,,
88725_Eden2009:deployment:0784585,2008-12-18T20:04:00,2008,12,-62.7848190592512,157.223153988553,,MachineObservation,,
88723_Eden2009:deployment:0783867,2009-01-08T11:02:00,2009,1,-63.3279190059377,168.456075922016,,MachineObservation,,
88741_Eden2009:deployment:0789467,2008-12-29T17:13:00,2008,12,-63.0523489465763,160.416218818942,,MachineObservation,,
88741_Eden2009:deployment:0789601,2009-01-09T21:13:00,2009,1,-62.4172689311521,157.944790673088,,MachineObservation,,
88728_Eden2009:deployment:0785908,2009-01-24T18:51:00,2009,1,-64.7169067818593,159.957613640262,,MachineObservation,,
98114_JIP2010:deployment:0791247,2010-12-05T18:15:00,2010,12,-61.6354417177028,157.39662097526,,MachineObservation,,
88741_Eden2009:deployment:0789250,2008-12-11T15:13:00,2008,12,-57.9933707249645,168.684222980616,,MachineObservation,,
88725_Eden2009:deployment:0784397,2008-12-03T04:04:00,2008,12,-51.1260000684746,154.04913358057,,MachineObservation,,
urn:catalog:AADC:WHALE_LOG:WL-56,1996-04-11 06:20:00+00,1996,4,-63.8,87.8,,HumanObservation,,AADC
98129_JIP2010:deployment:0791975,2010-12-11T18:44:00,2010,12,-50.4189959205103,156.658757266895,,MachineObservation,,
urn:catalog:AADC:WC:5602,1934-01-01 00:00:00+00,1934,1,-61.5,80.5,2,HumanObservation,,AADC
88728_Eden2009:deployment:0785084,2008-11-17T02:51:00,2008,11,-46.3855139721163,151.666690615712,,MachineObservation,,
88718_Eden2009:deployment:0782580,2008-12-24T12:34:00,2008,12,-52.0766294185742,161.806590020243,,MachineObservation,,
88741_Eden2009:deployment:0789173,2008-12-05T05:13:00,2008,12,-52.9660464073613,170.569999102143,,MachineObservation,,
64235_JIP2010:deployment:0781374,2010-11-18T03:10:00,2010,11,-54.803217709793,155.067313362298,,MachineObservation,,
88725_Eden2009:deployment:0784348,2008-11-29T02:04:00,2008,11,-46.0081462363528,150.635092155979,,MachineObservation,,
88725_Eden2009:deployment:0784754,2009-01-01T22:04:00,2009,1,-62.0098633003448,152.399154144181,,MachineObservation,,
13440_131190:deployment:0776420,2015-12-09T14:31:20,2015,12,-62.5972918336275,176.083940437499,,MachineObservation,,
88741_Eden2009:deployment:0789772,2009-01-24T03:13:00,2009,1,-64.427534230811,160.539794123834,,MachineObservation,,
13440_131190:deployment:0776504,2015-12-16T14:31:20,2015,12,-63.7713380207055,179.615361554678,,MachineObservation,,
88729_Eden2009:deployment:0787154,2009-02-02T00:40:00,2009,2,-61.3224547623025,101.443275348315,,MachineObservation,,
98129_JIP2010:deployment:0792106,2010-12-22T16:44:00,2010,12,-55.8146999277611,164.347351041475,,MachineObservation,,
13440_131190:deployment:0776457,2015-12-12T16:31:20,2015,12,-63.7096501323036,176.517315669353,,MachineObservation,,
98129_JIP2010:deployment:0791854,2010-12-01T16:44:00,2010,12,-46.2214097830995,147.86933995831,,MachineObservation,,
88741_Eden2009:deployment:0789497,2009-01-01T05:13:00,2009,1,-62.6809012897223,159.533638812407,,MachineObservation,,
13440_88727:deployment:0777135,2015-11-30T12:30:50,2015,11,-63.4038753495544,179.414071187145,,MachineObservation,,
88733_Eden2009:deployment:0788053,2008-12-02T09:00:00,2008,12,-62.0953697248911,174.977125949641,,MachineObservation,,
88741_Eden2009:deployment:0789389,2008-12-23T05:13:00,2008,12,-62.2210257697075,163.790219419487,,MachineObservation,,
88725_Eden2009:deployment:0784738,2008-12-31T14:04:00,2008,12,-62.3768717938663,152.749936255155,,MachineObservation,,
88732_Eden2009:deployment:0787441,2008-11-15T15:33:00,2008,11,-45.8738878453509,164.120375254736,,MachineObservation,,
88728_Eden2009:deployment:0785528,2008-12-24T02:51:00,2008,12,-63.8987031047809,156.651380927694,,MachineObservation,,
13440_131178:deployment:0769334,2015-12-15T11:30:49,2015,12,-57.5838531510709,177.707163491145,,MachineObservation,,
13440_131190:deployment:0776468,2015-12-13T14:31:20,2015,12,-63.6911643973514,177.302038236668,,MachineObservation,,
88741_Eden2009:deployment:0789849,2009-01-30T13:13:00,2009,1,-64.8619054403612,161.700044259175,,MachineObservation,,
13440_131178:deployment:0769315,2015-12-13T21:30:49,2015,12,-56.0215818656214,177.183503094075,,MachineObservation,,
88741_Eden2009:deployment:0789425,2008-12-26T05:13:00,2008,12,-63.2573148056643,162.643455047911,,MachineObservation,,
98129_JIP2010:deployment:0792232,2011-01-02T04:44:00,2011,1,-62.2287062262274,169.458231049226,,MachineObservation,,
13440_131190:deployment:0776243,2015-11-24T20:31:20,2015,11,-52.5028057002273,177.155581601117,,MachineObservation,,
88741_Eden2009:deployment:0789214,2008-12-08T15:13:00,2008,12,-55.5440970545672,170.36998981991,,MachineObservation,,
88738_Eden2009:deployment:0788642,2008-12-13T07:06:00,2008,12,-63.6405689512067,150.300255443389,,MachineObservation,,
88738_Eden2009:deployment:0788624,2008-12-11T19:06:00,2008,12,-63.5324798818282,151.211738252414,,MachineObservation,,
88728_Eden2009:deployment:0785603,2008-12-30T08:51:00,2008,12,-62.1697758404682,155.741101661507,,MachineObservation,,
88729_Eden2009:deployment:0786371,2008-11-28T18:40:00,2008,11,-55.5093060227871,128.732780906011,,MachineObservation,,
88738_Eden2009:deployment:0788650,2008-12-13T23:06:00,2008,12,-63.6539917128694,150.059670684987,,MachineObservation,,
urn:catalog:AADC:WC:5806,1938-01-01 00:00:00+00,1938,1,-58.5,86.5,12,HumanObservation,,AADC
98129_JIP2010:deployment:0791930,2010-12-08T00:44:00,2010,12,-48.4689174751424,152.701334684404,,MachineObservation,,
98114_JIP2010:deployment:0791057,2010-11-19T22:15:00,2010,11,-54.8338987416436,159.356955471923,,MachineObservation,,
13440_131190:deployment:0776466,2015-12-13T10:31:20,2015,12,-63.7292693734536,177.092698589327,,MachineObservation,,
88729_Eden2009:deployment:0786438,2008-12-04T08:40:00,2008,12,-60.1016806939522,121.321157074195,,MachineObservation,,
88741_Eden2009:deployment:0789829,2009-01-28T21:13:00,2009,1,-64.4484932366261,161.530260830531,,MachineObservation,,
88718_Eden2009:deployment:0782624,2008-12-28T04:34:00,2008,12,-55.7131092362408,166.308625543175,,MachineObservation,,
98129_JIP2010:deployment:0792003,2010-12-14T02:44:00,2010,12,-51.8357567129401,158.348689975342,,MachineObservation,,
88729_Eden2009:deployment:0786871,2009-01-09T10:40:00,2009,1,-64.0862880643443,119.903765986791,,MachineObservation,,
88741_Eden2009:deployment:0789616,2009-01-11T03:13:00,2009,1,-62.582871870794,157.532775253902,,MachineObservation,,
64235_JIP2010:deployment:0781302,2010-11-12T03:10:00,2010,11,-48.9325258696315,150.643041023565,,MachineObservation,,
88725_Eden2009:deployment:0784749,2009-01-01T12:04:00,2009,1,-62.2700441552742,152.749271473422,,MachineObservation,,
88718_Eden2009:deployment:0782620,2008-12-27T20:34:00,2008,12,-55.4547099660336,165.828698453753,,MachineObservation,,
13440_131178:deployment:0769034,2015-11-20T11:30:49,2015,11,-45.7054402413627,177.740115465143,,MachineObservation,,
88728_Eden2009:deployment:0785225,2008-11-28T20:51:00,2008,11,-54.6461279966548,156.957468625711,,MachineObservation,,
88728_Eden2009:deployment:0785435,2008-12-16T08:51:00,2008,12,-62.4877447339783,158.107463010807,,MachineObservation,,
urn:catalog:AADC:SOWS:SOWS-100758,1998-01-01 00:00:00Z,1998,1,-63.27,84.45,2,HumanObservation,,AADC
in2017_v01_09918,2017-02-04T01:15:00Z,,,-64.8908,119.1908,2,HumanObservation,,Macquarie University
urn:catalog:AADC:SOWS:SOWS-93796,1996-02-15 06:26:09Z,1996,2,-63.5615,104.4266,4,HumanObservation,,AADC
13440_131190:deployment:0776285,2015-11-28T08:31:20,2015,11,-56.0439866120603,178.469174429804,,MachineObservation,,
88718_Eden2009:deployment:0782481,2008-12-16T06:34:00,2008,12,-45.3602127353101,151.709832429094,,MachineObservation,,
88729_Eden2009:deployment:0786554,2008-12-14T00:40:00,2008,12,-62.9962822092585,119.321868902851,,MachineObservation,,
urn:catalog:AADC:WC:5969,1956-01-01 00:00:00+00,1956,1,-63.5,86.5,18,HumanObservation,,AADC
88741_Eden2009:deployment:0790335,2009-03-12T01:13:00,2009,3,-64.1770164717004,164.490384859168,,MachineObservation,,
98129_JIP2010:deployment:0791940,2010-12-08T20:44:00,2010,12,-48.8534481211793,153.652442003291,,MachineObservation,,
88729_Eden2009:deployment:0787116,2009-01-29T20:40:00,2009,1,-62.4872706755255,102.652850272511,,MachineObservation,,
13440_131190:deployment:0776381,2015-12-06T08:31:20,2015,12,-61.2637649151363,177.819995761827,,MachineObservation,,
98129_JIP2010:deployment:0791978,2010-12-12T00:44:00,2010,12,-50.6162107270485,156.937227977084,,MachineObservation,,
88729_Eden2009:deployment:0786649,2008-12-21T22:40:00,2008,12,-63.4496855773078,119.849185252128,,MachineObservation,,
64235_JIP2010:deployment:0781445,2010-11-24T01:10:00,2010,11,-60.4581756903173,157.622079671012,,MachineObservation,,
88729_Eden2009:deployment:0786742,2008-12-29T16:40:00,2008,12,-63.949177255244,118.193339141585,,MachineObservation,,
urn:catalog:AADC:WC:5774,1937-01-01 00:00:00+00,1937,1,-62.5,83.5,3,HumanObservation,,AADC
88723_Eden2009:deployment:0783524,2008-12-10T21:02:00,2008,12,-50.6335679584379,169.425278368163,,MachineObservation,,
88729_Eden2009:deployment:0786894,2009-01-11T08:40:00,2009,1,-64.588618930652,118.584012788811,,MachineObservation,,
urn:catalog:AADC:WC:5941,1951-01-01 00:00:00+00,1951,1,-60.5,86.5,160,HumanObservation,,AADC
88741_Eden2009:deployment:0790613,2009-04-04T05:13:00,2009,4,-64.9910564879545,168.306434671073,,MachineObservation,,
88728_Eden2009:deployment:0785337,2008-12-08T04:51:00,2008,12,-61.6586976562333,156.501360967925,,MachineObservation,,
98129_JIP2010:deployment:0792246,2011-01-03T08:44:00,2011,1,-62.5481691694441,169.726190251137,,MachineObservation,,
98129_JIP2010:deployment:0791918,2010-12-07T00:44:00,2010,12,-48.0232426123571,151.600278863919,,MachineObservation,,
98129_JIP2010:deployment:0792302,2011-01-08T00:44:00,2011,1,-64.4860709085271,169.888386808361,,MachineObservation,,
88728_Eden2009:deployment:0785296,2008-12-04T18:51:00,2008,12,-58.4479933469793,156.778426270504,,MachineObservation,,
88729_Eden2009:deployment:0787109,2009-01-29T06:40:00,2009,1,-62.6659977543293,102.412314576222,,MachineObservation,,
88725_Eden2009:deployment:0784384,2008-12-02T02:04:00,2008,12,-49.7385437371148,152.919357222015,,MachineObservation,,
64235_JIP2010:deployment:0781461,2010-11-25T09:10:00,2010,11,-60.6052535849746,157.814245528249,,MachineObservation,,
88728_Eden2009:deployment:0785696,2009-01-07T02:51:00,2009,1,-62.3012516629249,154.565428852195,,MachineObservation,,
88718_Eden2009:deployment:0782666,2008-12-31T16:34:00,2008,12,-58.9233450949021,172.493670846568,,MachineObservation,,
88729_Eden2009:deployment:0786357,2008-11-27T14:40:00,2008,11,-54.3715757506389,129.641700488968,,MachineObservation,,
88729_Eden2009:deployment:0787135,2009-01-31T10:40:00,2009,1,-61.8840527005823,101.848080368422,,MachineObservation,,
88729_Eden2009:deployment:0786301,2008-11-22T22:40:00,2008,11,-50.6498819154301,133.104222863492,,MachineObservation,,
88729_Eden2009:deployment:0786421,2008-12-02T22:40:00,2008,12,-58.3741885224899,123.315103271896,,MachineObservation,,
urn:catalog:AADC:WC:5650,1935-01-01 00:00:00+00,1935,1,-60.5,86.5,13,HumanObservation,,AADC
urn:catalog:AADC:WC:5723,1936-01-01 00:00:00+00,1936,1,-62.5,92.5,10,HumanObservation,,AADC
88718_Eden2009:deployment:0782704,2009-01-03T20:34:00,2009,1,-62.5038134812507,176.84448337657,,MachineObservation,,
urn:catalog:AADC:WC:5956,1952-01-01 00:00:00+00,1952,1,-63.5,105.5,137,HumanObservation,,AADC
88725_Eden2009:deployment:0784563,2008-12-17T00:04:00,2008,12,-62.4070879170015,156.900390382532,,MachineObservation,,
88729_Eden2009:deployment:0786989,2009-01-19T06:40:00,2009,1,-63.375207881989,107.267016661906,,MachineObservation,,
218722,2008-01-07T08:38:20,2008,1,-62.47,87.04,1,HumanObservation,Happywhale - Humpback whale in Southern Ocean,Happywhale.com
88725_Eden2009:deployment:0784349,2008-11-29T04:04:00,2008,11,-46.1286932608114,150.700518214513,,MachineObservation,,
885_2763,1785/1913,,8,-47.73734,169.00247,1,HumanObservation,Historical distribution of whales shown by logbook records 1785-1913,Wildlife Conservation Society
64235_JIP2010:deployment:0781439,2010-11-23T13:10:00,2010,11,-60.1569873920182,157.479851101009,,MachineObservation,,
88741_Eden2009:deployment:0789525,2009-01-03T13:13:00,2009,1,-62.4672133346432,158.429605423019,,MachineObservation,,
88741_Eden2009:deployment:0789330,2008-12-18T07:13:00,2008,12,-62.0029566026338,164.296456679634,,MachineObservation,,
64235_JIP2010:deployment:0781403,2010-11-20T13:10:00,2010,11,-57.9712906093471,157.2747553135,,MachineObservation,,
urn:catalog:AADC:SOWS:SOWS-93610,1996-01-26 00:33:00Z,1996,1,-62.85107,98.67938,2,HumanObservation,,AADC
98129_JIP2010:deployment:0792204,2010-12-30T20:44:00,2010,12,-60.7596994575862,169.288078366461,,MachineObservation,,
13440_131178:deployment:0769066,2015-11-23T03:30:49,2015,11,-47.202477128229,177.335350257724,,MachineObservation,,
88729_Eden2009:deployment:0787042,2009-01-23T16:40:00,2009,1,-63.4154405578869,103.750744915927,,MachineObservation,,
98114_JIP2010:deployment:0791221,2010-12-03T14:15:00,2010,12,-61.2669452284902,157.621977791816,,MachineObservation,,
urn:catalog:AADC:WC:5764,1937-01-01 00:00:00+00,1937,1,-61.5,94.5,47,HumanObservation,,AADC
98129_JIP2010:deployment:0792259,2011-01-04T10:44:00,2011,1,-63.2383549896289,169.892900468235,,MachineObservation,,
88723_Eden2009:deployment:0783789,2009-01-01T23:02:00,2009,1,-63.2150963627338,168.075245889728,,MachineObservation,,
88723_Eden2009:deployment:0783761,2008-12-30T15:02:00,2008,12,-63.067786106819,169.6959076102,,MachineObservation,,
88732_Eden2009:deployment:0787584,2008-11-27T13:33:00,2008,11,-50.8682412045555,163.463920985905,,MachineObservation,,
urn:catalog:AADC:SOWS:SOWS-92725,2001-01-10 00:00:00Z,2001,1,-61.287,91.745,2,HumanObservation,,AADC
88741_Eden2009:deployment:0789594,2009-01-09T07:13:00,2009,1,-62.3385474191949,158.018836266108,,MachineObservation,,
88733_Eden2009:deployment:0787960,2008-11-24T15:00:00,2008,11,-55.6663308636336,171.183508846178,,MachineObservation,,
urn:catalog:AADC:SOWS:SOWS-92544,2003-03-08 01:33:45Z,2003,3,-58.89,80.82,1,HumanObservation,,AADC
88733_Eden2009:deployment:0787777,2008-11-09T09:00:00,2008,11,-46.4302964051258,154.902314419307,,MachineObservation,,
88723_Eden2009:deployment:0783745,2008-12-29T07:02:00,2008,12,-63.0284716506447,169.559070722549,,MachineObservation,,
88729_Eden2009:deployment:0786432,2008-12-03T20:40:00,2008,12,-59.429649327405,121.962219201537,,MachineObservation,,
218702,2008-01-02T21:20:50,2008,1,-63.48,111.47,1,HumanObservation,Happywhale - Humpback whale in Southern Ocean,Happywhale.com
98129_JIP2010:deployment:0792150,2010-12-26T08:44:00,2010,12,-57.828404809001,167.951234037497,,MachineObservation,,
88741_Eden2009:deployment:0789080,2008-11-27T11:13:00,2008,11,-47.4069211666056,167.361363183913,,MachineObservation,,
https://www.inaturalist.org/observations/10510305,2011-11-19T09:03:00+13:00,,,-46.2883971346,167.732981873,,HumanObservation,iNaturalist research-grade observations,iNaturalist
13440_131178:deployment:0769197,2015-12-04T01:30:49,2015,12,-50.2990059235476,177.070429662433,,MachineObservation,,
urn:catalog:AADC:WOV:WOV-148324,1991-12-01 00:00:00+00,1991,12,-60.7167,107.4667,1,HumanObservation,,AADC
88738_Eden2009:deployment:0788739,2008-12-21T09:06:00,2008,12,-64.2331663523685,148.99041198292,,MachineObservation,,
88729_Eden2009:deployment:0786505,2008-12-09T22:40:00,2008,12,-62.4083102906872,118.73723082224,,MachineObservation,,
98129_JIP2010:deployment:0792038,2010-12-17T00:44:00,2010,12,-53.5883963070018,160.495042608382,,MachineObservation,,
88741_Eden2009:deployment:0790299,2009-03-09T01:13:00,2009,3,-64.8584850875594,164.079658442253,,MachineObservation,,
88729_Eden2009:deployment:0786391,2008-11-30T10:40:00,2008,11,-56.4269742198861,126.537075317958,,MachineObservation,,
88741_Eden2009:deployment:0790352,2009-03-13T11:13:00,2009,3,-64.1807601587458,164.887377095508,,MachineObservation,,
88728_Eden2009:deployment:0785828,2009-01-18T02:51:00,2009,1,-64.1420240842644,162.294135007154,,MachineObservation,,
88718_Eden2009:deployment:0782617,2008-12-27T14:34:00,2008,12,-55.2464175036085,165.594342783307,,MachineObservation,,
13440_131178:deployment:0769365,2015-12-18T01:30:49,2015,12,-60.3362932972201,179.879488337918,,MachineObservation,,
88741_Eden2009:deployment:0789145,2008-12-02T21:13:00,2008,12,-50.8419966637375,170.696465892914,,MachineObservation,,
88723_Eden2009:deployment:0783566,2008-12-14T09:02:00,2008,12,-53.8628505293926,172.088927268825,,MachineObservation,,
urn:catalog:AADC:SOWS:SOWS-93805,1996-02-16 13:10:00Z,1996,2,-63.25089,108.3158,2,HumanObservation,,AADC
88725_Eden2009:deployment:0784896,2009-01-13T18:04:00,2009,1,-62.6315499794073,150.231531549489,,MachineObservation,,
88741_Eden2009:deployment:0789626,2009-01-11T23:13:00,2009,1,-62.7667705031926,156.420837553024,,MachineObservation,,
88723_Eden2009:deployment:0783679,2008-12-23T19:02:00,2008,12,-62.9612676332767,170.545891239572,,MachineObservation,,
88725_Eden2009:deployment:0784398,2008-12-03T06:04:00,2008,12,-51.2058376455768,154.102094480508,,MachineObservation,,
13440_131178:deployment:0769111,2015-11-26T21:30:49,2015,11,-48.9247755995937,176.876265874241,,MachineObservation,,
urn:catalog:AADC:SOWS:SOWS-100751,1998-01-01 00:00:00Z,1998,1,-63.46,83.51,2,HumanObservation,,AADC
88718_Eden2009:deployment:0782504,2008-12-18T04:34:00,2008,12,-46.6399168850412,153.967168022519,,MachineObservation,,
13440_131178:deployment:0769238,2015-12-07T11:30:49,2015,12,-51.0023951162834,177.700101386091,,MachineObservation,,
88729_Eden2009:deployment:0786981,2009-01-18T14:40:00,2009,1,-63.2960442930036,108.520901652009,,MachineObservation,,
88728_Eden2009:deployment:0785205,2008-11-27T04:51:00,2008,11,-53.3036100793592,156.46240203976,,MachineObservation,,
13440_131190:deployment:0776278,2015-11-27T18:31:20,2015,11,-55.6780905577932,178.408191551691,,MachineObservation,,
88729_Eden2009:deployment:0786353,2008-11-27T06:40:00,2008,11,-54.084784922156,130.070540602144,,MachineObservation,,
88729_Eden2009:deployment:0787050,2009-01-24T08:40:00,2009,1,-63.476992992387,103.357384377476,,MachineObservation,,
88728_Eden2009:deployment:0785291,2008-12-04T08:51:00,2008,12,-58.1057855550119,156.799156624004,,MachineObservation,,
88723_Eden2009:deployment:0783532,2008-12-11T13:02:00,2008,12,-51.07643251467,169.810965045503,,MachineObservation,,
98114_JIP2010:deployment:0790979,2010-11-13T10:15:00,2010,11,-46.9760473742982,160.299746809125,,MachineObservation,,
88725_Eden2009:deployment:0784464,2008-12-08T18:04:00,2008,12,-57.0663690470185,157.264099475,,MachineObservation,,
88725_Eden2009:deployment:0784679,2008-12-26T16:04:00,2008,12,-62.7066031016354,157.911010779054,,MachineObservation,,
88729_Eden2009:deployment:0787128,2009-01-30T20:40:00,2009,1,-62.2107503674766,102.368930513526,,MachineObservation,,
88728_Eden2009:deployment:0785781,2009-01-14T04:51:00,2009,1,-63.5336431958873,158.313494790744,,MachineObservation,,
urn:catalog:AADC:WC:5982,1959-01-01 00:00:00+00,1959,1,-61.5,99.5,74,HumanObservation,,AADC
88729_Eden2009:deployment:0786281,2008-11-21T06:40:00,2008,11,-49.7159153054104,134.40662549385,,MachineObservation,,
88728_Eden2009:deployment:0785247,2008-11-30T16:51:00,2008,11,-55.4802692910769,156.492220088729,,MachineObservation,,
88725_Eden2009:deployment:0784509,2008-12-12T12:04:00,2008,12,-61.3225878878667,156.121972067074,,MachineObservation,,
88741_Eden2009:deployment:0790125,2009-02-22T13:13:00,2009,2,-64.8858076421529,163.435467878155,,MachineObservation,,
88732_Eden2009:deployment:0787465,2008-11-17T15:33:00,2008,11,-45.9406757418138,164.134939963512,,MachineObservation,,
13440_131178:deployment:0769296,2015-12-12T07:30:49,2015,12,-54.6334680253399,177.068171518416,,MachineObservation,,
13440_131190:deployment:0776301,2015-11-29T16:31:20,2015,11,-56.3053943523936,178.34297416783,,MachineObservation,,
98114_JIP2010:deployment:0791188,2010-11-30T20:15:00,2010,11,-61.2327322651407,157.944492428788,,MachineObservation,,
88729_Eden2009:deployment:0786319,2008-11-24T10:40:00,2008,11,-51.9208858353199,132.14072796083,,MachineObservation,,
64235_JIP2010:deployment:0781397,2010-11-20T01:10:00,2010,11,-57.2812227203496,156.868454644082,,MachineObservation,,
98114_JIP2010:deployment:0791173,2010-11-29T14:15:00,2010,11,-60.9865678031715,158.117390501886,,MachineObservation,,
88725_Eden2009:deployment:0784401,2008-12-03T12:04:00,2008,12,-51.4282607714245,154.183672512749,,MachineObservation,,
88728_Eden2009:deployment:0785829,2009-01-18T04:51:00,2009,1,-64.1906160183803,162.462860150189,,MachineObservation,,
88729_Eden2009:deployment:0787103,2009-01-28T18:40:00,2009,1,-62.3721189941569,102.658830888156,,MachineObservation,,
98114_JIP2010:deployment:0791288,2010-12-09T04:15:00,2010,12,-62.1188403149123,157.705787956034,,MachineObservation,,
13440_131178:deployment:0769229,2015-12-06T17:30:49,2015,12,-50.7558043448754,177.782973980215,,MachineObservation,,
13440_131178:deployment:0769230,2015-12-06T19:30:49,2015,12,-50.7158111183466,177.738148634687,,MachineObservation,,
urn:catalog:AADC:WC:5767,1937-01-01 00:00:00+00,1937,1,-61.5,99.5,15,HumanObservation,,AADC
13440_131178:deployment:0769245,2015-12-08T01:30:49,2015,12,-51.4490771961553,177.296775432989,,MachineObservation,,
88729_Eden2009:deployment:0786910,2009-01-12T16:40:00,2009,1,-64.5974756482643,116.86315629804,,MachineObservation,,
88728_Eden2009:deployment:0785658,2009-01-03T22:51:00,2009,1,-62.1680870212375,155.547492817013,,MachineObservation,,
88738_Eden2009:deployment:0788547,2008-12-05T09:06:00,2008,12,-59.9557469330043,150.025421370342,,MachineObservation,,
88728_Eden2009:deployment:0785755,2009-01-12T00:51:00,2009,1,-62.8169411058558,155.091406205756,,MachineObservation,,
88723_Eden2009:deployment:0783773,2008-12-31T15:02:00,2008,12,-63.0221407509644,169.489081921023,,MachineObservation,,
88729_Eden2009:deployment:0786668,2008-12-23T12:40:00,2008,12,-63.6625313564439,119.804074840963,,MachineObservation,,
urn:catalog:AADC:WOV:WOV-148551,1995-02-16 00:36:00+00,1995,2,-64.0667,101.9333,2,HumanObservation,,AADC
88728_Eden2009:deployment:0785382,2008-12-11T22:51:00,2008,12,-62.0672823076873,156.946276776104,,MachineObservation,,
88741_Eden2009:deployment:0789737,2009-01-21T05:13:00,2009,1,-63.2011028166008,157.076043573177,,MachineObservation,,
88741_Eden2009:deployment:0789182,2008-12-05T23:13:00,2008,12,-53.6108114209576,170.349921265159,,MachineObservation,,
88725_Eden2009:deployment:0784760,2009-01-02T10:04:00,2009,1,-61.9070875418259,152.321624447745,,MachineObservation,,
98114_JIP2010:deployment:0791291,2010-12-09T10:15:00,2010,12,-62.1255714396055,157.784190432253,,MachineObservation,,
88729_Eden2009:deployment:0786907,2009-01-12T10:40:00,2009,1,-64.5758637626796,116.876645462426,,MachineObservation,,
88723_Eden2009:deployment:0783758,2008-12-30T09:02:00,2008,12,-63.1474802781812,169.826855297872,,MachineObservation,,
88728_Eden2009:deployment:0785959,2009-01-29T00:51:00,2009,1,-64.6246415826002,158.183541076864,,MachineObservation,,
88741_Eden2009:deployment:0789569,2009-01-07T05:13:00,2009,1,-62.2257115522123,157.887921019001,,MachineObservation,,
13440_131190:deployment:0776442,2015-12-11T10:31:20,2015,12,-63.4395354960966,175.468744478665,,MachineObservation,,
88718_Eden2009:deployment:0782569,2008-12-23T14:34:00,2008,12,-51.5411925414741,160.869661074931,,MachineObservation,,
88729_Eden2009:deployment:0786641,2008-12-21T06:40:00,2008,12,-63.2887628137247,119.821131569241,,MachineObservation,,
98114_JIP2010:deployment:0791143,2010-11-27T02:15:00,2010,11,-60.719240153565,158.4677800086,,MachineObservation,,
88741_Eden2009:deployment:0789170,2008-12-04T23:13:00,2008,12,-52.770809308745,170.542876036234,,MachineObservation,,
98129_JIP2010:deployment:0791851,2010-12-01T10:44:00,2010,12,-46.0492159254944,147.889705056355,,MachineObservation,,
13440_131178:deployment:0769118,2015-11-27T11:30:49,2015,11,-49.0627531798692,176.903840620218,,MachineObservation,,
98129_JIP2010:deployment:0791856,2010-12-01T20:44:00,2010,12,-46.3214208120921,147.837677280124,,MachineObservation,,
88728_Eden2009:deployment:0785825,2009-01-17T20:51:00,2009,1,-64.0268541312737,161.798552200123,,MachineObservation,,
88741_Eden2009:deployment:0789848,2009-01-30T11:13:00,2009,1,-64.8043825250743,161.68868922707,,MachineObservation,,
urn:catalog:AADC:WOV:WOV-149520,1995-12-03 06:40:00+00,1995,12,-61.0833,111.4167,1,HumanObservation,,AADC
88729_Eden2009:deployment:0786259,2008-11-19T10:40:00,2008,11,-48.0891827808329,135.516537397817,,MachineObservation,,
88729_Eden2009:deployment:0786200,2008-11-14T12:40:00,2008,11,-45.1664102835247,139.933929486004,,MachineObservation,,
13440_131178:deployment:0769129,2015-11-28T09:30:49,2015,11,-49.2925430304318,177.02975606187,,MachineObservation,,
88728_Eden2009:deployment:0785503,2008-12-22T00:51:00,2008,12,-64.0921224430403,157.877853437133,,MachineObservation,,
88718_Eden2009:deployment:0782512,2008-12-18T20:34:00,2008,12,-47.2233781030423,154.727457261945,,MachineObservation,,
urn:catalog:AADC:SOWS:SOWS-92976,2000-03-13 07:50:00Z,2000,3,-64.30193,93.3527,2,HumanObservation,,AADC
88728_Eden2009:deployment:0785157,2008-11-23T04:51:00,2008,11,-51.0297227071549,154.399271108609,,MachineObservation,,
88728_Eden2009:deployment:0785397,2008-12-13T04:51:00,2008,12,-61.9971646474165,156.992057511618,,MachineObservation,,
98114_JIP2010:deployment:0791141,2010-11-26T22:15:00,2010,11,-60.6620258102492,158.551894481814,,MachineObservation,,
https://www.inaturalist.org/observations/100044034,2021-10-27T18:04:00+13:00,,,-45.2495066667,166.8310816667,,HumanObservation,iNaturalist research-grade observations,iNaturalist
88741_Eden2009:deployment:0789283,2008-12-14T09:13:00,2008,12,-60.9990865271766,166.701162638943,,MachineObservation,,
13440_131190:deployment:0776351,2015-12-03T20:31:20,2015,12,-59.4229211329195,178.842826231564,,MachineObservation,,
13440_88727:deployment:0777150,2015-12-01T18:30:50,2015,12,-63.6479395483135,179.685985124673,,MachineObservation,,
621372,2025-12-26T10:58:01,2025,12,-62.5154,144.5743,1,HumanObservation,Happywhale - Humpback whale in Southern Ocean,Happywhale.com
88738_Eden2009:deployment:0788644,2008-12-13T11:06:00,2008,12,-63.6225063439884,150.247234354028,,MachineObservation,,
98114_JIP2010:deployment:0791254,2010-12-06T08:15:00,2010,12,-61.6767759945116,157.388080167253,,MachineObservation,,
urn:catalog:AADC:WC:5613,1934-01-01 00:00:00+00,1934,1,-63.5,89.5,4,HumanObservation,,AADC
88733_Eden2009:deployment:0787757,2008-11-07T17:00:00,2008,11,-45.0799241093832,152.338523500062,,MachineObservation,,
13440_131190:deployment:0776218,2015-11-22T18:31:20,2015,11,-50.54682152271,177.941969413703,,MachineObservation,,
88723_Eden2009:deployment:0783716,2008-12-26T21:02:00,2008,12,-63.1839973149078,169.662415313519,,MachineObservation,,
88718_Eden2009:deployment:0782546,2008-12-21T16:34:00,2008,12,-49.365201775471,158.639086758912,,MachineObservation,,
88725_Eden2009:deployment:0784530,2008-12-14T06:04:00,2008,12,-62.00637293166,155.813525258557,,MachineObservation,,
88718_Eden2009:deployment:0782495,2008-12-17T10:34:00,2008,12,-46.2362767898063,153.766207539946,,MachineObservation,,
urn:catalog:AADC:WC:5817,1938-01-01 00:00:00+00,1938,1,-58.5,102.5,10,HumanObservation,,AADC
88738_Eden2009:deployment:0788730,2008-12-20T15:06:00,2008,12,-64.1825928098684,148.399175749767,,MachineObservation,,
64235_JIP2010:deployment:0781467,2010-11-25T21:10:00,2010,11,-60.5820029653903,157.890987215425,,MachineObservation,,
98129_JIP2010:deployment:0792110,2010-12-23T00:44:00,2010,12,-55.9859189930633,164.668897202248,,MachineObservation,,
88728_Eden2009:deployment:0785341,2008-12-08T12:51:00,2008,12,-61.8299233250737,156.856558324888,,MachineObservation,,
98114_JIP2010:deployment:0791208,2010-12-02T12:15:00,2010,12,-61.1128048770813,157.891267368572,,MachineObservation,,
229461,2020-11-24T18:26:41,2020,11,-45.46,166.71,1,HumanObservation,Happywhale - Humpback whale in South Pacific Ocean,Happywhale.com
13440_88727:deployment:0777119,2015-11-29T04:30:50,2015,11,-63.0737304728588,179.075099599866,,MachineObservation,,
88723_Eden2009:deployment:0783714,2008-12-26T17:02:00,2008,12,-63.2681881088732,169.680932619497,,MachineObservation,,
88738_Eden2009:deployment:0788731,2008-12-20T17:06:00,2008,12,-64.1682665555592,148.368003687048,,MachineObservation,,
in2017_v01_09289,2017-01-24T22:08:00Z,,,-64.5506,116.1192,2,HumanObservation,,Macquarie University
urn:catalog:AADC:WC:5718,1936-01-01 00:00:00+00,1936,1,-61.5,89.5,1,HumanObservation,,AADC
98129_JIP2010:deployment:0791956,2010-12-10T04:44:00,2010,12,-49.111714408165,154.862612728894,,MachineObservation,,
88738_Eden2009:deployment:0788652,2008-12-14T03:06:00,2008,12,-63.6543479529054,150.004500857153,,MachineObservation,,
urn:catalog:AADC:WC:5738,1937-01-01 00:00:00+00,1937,1,-59.5,100.5,1,HumanObservation,,AADC
13440_131190:deployment:0776325,2015-12-01T16:31:20,2015,12,-57.5712865732815,178.605238552605,,MachineObservation,,
urn:catalog:AADC:WC:5915,1939-01-01 00:00:00+00,1939,1,-62.5,102.5,2,HumanObservation,,AADC
88725_Eden2009:deployment:0784784,2009-01-04T10:04:00,2009,1,-61.944228525644,152.090514008541,,MachineObservation,,
88723_Eden2009:deployment:0783831,2009-01-05T11:02:00,2009,1,-63.3309044257477,167.601008962746,,MachineObservation,,
88733_Eden2009:deployment:0787932,2008-11-22T07:00:00,2008,11,-54.4610180708728,168.583761218892,,MachineObservation,,
88728_Eden2009:deployment:0785549,2008-12-25T20:51:00,2008,12,-62.6775284741964,155.742589095478,,MachineObservation,,
98114_JIP2010:deployment:0791114,2010-11-24T16:15:00,2010,11,-60.4780095169926,158.556474944041,,MachineObservation,,
88728_Eden2009:deployment:0785947,2009-01-28T00:51:00,2009,1,-64.5282315099812,158.026340472162,,MachineObservation,,
urn:catalog:AADC:WC:5957,1953-01-01 00:00:00+00,1953,1,-64.5,95.5,189,HumanObservation,,AADC
88725_Eden2009:deployment:0784678,2008-12-26T14:04:00,2008,12,-62.7350197670705,158.026884562128,,MachineObservation,,
88733_Eden2009:deployment:0787980,2008-11-26T07:00:00,2008,11,-56.7518159943553,171.218020378266,,MachineObservation,,
218746,2008-01-07T08:05:25,2008,1,-63.33,112.51,1,HumanObservation,Happywhale - Humpback whale in Southern Ocean,Happywhale.com
88725_Eden2009:deployment:0784777,2009-01-03T20:04:00,2009,1,-62.1679867247406,152.321348982268,,MachineObservation,,
98114_JIP2010:deployment:0791067,2010-11-20T18:15:00,2010,11,-55.7807344544843,159.527779443324,,MachineObservation,,
88729_Eden2009:deployment:0786756,2008-12-30T20:40:00,2008,12,-64.157433636756,119.201335475131,,MachineObservation,,
88725_Eden2009:deployment:0784456,2008-12-08T02:04:00,2008,12,-56.1542425878189,156.414235156299,,MachineObservation,,
88718_Eden2009:deployment:0782688,2009-01-02T12:34:00,2009,1,-60.858534501167,174.683886766333,,MachineObservation,,
88718_Eden2009:deployment:0782701,2009-01-03T14:34:00,2009,1,-62.2809707096379,176.300475524091,,MachineObservation,,
88729_Eden2009:deployment:0786586,2008-12-16T16:40:00,2008,12,-63.2960069907173,119.6160540099,,MachineObservation,,
88728_Eden2009:deployment:0785734,2009-01-10T06:51:00,2009,1,-62.1465793533053,154.276326917784,,MachineObservation,,
88718_Eden2009:deployment:0782616,2008-12-27T12:34:00,2008,12,-55.1323842729195,165.472793312766,,MachineObservation,,
88723_Eden2009:deployment:0783892,2009-01-10T13:02:00,2009,1,-63.8047984924971,168.620281228813,,MachineObservation,,
98114_JIP2010:deployment:0790969,2010-11-12T14:15:00,2010,11,-46.0471209645261,160.284392881972,,MachineObservation,,
88723_Eden2009:deployment:0783811,2009-01-03T19:02:00,2009,1,-63.4265913493304,167.945110734363,,MachineObservation,,
88718_Eden2009:deployment:0782762,2009-01-08T16:34:00,2009,1,-64.9903764241573,179.517896986592,,MachineObservation,,
88728_Eden2009:deployment:0785113,2008-11-19T12:51:00,2008,11,-48.17270978432,152.070381393002,,MachineObservation,,
88729_Eden2009:deployment:0786553,2008-12-13T22:40:00,2008,12,-62.9943826950102,119.307379535231,,MachineObservation,,
urn:catalog:AADC:WC:5905,1939-01-01 00:00:00+00,1939,1,-61.5,100.5,43,HumanObservation,,AADC
13440_131190:deployment:0776178,2015-11-19T10:31:20,2015,11,-49.144201994724,179.317626621779,,MachineObservation,,
98114_JIP2010:deployment:0791258,2010-12-06T16:15:00,2010,12,-61.7675989808963,157.400530822835,,MachineObservation,,
88729_Eden2009:deployment:0786992,2009-01-19T12:40:00,2009,1,-63.409273495072,106.801711439584,,MachineObservation,,
88729_Eden2009:deployment:0786676,2008-12-24T04:40:00,2008,12,-63.3161942375164,120.021122571489,,MachineObservation,,
88725_Eden2009:deployment:0784702,2008-12-28T14:04:00,2008,12,-62.9795115898584,154.981862911301,,MachineObservation,,
98129_JIP2010:deployment:0791993,2010-12-13T06:44:00,2010,12,-51.3947692178084,157.781890328499,,MachineObservation,,
88725_Eden2009:deployment:0784632,2008-12-22T18:04:00,2008,12,-62.8591117268825,157.873798881915,,MachineObservation,,
88725_Eden2009:deployment:0784890,2009-01-13T06:04:00,2009,1,-62.5896391166181,150.376781156997,,MachineObservation,,
88741_Eden2009:deployment:0789232,2008-12-10T03:13:00,2008,12,-57.1529708420154,169.718058167518,,MachineObservation,,
88728_Eden2009:deployment:0785511,2008-12-22T16:51:00,2008,12,-64.160704981985,157.448331109452,,MachineObservation,,
88729_Eden2009:deployment:0786990,2009-01-19T08:40:00,2009,1,-63.3959943694132,107.121201057692,,MachineObservation,,
88725_Eden2009:deployment:0784875,2009-01-12T00:04:00,2009,1,-62.3445935341728,150.23109671868,,MachineObservation,,
88728_Eden2009:deployment:0785965,2009-01-29T12:51:00,2009,1,-64.6686870601139,158.264856973427,,MachineObservation,,
88728_Eden2009:deployment:0785222,2008-11-28T14:51:00,2008,11,-54.4712636958608,157.053288343895,,MachineObservation,,
88733_Eden2009:deployment:0787972,2008-11-25T15:00:00,2008,11,-56.3994602291716,171.820081419097,,MachineObservation,,
88741_Eden2009:deployment:0789621,2009-01-11T13:13:00,2009,1,-62.7418791057981,156.77277001833,,MachineObservation,,
45693,2017-11-02T08:38:07,2017,11,-45.733,166.543,1,HumanObservation,Happywhale - Humpback whale in South Pacific Ocean,Happywhale.com
88738_Eden2009:deployment:0788668,2008-12-15T11:06:00,2008,12,-63.777684687966,149.473948783894,,MachineObservation,,
88723_Eden2009:deployment:0783695,2008-12-25T03:02:00,2008,12,-63.0468345853192,170.689266219344,,MachineObservation,,
88728_Eden2009:deployment:0785995,2009-02-01T00:51:00,2009,2,-64.8157900200036,158.242463881818,,MachineObservation,,
88728_Eden2009:deployment:0785518,2008-12-23T06:51:00,2008,12,-63.9333166750475,157.170834379322,,MachineObservation,,
88725_Eden2009:deployment:0784618,2008-12-21T14:04:00,2008,12,-62.8306253570395,157.876170743052,,MachineObservation,,
88723_Eden2009:deployment:0783910,2009-01-12T01:02:00,2009,1,-64.0590877132111,168.565801004059,,MachineObservation,,
98114_JIP2010:deployment:0791037,2010-11-18T06:15:00,2010,11,-53.1152545505861,159.269825626371,,MachineObservation,,
88741_Eden2009:deployment:0789545,2009-01-05T05:13:00,2009,1,-62.3855138596723,157.789114360213,,MachineObservation,,
88728_Eden2009:deployment:0785183,2008-11-25T08:51:00,2008,11,-52.0850095326563,155.758867581461,,MachineObservation,,
88729_Eden2009:deployment:0787056,2009-01-24T20:40:00,2009,1,-63.0607398584283,103.365479755928,,MachineObservation,,
88729_Eden2009:deployment:0786205,2008-11-14T22:40:00,2008,11,-45.4579259780945,139.573816419303,,MachineObservation,,
98129_JIP2010:deployment:0792247,2011-01-03T10:44:00,2011,1,-62.6242349002412,169.695770605464,,MachineObservation,,
88733_Eden2009:deployment:0787815,2008-11-12T13:00:00,2008,11,-47.842026029296,158.300011075605,,MachineObservation,,
88738_Eden2009:deployment:0788397,2008-11-22T21:06:00,2008,11,-49.4649866018374,149.298674032034,,MachineObservation,,
98114_JIP2010:deployment:0791080,2010-11-21T20:15:00,2010,11,-57.3103111934392,159.670797018559,,MachineObservation,,
88741_Eden2009:deployment:0789365,2008-12-21T05:13:00,2008,12,-61.7701789924665,164.090593991586,,MachineObservation,,
88725_Eden2009:deployment:0784712,2008-12-29T10:04:00,2008,12,-62.8172780665348,153.555218102432,,MachineObservation,,
98129_JIP2010:deployment:0792109,2010-12-22T22:44:00,2010,12,-55.9443764079723,164.553114308827,,MachineObservation,,
88732_Eden2009:deployment:0787510,2008-11-21T09:33:00,2008,11,-46.05123864766,164.801468994427,,MachineObservation,,
88729_Eden2009:deployment:0786617,2008-12-19T06:40:00,2008,12,-63.6763893752702,119.387848293573,,MachineObservation,,
88725_Eden2009:deployment:0784636,2008-12-23T02:04:00,2008,12,-62.8077759608974,158.015791877333,,MachineObservation,,
88725_Eden2009:deployment:0784380,2008-12-01T18:04:00,2008,12,-49.215684146194,152.679973660538,,MachineObservation,,
98129_JIP2010:deployment:0792292,2011-01-07T04:44:00,2011,1,-64.4084764465944,170.118908969467,,MachineObservation,,
88733_Eden2009:deployment:0787905,2008-11-20T01:00:00,2008,11,-51.8228703335984,165.904050529266,,MachineObservation,,
urn:catalog:AADC:WC:5988,1960-01-01 00:00:00+00,1960,1,-59.5,102.5,21,HumanObservation,,AADC
88725_Eden2009:deployment:0784879,2009-01-12T08:04:00,2009,1,-62.4116758584909,150.26060714107,,MachineObservation,,
88729_Eden2009:deployment:0786473,2008-12-07T06:40:00,2008,12,-60.9928912725762,120.866331591225,,MachineObservation,,
88728_Eden2009:deployment:0785114,2008-11-19T14:51:00,2008,11,-48.2546032508361,152.115696451224,,MachineObservation,,
88732_Eden2009:deployment:0787415,2008-11-13T11:33:00,2008,11,-45.6845217419449,163.182183480026,,MachineObservation,,
13440_131178:deployment:0769122,2015-11-27T19:30:49,2015,11,-49.0678745285507,176.974462789317,,MachineObservation,,
88728_Eden2009:deployment:0785546,2008-12-25T14:51:00,2008,12,-62.9413205523586,155.888270946279,,MachineObservation,,
urn:catalog:AADC:SOWS:SOWS-93646,1996-02-03 13:07:02Z,1996,2,-62.99888,84.45094,3,HumanObservation,,AADC
88741_Eden2009:deployment:0789129,2008-12-01T13:13:00,2008,12,-50.1107290790264,170.039012699015,,MachineObservation,,
88723_Eden2009:deployment:0783832,2009-01-05T13:02:00,2009,1,-63.288694434802,167.657669864794,,MachineObservation,,
88732_Eden2009:deployment:0787390,2008-11-11T09:33:00,2008,11,-45.131490626875,160.948515396734,,MachineObservation,,
88729_Eden2009:deployment:0786450,2008-12-05T08:40:00,2008,12,-60.6428315960387,121.097512732254,,MachineObservation,,
88723_Eden2009:deployment:0783504,2008-12-09T05:02:00,2008,12,-48.5106004943459,168.038926647026,,MachineObservation,,
88741_Eden2009:deployment:0789347,2008-12-19T17:13:00,2008,12,-61.8572301416733,164.059629149183,,MachineObservation,,
88738_Eden2009:deployment:0788672,2008-12-15T19:06:00,2008,12,-63.754913898135,149.310766292429,,MachineObservation,,
88738_Eden2009:deployment:0788621,2008-12-11T13:06:00,2008,12,-63.5160807583565,150.958997100439,,MachineObservation,,
88741_Eden2009:deployment:0789540,2009-01-04T19:13:00,2009,1,-62.4086788291393,157.672804017543,,MachineObservation,,
88723_Eden2009:deployment:0783760,2008-12-30T13:02:00,2008,12,-63.0849651928616,169.752456798808,,MachineObservation,,
88729_Eden2009:deployment:0786530,2008-12-12T00:40:00,2008,12,-62.8522452471557,118.932905664706,,MachineObservation,,
88723_Eden2009:deployment:0783762,2008-12-30T17:02:00,2008,12,-63.0808528520129,169.649539758317,,MachineObservation,,
88738_Eden2009:deployment:0788626,2008-12-11T23:06:00,2008,12,-63.5652155662352,151.134777206652,,MachineObservation,,
88723_Eden2009:deployment:0783754,2008-12-30T01:02:00,2008,12,-63.2243419368054,169.873120221572,,MachineObservation,,
64235_JIP2010:deployment:0781270,2010-11-09T11:10:00,2010,11,-45.9384313324896,148.706985485194,,MachineObservation,,
urn:catalog:AADC:SOWS:SOWS-92573,2002-02-05 04:32:00Z,2002,2,-62.56,93.71,1,HumanObservation,,AADC
98114_JIP2010:deployment:0791160,2010-11-28T12:15:00,2010,11,-60.9158042966352,158.136115327699,,MachineObservation,,
88738_Eden2009:deployment:0788637,2008-12-12T21:06:00,2008,12,-63.6403657992621,150.509461803186,,MachineObservation,,
13440_131190:deployment:0776303,2015-11-29T20:31:20,2015,11,-56.2956583651188,178.40063222998,,MachineObservation,,
88725_Eden2009:deployment:0784422,2008-12-05T06:04:00,2008,12,-52.8873593669018,154.603947973376,,MachineObservation,,
88741_Eden2009:deployment:0789122,2008-11-30T23:13:00,2008,11,-49.709934965477,169.581815840981,,MachineObservation,,
urn:catalog:AADC:WC:5730,1936-01-01 00:00:00+00,1936,1,-64.5,82.5,3,HumanObservation,,AADC
88728_Eden2009:deployment:0785454,2008-12-17T22:51:00,2008,12,-63.2428033246818,158.447274380712,,MachineObservation,,
88741_Eden2009:deployment:0789446,2008-12-27T23:13:00,2008,12,-63.9678013364678,161.507188158605,,MachineObservation,,
88723_Eden2009:deployment:0783821,2009-01-04T15:02:00,2009,1,-63.4176986919506,167.442663706444,,MachineObservation,,
88728_Eden2009:deployment:0785281,2008-12-03T12:51:00,2008,12,-57.4761714143362,156.726132020252,,MachineObservation,,
98129_JIP2010:deployment:0792196,2010-12-30T04:44:00,2010,12,-59.9837470598418,169.724221914749,,MachineObservation,,
88741_Eden2009:deployment:0789072,2008-11-26T19:13:00,2008,11,-46.7113757781448,166.888708660744,,MachineObservation,,
88741_Eden2009:deployment:0789426,2008-12-26T07:13:00,2008,12,-63.2560340459732,162.687833810311,,MachineObservation,,
64235_JIP2010:deployment:0781269,2010-11-09T09:10:00,2010,11,-45.800488619359,148.654151449035,,MachineObservation,,
88729_Eden2009:deployment:0786821,2009-01-05T06:40:00,2009,1,-64.7027451368943,120.744305073287,,MachineObservation,,
88723_Eden2009:deployment:0783746,2008-12-29T09:02:00,2008,12,-63.0477996642797,169.597141954786,,MachineObservation,,
88725_Eden2009:deployment:0784859,2009-01-10T16:04:00,2009,1,-62.1993006925437,150.227378681385,,MachineObservation,,
98114_JIP2010:deployment:0791094,2010-11-23T00:15:00,2010,11,-59.0845353080819,158.955670600085,,MachineObservation,,
88725_Eden2009:deployment:0784783,2009-01-04T08:04:00,2009,1,-61.981379830568,152.147950160905,,MachineObservation,,
88741_Eden2009:deployment:0789566,2009-01-06T23:13:00,2009,1,-62.2142763901078,157.798496910576,,MachineObservation,,
88741_Eden2009:deployment:0789374,2008-12-21T23:13:00,2008,12,-61.7986144878931,164.483166087382,,MachineObservation,,
13440_131178:deployment:0769251,2015-12-08T13:30:49,2015,12,-51.8525749984674,177.349722925248,,MachineObservation,,
urn:catalog:AADC:WC:5853,1938-01-01 00:00:00+00,1938,1,-61.5,96.5,4,HumanObservation,,AADC
88738_Eden2009:deployment:0788583,2008-12-08T09:06:00,2008,12,-62.6486447470207,150.358525302467,,MachineObservation,,
88741_Eden2009:deployment:0789367,2008-12-21T09:13:00,2008,12,-61.7849590675195,164.092226329784,,MachineObservation,,
urn:catalog:AADC:WC:5580,1933-01-01 00:00:00+00,1933,1,-63.5,93.5,10,HumanObservation,,AADC
88725_Eden2009:deployment:0784516,2008-12-13T02:04:00,2008,12,-61.5884976164816,156.020926015281,,MachineObservation,,
98129_JIP2010:deployment:0792265,2011-01-04T22:44:00,2011,1,-63.475291016922,170.114018119205,,MachineObservation,,
88728_Eden2009:deployment:0785411,2008-12-14T08:51:00,2008,12,-61.9729043482101,156.854811583204,,MachineObservation,,
98129_JIP2010:deployment:0792028,2010-12-16T04:44:00,2010,12,-53.2087574686806,159.737110348314,,MachineObservation,,
13440_131190:deployment:0776281,2015-11-28T00:31:20,2015,11,-55.9750978817724,178.47681858506,,MachineObservation,,
88728_Eden2009:deployment:0785687,2009-01-06T08:51:00,2009,1,-62.2362539603797,154.591989775256,,MachineObservation,,
13440_131178:deployment:0769059,2015-11-22T13:30:49,2015,11,-47.1394613594892,177.401228462358,,MachineObservation,,
88723_Eden2009:deployment:0783614,2008-12-18T09:02:00,2008,12,-58.3278718054297,172.173097163609,,MachineObservation,,
13440_131178:deployment:0769074,2015-11-23T19:30:49,2015,11,-47.5501418993875,177.074638510154,,MachineObservation,,
88725_Eden2009:deployment:0784353,2008-11-29T12:04:00,2008,11,-46.5106952675463,150.958920837107,,MachineObservation,,
88728_Eden2009:deployment:0785657,2009-01-03T20:51:00,2009,1,-62.2105365500209,155.574222372665,,MachineObservation,,
98114_JIP2010:deployment:0791119,2010-11-25T02:15:00,2010,11,-60.4691801114248,158.621463994689,,MachineObservation,,
88725_Eden2009:deployment:0784592,2008-12-19T10:04:00,2008,12,-62.873921030415,157.407373073516,,MachineObservation,,
88729_Eden2009:deployment:0786493,2008-12-08T22:40:00,2008,12,-61.8771050179362,119.248923215669,,MachineObservation,,
88725_Eden2009:deployment:0784423,2008-12-05T08:04:00,2008,12,-52.9410797188726,154.619912883961,,MachineObservation,,
88733_Eden2009:deployment:0787779,2008-11-09T13:00:00,2008,11,-46.5258631947533,155.120186181037,,MachineObservation,,
88741_Eden2009:deployment:0789728,2009-01-20T11:13:00,2009,1,-63.5696062378283,155.50958375918,,MachineObservation,,
64235_JIP2010:deployment:0781349,2010-11-16T01:10:00,2010,11,-52.0512967862444,153.523923485944,,MachineObservation,,
urn:catalog:AADC:WC:5747,1937-01-01 00:00:00+00,1937,1,-60.5,91.5,45,HumanObservation,,AADC
98129_JIP2010:deployment:0791841,2010-11-30T14:44:00,2010,11,-45.7057761624554,147.760496988892,,MachineObservation,,
urn:catalog:AADC:WC:5959,1954-01-01 00:00:00+00,1954,1,-61.5,92.5,80,HumanObservation,,AADC
13440_131190:deployment:0776455,2015-12-12T12:31:20,2015,12,-63.7071754529816,176.369376005148,,MachineObservation,,
13440_88727:deployment:0777140,2015-11-30T22:30:50,2015,11,-63.5189888595487,179.563593471433,,MachineObservation,,
88741_Eden2009:deployment:0789596,2009-01-09T11:13:00,2009,1,-62.3716070884135,157.960468004121,,MachineObservation,,
64235_JIP2010:deployment:0781263,2010-11-08T21:10:00,2010,11,-45.090447930085,148.389190174934,,MachineObservation,,
88725_Eden2009:deployment:0784607,2008-12-20T16:04:00,2008,12,-62.8512190335111,157.550757477522,,MachineObservation,,
64235_JIP2010:deployment:0781460,2010-11-25T07:10:00,2010,11,-60.6083104017251,157.809749739441,,MachineObservation,,
88718_Eden2009:deployment:0782595,2008-12-25T18:34:00,2008,12,-53.0790174420932,162.852787966121,,MachineObservation,,
urn:catalog:AADC:WC:5704,1936-01-01 00:00:00+00,1936,1,-58.5,91.5,41,HumanObservation,,AADC
64235_JIP2010:deployment:0781264,2010-11-08T23:10:00,2010,11,-45.2041249434834,148.428969399138,,MachineObservation,,
88728_Eden2009:deployment:0785651,2009-01-03T08:51:00,2009,1,-62.392300535098,155.750608966129,,MachineObservation,,
88723_Eden2009:deployment:0783621,2008-12-18T23:02:00,2008,12,-58.9904385284005,172.013258286658,,MachineObservation,,
13440_131178:deployment:0769253,2015-12-08T17:30:49,2015,12,-52.0139542080039,177.322951212849,,MachineObservation,,
88729_Eden2009:deployment:0786538,2008-12-12T16:40:00,2008,12,-62.8490555482754,119.217051595617,,MachineObservation,,
88728_Eden2009:deployment:0785116,2008-11-19T18:51:00,2008,11,-48.4255221911423,152.22357397867,,MachineObservation,,
88728_Eden2009:deployment:0785708,2009-01-08T02:51:00,2009,1,-62.3844740565695,154.416370519329,,MachineObservation,,
88729_Eden2009:deployment:0786466,2008-12-06T16:40:00,2008,12,-60.7092925400998,121.061650938279,,MachineObservation,,
240280,2021-09-29T08:31:45,2021,9,-45.887217,166.401438,1,HumanObservation,Happywhale - Humpback whale in South Pacific Ocean,Happywhale.com
13440_131178:deployment:0769213,2015-12-05T09:30:49,2015,12,-50.4197646674436,178.132204610175,,MachineObservation,,
13440_131190:deployment:0776388,2015-12-06T22:31:20,2015,12,-61.4650388623682,177.766778811226,,MachineObservation,,
98114_JIP2010:deployment:0791029,2010-11-17T14:15:00,2010,11,-52.3569476504967,159.349342731332,,MachineObservation,,
urn:catalog:AADC:WC:5611,1934-01-01 00:00:00+00,1934,1,-63.5,84.5,1,HumanObservation,,AADC
98114_JIP2010:deployment:0791207,2010-12-02T10:15:00,2010,12,-61.1272565598803,157.89934727962,,MachineObservation,,
88725_Eden2009:deployment:0784402,2008-12-03T14:04:00,2008,12,-51.4965260565205,154.171860473543,,MachineObservation,,
98129_JIP2010:deployment:0792100,2010-12-22T04:44:00,2010,12,-55.3891504556203,163.973888317002,,MachineObservation,,
88741_Eden2009:deployment:0789194,2008-12-06T23:13:00,2008,12,-54.8514934125006,170.794857386929,,MachineObservation,,
13440_131178:deployment:0769142,2015-11-29T11:30:49,2015,11,-49.4116388582614,177.067100287133,,MachineObservation,,
88723_Eden2009:deployment:0783641,2008-12-20T15:02:00,2008,12,-60.9756835235104,171.73598257581,,MachineObservation,,
13440_131178:deployment:0769249,2015-12-08T09:30:49,2015,12,-51.7526713977584,177.335182968249,,MachineObservation,,
88723_Eden2009:deployment:0783777,2008-12-31T23:02:00,2008,12,-62.9897167890065,169.273480147852,,MachineObservation,,
64235_JIP2010:deployment:0781365,2010-11-17T09:10:00,2010,11,-53.8564609124181,155.160655618642,,MachineObservation,,
88729_Eden2009:deployment:0786592,2008-12-17T04:40:00,2008,12,-63.2323457821786,119.643189722075,,MachineObservation,,
in2017_v01_09938,2017-02-14T23:21:00Z,,,-64.50556,118.96472,2,HumanObservation,,Macquarie University
88741_Eden2009:deployment:0789378,2008-12-22T07:13:00,2008,12,-61.7806709323564,164.52724126664,,MachineObservation,,
88741_Eden2009:deployment:0789101,2008-11-29T05:13:00,2008,11,-48.7342832511444,168.527453122746,,MachineObservation,,
88723_Eden2009:deployment:0783513,2008-12-09T23:02:00,2008,12,-49.4553460997863,168.588396905194,,MachineObservation,,
88728_Eden2009:deployment:0785937,2009-01-27T04:51:00,2009,1,-64.2786650828578,158.076096621875,,MachineObservation,,
64235_JIP2010:deployment:0781357,2010-11-16T17:10:00,2010,11,-52.8629808856079,154.166473883705,,MachineObservation,,
88733_Eden2009:deployment:0787835,2008-11-14T05:00:00,2008,11,-48.4034992793318,159.599142744354,,MachineObservation,,
88729_Eden2009:deployment:0786864,2009-01-08T20:40:00,2009,1,-64.617216183652,120.245605773597,,MachineObservation,,
urn:catalog:AADC:WC:5965,1956-01-01 00:00:00+00,1956,1,-63.5,80.5,85,HumanObservation,,AADC
urn:catalog:AADC:WC:5793,1937-01-01 00:00:00+00,1937,1,-63.5,90.5,4,HumanObservation,,AADC
urn:catalog:AADC:SOWS:SOWS-100742,1998-01-01 00:00:00Z,1998,1,-64.24,82.5,2,HumanObservation,,AADC
88729_Eden2009:deployment:0786201,2008-11-14T14:40:00,2008,11,-45.2302786341111,139.855703197801,,MachineObservation,,
88728_Eden2009:deployment:0785783,2009-01-14T08:51:00,2009,1,-63.5791217223461,158.677181528959,,MachineObservation,,
98129_JIP2010:deployment:0791966,2010-12-11T00:44:00,2010,12,-49.7119985592675,155.743067997318,,MachineObservation,,
https://www.inaturalist.org/observations/259820994,2025-01-28T14:10:00+11:00,,,-62.8186189969,164.7099485116,,HumanObservation,iNaturalist research-grade observations,iNaturalist
88728_Eden2009:deployment:0785109,2008-11-19T04:51:00,2008,11,-47.8552868659705,151.948548655748,,MachineObservation,,
88728_Eden2009:deployment:0785174,2008-11-24T14:51:00,2008,11,-51.8064981433045,155.308091091927,,MachineObservation,,
88733_Eden2009:deployment:0788068,2008-12-03T15:00:00,2008,12,-63.1582077517902,175.659618515883,,MachineObservation,,
88741_Eden2009:deployment:0789513,2009-01-02T13:13:00,2009,1,-62.460416802088,158.487400969376,,MachineObservation,,
64235_JIP2010:deployment:0781370,2010-11-17T19:10:00,2010,11,-54.4185135923166,155.202709635117,,MachineObservation,,
88738_Eden2009:deployment:0788732,2008-12-20T19:06:00,2008,12,-64.1522810598415,148.399466777215,,MachineObservation,,
88718_Eden2009:deployment:0782680,2009-01-01T20:34:00,2009,1,-60.0151140887482,173.656687465675,,MachineObservation,,
88741_Eden2009:deployment:0789504,2009-01-01T19:13:00,2009,1,-62.6108875058873,159.280195920271,,MachineObservation,,
88723_Eden2009:deployment:0783516,2008-12-10T05:02:00,2008,12,-49.8389813772094,168.792214739326,,MachineObservation,,
88738_Eden2009:deployment:0788410,2008-11-23T23:06:00,2008,11,-50.6292161702726,149.97091055427,,MachineObservation,,
88718_Eden2009:deployment:0782731,2009-01-06T02:34:00,2009,1,-64.0548388591818,177.781915198244,,MachineObservation,,
88729_Eden2009:deployment:0786236,2008-11-17T12:40:00,2008,11,-47.134220067744,137.460877852806,,MachineObservation,,
13440_131178:deployment:0769158,2015-11-30T19:30:49,2015,11,-49.4947523625175,176.94982748443,,MachineObservation,,
88728_Eden2009:deployment:0785285,2008-12-03T20:51:00,2008,12,-57.7251764324217,156.788069099329,,MachineObservation,,
13440_131190:deployment:0776168,2015-11-18T14:31:20,2015,11,-48.9872010540083,179.802548775501,,MachineObservation,,
88741_Eden2009:deployment:0790353,2009-03-13T13:13:00,2009,3,-64.169997322889,164.8387214879,,MachineObservation,,
88725_Eden2009:deployment:0784557,2008-12-16T12:04:00,2008,12,-62.3319868534733,156.518917279276,,MachineObservation,,
88729_Eden2009:deployment:0787084,2009-01-27T04:40:00,2009,1,-62.7729610104735,103.682505317196,,MachineObservation,,
439705,2024-02-17T04:09:53,2024,2,-63.079218,163.740234,1,HumanObservation,Happywhale - Humpback whale in Southern Ocean,Happywhale.com
88729_Eden2009:deployment:0787132,2009-01-31T04:40:00,2009,1,-62.0074197524419,102.104417631202,,MachineObservation,,
88725_Eden2009:deployment:0784371,2008-12-01T00:04:00,2008,12,-48.0150713997941,151.838884695469,,MachineObservation,,
urn:catalog:AADC:WC:5877,1939-01-01 00:00:00+00,1939,1,-58.5,96.5,2,HumanObservation,,AADC
64235_JIP2010:deployment:0781355,2010-11-16T13:10:00,2010,11,-52.7055565218664,153.97378573041,,MachineObservation,,
88741_Eden2009:deployment:0789312,2008-12-16T19:13:00,2008,12,-62.2170557962433,164.468882770163,,MachineObservation,,
88728_Eden2009:deployment:0785297,2008-12-04T20:51:00,2008,12,-58.5291270230545,156.770680913951,,MachineObservation,,
13440_131178:deployment:0769212,2015-12-05T07:30:49,2015,12,-50.3924468953203,178.086359904144,,MachineObservation,,
urn:catalog:AADC:WC:5987,1960-01-01 00:00:00+00,1960,1,-58.5,98.5,5,HumanObservation,,AADC
88729_Eden2009:deployment:0786836,2009-01-06T12:40:00,2009,1,-64.6321973406615,120.742913261817,,MachineObservation,,
88728_Eden2009:deployment:0785317,2008-12-06T12:51:00,2008,12,-60.1285655927438,155.886827545947,,MachineObservation,,
88732_Eden2009:deployment:0787486,2008-11-19T09:33:00,2008,11,-45.8586649892136,164.113250861877,,MachineObservation,,
88729_Eden2009:deployment:0786713,2008-12-27T06:40:00,2008,12,-63.6059561939831,119.708656111724,,MachineObservation,,
88738_Eden2009:deployment:0788542,2008-12-04T23:06:00,2008,12,-59.91074023103,150.299163918727,,MachineObservation,,
88728_Eden2009:deployment:0785076,2008-11-16T10:51:00,2008,11,-46.0464960014015,151.548932835774,,MachineObservation,,
88738_Eden2009:deployment:0788592,2008-12-09T03:06:00,2008,12,-62.7874555809711,150.279390388271,,MachineObservation,,
88741_Eden2009:deployment:0789274,2008-12-13T15:13:00,2008,12,-60.1775682081559,167.426509165073,,MachineObservation,,
98129_JIP2010:deployment:0792258,2011-01-04T08:44:00,2011,1,-63.2453478034202,169.895875158805,,MachineObservation,,
88741_Eden2009:deployment:0789660,2009-01-14T19:13:00,2009,1,-62.8701991730293,156.167141739015,,MachineObservation,,
in2017_v01_09286,2017-01-24T00:02:00Z,,,-64.56056,116.36833,2,HumanObservation,,Macquarie University
88729_Eden2009:deployment:0786613,2008-12-18T22:40:00,2008,12,-63.6949754406103,119.594930930368,,MachineObservation,,
in2017_v01_09284,2017-01-22T03:19:00Z,,,-64.2608,116.0767,6,HumanObservation,,Macquarie University
urn:catalog:AADC:WC:5563,1932-01-01 00:00:00+00,1932,1,-63.5,89.5,3,HumanObservation,,AADC
88728_Eden2009:deployment:0785643,2009-01-02T16:51:00,2009,1,-62.2885115695743,155.643848026612,,MachineObservation,,
88738_Eden2009:deployment:0788357,2008-11-19T13:06:00,2008,11,-45.9986701793515,147.226183459456,,MachineObservation,,
88718_Eden2009:deployment:0782700,2009-01-03T12:34:00,2009,1,-62.2345152463081,176.166175895694,,MachineObservation,,
88729_Eden2009:deployment:0787142,2009-02-01T00:40:00,2009,2,-61.7489820060263,101.714222157813,,MachineObservation,,
urn:catalog:AADC:WC:5586,1934-01-01 00:00:00+00,1934,1,-57.5,85.5,31,HumanObservation,,AADC
98129_JIP2010:deployment:0792306,2011-01-08T08:44:00,2011,1,-64.7675460449825,170.243076231917,,MachineObservation,,
13440_88727:deployment:0777125,2015-11-29T16:30:50,2015,11,-63.2090995860796,179.229078979141,,MachineObservation,,
13440_131178:deployment:0769101,2015-11-26T01:30:49,2015,11,-48.5405504241808,176.833256537697,,MachineObservation,,
88723_Eden2009:deployment:0783636,2008-12-20T05:02:00,2008,12,-60.5178098100147,171.79307625659,,MachineObservation,,
88741_Eden2009:deployment:0789478,2008-12-30T15:13:00,2008,12,-62.9060447185425,160.26755988888,,MachineObservation,,
88741_Eden2009:deployment:0789290,2008-12-14T23:13:00,2008,12,-61.4254633570657,166.413520807474,,MachineObservation,,
urn:catalog:AADC:SOWS:SOWS-92582,2002-02-05 23:29:00Z,2002,2,-63.45,84.03,2,HumanObservation,,AADC
88738_Eden2009:deployment:0788543,2008-12-05T01:06:00,2008,12,-59.9155053899597,150.222354372773,,MachineObservation,,
88741_Eden2009:deployment:0789801,2009-01-26T13:13:00,2009,1,-64.2235189722167,160.788176830568,,MachineObservation,,
88728_Eden2009:deployment:0785428,2008-12-15T18:51:00,2008,12,-62.2282778452886,157.55884681497,,MachineObservation,,
885_2762,1785/1913,,8,-47.97619,168.16107,1,HumanObservation,Historical distribution of whales shown by logbook records 1785-1913,Wildlife Conservation Society
urn:catalog:AADC:WC:5928,1950-01-01 00:00:00+00,1950,1,-60.5,85.5,62,HumanObservation,,AADC
88723_Eden2009:deployment:0783822,2009-01-04T17:02:00,2009,1,-63.4047382429835,167.457508682595,,MachineObservation,,
13440_131190:deployment:0776505,2015-12-16T16:31:20,2015,12,-63.7775806576605,179.687109056103,,MachineObservation,,
88738_Eden2009:deployment:0788424,2008-11-25T03:06:00,2008,11,-51.805396870814,151.066708886964,,MachineObservation,,
64235_JIP2010:deployment:0781279,2010-11-10T05:10:00,2010,11,-47.1060974534104,149.22419908432,,MachineObservation,,
88741_Eden2009:deployment:0789832,2009-01-29T03:13:00,2009,1,-64.492956889209,161.554984203285,,MachineObservation,,
urn:catalog:AADC:WC:5839,1938-01-01 00:00:00+00,1938,1,-60.5,89.5,1,HumanObservation,,AADC
88728_Eden2009:deployment:0785927,2009-01-26T08:51:00,2009,1,-64.0160011662161,158.489280905936,,MachineObservation,,
13440_131178:deployment:0769368,2015-12-18T07:30:49,2015,12,-60.7102511976196,179.822074522838,,MachineObservation,,
urn:catalog:AADC:SOWS:SOWS-93467,1998-04-26 06:00:00Z,1998,4,-62.96,106.3522,1,HumanObservation,,AADC
88728_Eden2009:deployment:0785244,2008-11-30T10:51:00,2008,11,-55.2512296055194,156.651259819221,,MachineObservation,,
88738_Eden2009:deployment:0788408,2008-11-23T19:06:00,2008,11,-50.4141037735632,149.897560341741,,MachineObservation,,
88738_Eden2009:deployment:0788540,2008-12-04T19:06:00,2008,12,-59.9127954512624,150.4773744173,,MachineObservation,,
88728_Eden2009:deployment:0785438,2008-12-16T14:51:00,2008,12,-62.7453714950362,158.164376829696,,MachineObservation,,
88729_Eden2009:deployment:0786411,2008-12-02T02:40:00,2008,12,-57.6291280783401,124.306551921796,,MachineObservation,,
88729_Eden2009:deployment:0786479,2008-12-07T18:40:00,2008,12,-61.1341219555081,120.572647294496,,MachineObservation,,
88723_Eden2009:deployment:0783735,2008-12-28T11:02:00,2008,12,-63.1373907793354,169.507607274722,,MachineObservation,,
88741_Eden2009:deployment:0789190,2008-12-06T15:13:00,2008,12,-54.4556940047047,170.592829800818,,MachineObservation,,
urn:catalog:AADC:WC:5731,1936-01-01 00:00:00+00,1936,1,-64.5,85.5,2,HumanObservation,,AADC
88733_Eden2009:deployment:0787912,2008-11-20T15:00:00,2008,11,-52.3255056507383,166.585477951894,,MachineObservation,,
88732_Eden2009:deployment:0787410,2008-11-13T01:33:00,2008,11,-45.6324417705105,162.865331572758,,MachineObservation,,
88738_Eden2009:deployment:0788470,2008-11-28T23:06:00,2008,11,-56.7560273850542,153.550217204364,,MachineObservation,,
88728_Eden2009:deployment:0785483,2008-12-20T08:51:00,2008,12,-63.9390995057376,159.27401913088,,MachineObservation,,
88729_Eden2009:deployment:0787046,2009-01-24T00:40:00,2009,1,-63.5117973057628,103.453204403223,,MachineObservation,,
98129_JIP2010:deployment:0792132,2010-12-24T20:44:00,2010,12,-57.1178244620445,166.150898323506,,MachineObservation,,
88732_Eden2009:deployment:0787532,2008-11-23T05:33:00,2008,11,-46.7238826678503,165.131844159881,,MachineObservation,,
88718_Eden2009:deployment:0782551,2008-12-22T02:34:00,2008,12,-49.7570806285995,159.147841900505,,MachineObservation,,
64235_JIP2010:deployment:0781504,2010-11-28T23:10:00,2010,11,-61.0386817986808,157.861145352388,,MachineObservation,,
88718_Eden2009:deployment:0782683,2009-01-02T02:34:00,2009,1,-60.2919597356992,174.028409634959,,MachineObservation,,
urn:catalog:AADC:SOWS:SOWS-93225,2000-01-12 15:30:00Z,2000,1,-61.32,96.8,7,HumanObservation,,AADC
88723_Eden2009:deployment:0783489,2008-12-07T23:02:00,2008,12,-47.2539993088058,167.302049292218,,MachineObservation,,
88729_Eden2009:deployment:0786868,2009-01-09T04:40:00,2009,1,-64.279352696251,120.102278074911,,MachineObservation,,
88725_Eden2009:deployment:0784510,2008-12-12T14:04:00,2008,12,-61.327472195339,156.109682136918,,MachineObservation,,
88723_Eden2009:deployment:0783780,2009-01-01T05:02:00,2009,1,-63.0404341833189,168.674727724039,,MachineObservation,,
88728_Eden2009:deployment:0785972,2009-01-30T02:51:00,2009,1,-64.7762261098862,158.164860765726,,MachineObservation,,
13440_131190:deployment:0776306,2015-11-30T02:31:20,2015,11,-56.323524300598,178.300075661027,,MachineObservation,,
88741_Eden2009:deployment:0789084,2008-11-27T19:13:00,2008,11,-47.6874531756465,167.572754779913,,MachineObservation,,
13440_131178:deployment:0769322,2015-12-14T11:30:49,2015,12,-56.6610995689222,177.19614639864,,MachineObservation,,
88738_Eden2009:deployment:0788382,2008-11-21T15:06:00,2008,11,-48.2470770520784,148.752841621176,,MachineObservation,,
urn:catalog:AADC:WC:5947,1951-01-01 00:00:00+00,1951,1,-62.5,81.5,1,HumanObservation,,AADC
88728_Eden2009:deployment:0785534,2008-12-24T14:51:00,2008,12,-63.6596970304661,156.395704080947,,MachineObservation,,
88729_Eden2009:deployment:0787067,2009-01-25T18:40:00,2009,1,-62.8089730933046,103.348848438612,,MachineObservation,,
88723_Eden2009:deployment:0783492,2008-12-08T05:02:00,2008,12,-47.484126551839,167.53730249319,,MachineObservation,,
13440_131190:deployment:0776338,2015-12-02T18:31:20,2015,12,-58.3272395866647,178.897891842974,,MachineObservation,,
88725_Eden2009:deployment:0784388,2008-12-02T10:04:00,2008,12,-50.2050413203518,153.254210627069,,MachineObservation,,
88729_Eden2009:deployment:0786773,2009-01-01T06:40:00,2009,1,-64.5816256112806,119.793244748995,,MachineObservation,,
13440_131178:deployment:0769038,2015-11-20T19:30:49,2015,11,-45.9997174914522,177.633093215977,,MachineObservation,,
64235_JIP2010:deployment:0781386,2010-11-19T03:10:00,2010,11,-55.8259384954323,155.662493045893,,MachineObservation,,
88728_Eden2009:deployment:0785155,2008-11-23T00:51:00,2008,11,-50.8858110855432,154.274137493853,,MachineObservation,,
13440_131178:deployment:0769090,2015-11-25T03:30:49,2015,11,-48.2836006441426,177.153717277001,,MachineObservation,,
88729_Eden2009:deployment:0786648,2008-12-21T20:40:00,2008,12,-63.429491450267,119.856466267769,,MachineObservation,,
88723_Eden2009:deployment:0783715,2008-12-26T19:02:00,2008,12,-63.219978854042,169.670515357375,,MachineObservation,,
urn:catalog:AADC:SOWS:SOWS-93644,1996-02-03 04:59:28Z,1996,2,-62.99527,83.51996,2,HumanObservation,,AADC
urn:catalog:AADC:WC:5672,1935-01-01 00:00:00+00,1935,1,-61.5,97.5,1,HumanObservation,,AADC
88728_Eden2009:deployment:0785627,2009-01-01T08:51:00,2009,1,-62.244753849714,155.621664931308,,MachineObservation,,
88728_Eden2009:deployment:0785595,2008-12-29T16:51:00,2008,12,-61.8662412912972,155.50133619471,,MachineObservation,,
88738_Eden2009:deployment:0788511,2008-12-02T09:06:00,2008,12,-59.8149967773447,151.141407247459,,MachineObservation,,
98129_JIP2010:deployment:0792010,2010-12-14T16:44:00,2010,12,-52.1722288604113,158.863139642552,,MachineObservation,,
98129_JIP2010:deployment:0792184,2010-12-29T04:44:00,2010,12,-58.6938999757197,170.220351764218,,MachineObservation,,
88733_Eden2009:deployment:0787888,2008-11-18T15:00:00,2008,11,-50.9080267758622,164.738717649454,,MachineObservation,,
88723_Eden2009:deployment:0783525,2008-12-10T23:02:00,2008,12,-50.7009782160027,169.492288051585,,MachineObservation,,
88729_Eden2009:deployment:0786368,2008-11-28T12:40:00,2008,11,-55.2012058611605,128.957148515678,,MachineObservation,,
88738_Eden2009:deployment:0788631,2008-12-12T09:06:00,2008,12,-63.5984052604138,150.687289419777,,MachineObservation,,
98129_JIP2010:deployment:0792244,2011-01-03T04:44:00,2011,1,-62.4564754818431,169.717004333717,,MachineObservation,,
218748,2008-01-07T09:42:47,2008,1,-63.33,112.51,1,HumanObservation,Happywhale - Humpback whale in Southern Ocean,Happywhale.com
88729_Eden2009:deployment:0786558,2008-12-14T08:40:00,2008,12,-62.9953719936406,119.412586155636,,MachineObservation,,
98114_JIP2010:deployment:0791131,2010-11-26T02:15:00,2010,11,-60.5184321083424,158.975028706285,,MachineObservation,,
88729_Eden2009:deployment:0787143,2009-02-01T02:40:00,2009,2,-61.7140248961288,101.625325837035,,MachineObservation,,
98114_JIP2010:deployment:0791283,2010-12-08T18:15:00,2010,12,-62.0988063802224,157.721621032133,,MachineObservation,,
88728_Eden2009:deployment:0785663,2009-01-04T08:51:00,2009,1,-62.0534255427451,155.527573531601,,MachineObservation,,
88732_Eden2009:deployment:0787498,2008-11-20T09:33:00,2008,11,-45.8274160920766,164.458762165511,,MachineObservation,,
88738_Eden2009:deployment:0788680,2008-12-16T11:06:00,2008,12,-63.8438191332388,149.415882958157,,MachineObservation,,
88733_Eden2009:deployment:0787831,2008-11-13T21:00:00,2008,11,-48.2616215437171,159.211827202891,,MachineObservation,,
280873,2021-11-23T17:44:46,2021,11,-45.46,166.71,1,HumanObservation,Happywhale - Humpback whale in South Pacific Ocean,Happywhale.com
88733_Eden2009:deployment:0787887,2008-11-18T13:00:00,2008,11,-50.8958346946599,164.728061642568,,MachineObservation,,
88732_Eden2009:deployment:0787519,2008-11-22T03:33:00,2008,11,-46.399973857666,164.848136682568,,MachineObservation,,
98114_JIP2010:deployment:0791051,2010-11-19T10:15:00,2010,11,-54.1223251139902,159.370420254879,,MachineObservation,,
13440_131190:deployment:0776441,2015-12-11T08:31:20,2015,12,-63.4677992999585,175.46850916835,,MachineObservation,,
urn:catalog:AADC:WOV:WOV-148768,1991-02-17 03:00:00+00,1991,2,-61.3833,102.0167,3,HumanObservation,,AADC
88718_Eden2009:deployment:0782519,2008-12-19T10:34:00,2008,12,-47.7155582969301,155.329371824866,,MachineObservation,,
88718_Eden2009:deployment:0782619,2008-12-27T18:34:00,2008,12,-55.397440267184,165.748842885485,,MachineObservation,,
88728_Eden2009:deployment:0785141,2008-11-21T20:51:00,2008,11,-50.1309986885563,153.300693667321,,MachineObservation,,
88728_Eden2009:deployment:0785140,2008-11-21T18:51:00,2008,11,-50.0799435098738,153.230250174254,,MachineObservation,,
88741_Eden2009:deployment:0789241,2008-12-10T21:13:00,2008,12,-57.4094398739737,169.204214009053,,MachineObservation,,
13440_88727:deployment:0777121,2015-11-29T08:30:50,2015,11,-63.0953605687542,179.130575898685,,MachineObservation,,
13440_131190:deployment:0776376,2015-12-05T22:31:20,2015,12,-60.8479151087409,177.88748280782,,MachineObservation,,
98129_JIP2010:deployment:0792183,2010-12-29T02:44:00,2010,12,-58.6514710753114,170.174126327099,,MachineObservation,,
88733_Eden2009:deployment:0787970,2008-11-25T11:00:00,2008,11,-56.3784235828101,171.966878277117,,MachineObservation,,
urn:catalog:AADC:SOWS:SOWS-92825,2001-01-30 00:00:00Z,2001,1,-63.514,100.306,2,HumanObservation,,AADC
88741_Eden2009:deployment:0789107,2008-11-29T17:13:00,2008,11,-49.0581381649723,168.923626820641,,MachineObservation,,
98129_JIP2010:deployment:0792283,2011-01-06T10:44:00,2011,1,-64.2609321304983,170.340569756486,,MachineObservation,,
88741_Eden2009:deployment:0789282,2008-12-14T07:13:00,2008,12,-60.913210917725,166.778946504665,,MachineObservation,,
88723_Eden2009:deployment:0783909,2009-01-11T23:02:00,2009,1,-64.0391432600909,168.563779766392,,MachineObservation,,
98114_JIP2010:deployment:0791133,2010-11-26T06:15:00,2010,11,-60.5092191984463,159.047147595658,,MachineObservation,,
88723_Eden2009:deployment:0783873,2009-01-08T23:02:00,2009,1,-63.468160922353,168.423392582392,,MachineObservation,,
88728_Eden2009:deployment:0785377,2008-12-11T12:51:00,2008,12,-62.0004324744162,156.793181104478,,MachineObservation,,
88725_Eden2009:deployment:0784611,2008-12-21T00:04:00,2008,12,-62.8451960541931,158.029497973417,,MachineObservation,,
88729_Eden2009:deployment:0786358,2008-11-27T16:40:00,2008,11,-54.4350503744109,129.58135588064,,MachineObservation,,
88729_Eden2009:deployment:0786685,2008-12-24T22:40:00,2008,12,-63.3746998693654,119.631353695129,,MachineObservation,,
urn:catalog:AADC:WC:5742,1937-01-01 00:00:00+00,1937,1,-60.5,86.5,39,HumanObservation,,AADC
88728_Eden2009:deployment:0785475,2008-12-19T16:51:00,2008,12,-63.830793590141,159.418950699027,,MachineObservation,,
98114_JIP2010:deployment:0790978,2010-11-13T08:15:00,2010,11,-46.8851531038899,160.297516113981,,MachineObservation,,
88723_Eden2009:deployment:0783893,2009-01-10T15:02:00,2009,1,-63.8538150145529,168.56379618133,,MachineObservation,,
98129_JIP2010:deployment:0792238,2011-01-02T16:44:00,2011,1,-62.3519646711069,169.615329205775,,MachineObservation,,
88738_Eden2009:deployment:0788719,2008-12-19T17:06:00,2008,12,-64.0890814650692,148.983408610081,,MachineObservation,,
urn:catalog:AADC:SOWS:SOWS-92723,2001-01-10 00:00:00Z,2001,1,-61.021,92.873,4,HumanObservation,,AADC
88741_Eden2009:deployment:0789197,2008-12-07T05:13:00,2008,12,-55.1596500690245,171.01849169428,,MachineObservation,,
88725_Eden2009:deployment:0784417,2008-12-04T20:04:00,2008,12,-52.5851976633144,154.513823094589,,MachineObservation,,
88723_Eden2009:deployment:0783749,2008-12-29T15:02:00,2008,12,-63.1924130543118,169.777988538056,,MachineObservation,,
64235_JIP2010:deployment:0781394,2010-11-19T19:10:00,2010,11,-56.8620593492811,156.540031376501,,MachineObservation,,
64235_JIP2010:deployment:0781391,2010-11-19T13:10:00,2010,11,-56.4278202257292,156.161222010688,,MachineObservation,,
98129_JIP2010:deployment:0792154,2010-12-26T16:44:00,2010,12,-57.8578693578294,168.412875471452,,MachineObservation,,
88741_Eden2009:deployment:0790347,2009-03-13T01:13:00,2009,3,-64.1966580135526,164.814000284967,,MachineObservation,,
88728_Eden2009:deployment:0785711,2009-01-08T08:51:00,2009,1,-62.440789685232,154.37133656952,,MachineObservation,,
98114_JIP2010:deployment:0790987,2010-11-14T02:15:00,2010,11,-47.6441730071998,160.350859182337,,MachineObservation,,
urn:catalog:AADC:WC:5976,1959-01-01 00:00:00+00,1959,1,-60.5,89.5,45,HumanObservation,,AADC
88728_Eden2009:deployment:0785210,2008-11-27T14:51:00,2008,11,-53.5396326313276,156.720816129105,,MachineObservation,,
98129_JIP2010:deployment:0791915,2010-12-06T18:44:00,2010,12,-47.8612447382656,151.373602677652,,MachineObservation,,
88723_Eden2009:deployment:0783839,2009-01-06T03:02:00,2009,1,-63.1718595615951,167.802441466165,,MachineObservation,,
88729_Eden2009:deployment:0786615,2008-12-19T02:40:00,2008,12,-63.6991277885299,119.491899777702,,MachineObservation,,
88728_Eden2009:deployment:0785099,2008-11-18T08:51:00,2008,11,-47.1905518908982,152.02501581978,,MachineObservation,,
88741_Eden2009:deployment:0789126,2008-12-01T07:13:00,2008,12,-49.9438274685759,169.825340689524,,MachineObservation,,
13440_131178:deployment:0769087,2015-11-24T21:30:49,2015,11,-48.1574736895983,177.098579948322,,MachineObservation,,
64235_JIP2010:deployment:0781464,2010-11-25T15:10:00,2010,11,-60.5949488897053,157.843604756954,,MachineObservation,,
88728_Eden2009:deployment:0785417,2008-12-14T20:51:00,2008,12,-61.9234999781575,157.229003696256,,MachineObservation,,
urn:catalog:AADC:WC:5627,1935-01-01 00:00:00+00,1935,1,-58.5,95.5,1,HumanObservation,,AADC
urn:catalog:AADC:WC:5801,1938-01-01 00:00:00+00,1938,1,-57.5,87.5,1,HumanObservation,,AADC
88732_Eden2009:deployment:0787513,2008-11-21T15:33:00,2008,11,-46.0842778904915,164.662208312244,,MachineObservation,,
13440_131190:deployment:0776488,2015-12-15T06:31:20,2015,12,-63.6242900614614,178.909231095412,,MachineObservation,,
88718_Eden2009:deployment:0782596,2008-12-25T20:34:00,2008,12,-53.1434508774556,162.873669909918,,MachineObservation,,
88725_Eden2009:deployment:0784476,2008-12-09T18:04:00,2008,12,-58.5413203201581,157.948151270001,,MachineObservation,,
88729_Eden2009:deployment:0787094,2009-01-28T00:40:00,2009,1,-62.504761519609,103.097806092489,,MachineObservation,,
13440_131178:deployment:0769128,2015-11-28T07:30:49,2015,11,-49.2567734390209,177.038268264895,,MachineObservation,,
88725_Eden2009:deployment:0784657,2008-12-24T20:04:00,2008,12,-62.5936864062537,157.37706385153,,MachineObservation,,
88728_Eden2009:deployment:0785924,2009-01-26T02:51:00,2009,1,-64.042081518901,158.578587853622,,MachineObservation,,
88725_Eden2009:deployment:0784759,2009-01-02T08:04:00,2009,1,-61.8973593603614,152.32737853634,,MachineObservation,,
88723_Eden2009:deployment:0783694,2008-12-25T01:02:00,2008,12,-63.0297059177664,170.699281750972,,MachineObservation,,
88733_Eden2009:deployment:0787950,2008-11-23T19:00:00,2008,11,-55.3664646122015,170.416137624539,,MachineObservation,,
88729_Eden2009:deployment:0787003,2009-01-20T10:40:00,2009,1,-63.1892100820356,106.172326803505,,MachineObservation,,
urn:catalog:AADC:WC:5571,1933-01-01 00:00:00+00,1933,1,-60.5,85.5,1,HumanObservation,,AADC
88729_Eden2009:deployment:0786627,2008-12-20T02:40:00,2008,12,-63.3892396675275,119.338489970924,,MachineObservation,,
88732_Eden2009:deployment:0787399,2008-11-12T03:33:00,2008,11,-45.4056261674424,161.876291209364,,MachineObservation,,
urn:catalog:AADC:WC:5688,1935-01-01 00:00:00+00,1935,1,-63.5,87.5,3,HumanObservation,,AADC
88729_Eden2009:deployment:0787039,2009-01-23T10:40:00,2009,1,-63.4038112368589,103.81534575082,,MachineObservation,,
98129_JIP2010:deployment:0792262,2011-01-04T16:44:00,2011,1,-63.2826534091728,170.014189823325,,MachineObservation,,
88728_Eden2009:deployment:0785251,2008-12-01T00:51:00,2008,12,-55.7494300568663,156.426157345729,,MachineObservation,,
88725_Eden2009:deployment:0784844,2009-01-09T10:04:00,2009,1,-62.3480575905601,150.767424388049,,MachineObservation,,
88733_Eden2009:deployment:0787862,2008-11-16T11:00:00,2008,11,-49.5883332114497,162.632835129347,,MachineObservation,,
88738_Eden2009:deployment:0788627,2008-12-12T01:06:00,2008,12,-63.5812626184442,151.043270192023,,MachineObservation,,
88738_Eden2009:deployment:0788578,2008-12-07T23:06:00,2008,12,-62.5783465540551,150.330479540488,,MachineObservation,,
88723_Eden2009:deployment:0783556,2008-12-13T13:02:00,2008,12,-52.911259282148,171.516074671964,,MachineObservation,,
88728_Eden2009:deployment:0785720,2009-01-09T02:51:00,2009,1,-62.597020286538,154.005101739995,,MachineObservation,,
13440_131178:deployment:0769320,2015-12-14T07:30:49,2015,12,-56.4873087431718,177.181448425493,,MachineObservation,,
88741_Eden2009:deployment:0789681,2009-01-16T13:13:00,2009,1,-62.7525652300517,156.060680994033,,MachineObservation,,
88733_Eden2009:deployment:0788050,2008-12-02T03:00:00,2008,12,-61.8726872633847,174.853460859353,,MachineObservation,,
88728_Eden2009:deployment:0785359,2008-12-10T00:51:00,2008,12,-61.9726907400125,156.928276362616,,MachineObservation,,
88729_Eden2009:deployment:0786360,2008-11-27T20:40:00,2008,11,-54.557340467373,129.494854002807,,MachineObservation,,
88718_Eden2009:deployment:0782592,2008-12-25T12:34:00,2008,12,-52.8822434952407,162.786623789636,,MachineObservation,,
88725_Eden2009:deployment:0784673,2008-12-26T04:04:00,2008,12,-62.7390765739067,158.194408235492,,MachineObservation,,
88725_Eden2009:deployment:0784788,2009-01-04T18:04:00,2009,1,-61.8318974384124,151.783770470285,,MachineObservation,,
64235_JIP2010:deployment:0781408,2010-11-20T23:10:00,2010,11,-58.5283167169541,157.578024408611,,MachineObservation,,
88729_Eden2009:deployment:0786304,2008-11-23T04:40:00,2008,11,-50.8748972361495,132.9165746521,,MachineObservation,,
88725_Eden2009:deployment:0784621,2008-12-21T20:04:00,2008,12,-62.7906703984062,157.643913728368,,MachineObservation,,
88729_Eden2009:deployment:0786486,2008-12-08T08:40:00,2008,12,-61.4613406128824,119.582613574557,,MachineObservation,,
88728_Eden2009:deployment:0785647,2009-01-03T00:51:00,2009,1,-62.3273508469726,155.740660114899,,MachineObservation,,
88729_Eden2009:deployment:0787004,2009-01-20T12:40:00,2009,1,-63.2064819315381,106.137729207506,,MachineObservation,,
64235_JIP2010:deployment:0781400,2010-11-20T07:10:00,2010,11,-57.6496688605952,157.072245715971,,MachineObservation,,
64235_JIP2010:deployment:0781280,2010-11-10T07:10:00,2010,11,-47.1923712169905,149.282612455617,,MachineObservation,,
88729_Eden2009:deployment:0786987,2009-01-19T02:40:00,2009,1,-63.3194397223143,107.558038309041,,MachineObservation,,
88741_Eden2009:deployment:0789629,2009-01-12T05:13:00,2009,1,-62.6721260137313,156.156072731429,,MachineObservation,,
urn:catalog:AADC:WC:5642,1935-01-01 00:00:00+00,1935,1,-59.5,95.5,41,HumanObservation,,AADC
88728_Eden2009:deployment:0785299,2008-12-05T00:51:00,2008,12,-58.68462540479,156.726863968019,,MachineObservation,,
88733_Eden2009:deployment:0787802,2008-11-11T11:00:00,2008,11,-47.3393184237679,156.953996218325,,MachineObservation,,
88738_Eden2009:deployment:0788444,2008-11-26T19:06:00,2008,11,-53.6279827310273,152.803994814095,,MachineObservation,,
88733_Eden2009:deployment:0787985,2008-11-26T17:00:00,2008,11,-57.0881544479712,171.373839889588,,MachineObservation,,
88741_Eden2009:deployment:0789717,2009-01-19T13:13:00,2009,1,-63.3659022814278,155.320861204853,,MachineObservation,,
88728_Eden2009:deployment:0785562,2008-12-26T22:51:00,2008,12,-62.1292901665533,156.223842931818,,MachineObservation,,
88725_Eden2009:deployment:0784647,2008-12-24T00:04:00,2008,12,-62.9754945595505,157.265967924422,,MachineObservation,,
urn:catalog:AADC:WC:5726,1936-01-01 00:00:00+00,1936,1,-63.5,81.5,1,HumanObservation,,AADC
98129_JIP2010:deployment:0792178,2010-12-28T16:44:00,2010,12,-58.4273307398106,170.084050406477,,MachineObservation,,
88725_Eden2009:deployment:0784532,2008-12-14T10:04:00,2008,12,-62.0315375521787,155.828834399821,,MachineObservation,,
88741_Eden2009:deployment:0790372,2009-03-15T03:13:00,2009,3,-64.4833678766195,165.279199505004,,MachineObservation,,
urn:catalog:AADC:WC:5604,1934-01-01 00:00:00+00,1934,1,-61.5,99.5,1,HumanObservation,,AADC
98114_JIP2010:deployment:0791028,2010-11-17T12:15:00,2010,11,-52.224027429667,159.39829558371,,MachineObservation,,
88725_Eden2009:deployment:0784692,2008-12-27T18:04:00,2008,12,-63.0257892355311,156.255298144992,,MachineObservation,,
98129_JIP2010:deployment:0792089,2010-12-21T06:44:00,2010,12,-54.5742050006927,163.445457030325,,MachineObservation,,
88741_Eden2009:deployment:0789598,2009-01-09T15:13:00,2009,1,-62.3632845765693,157.75143962037,,MachineObservation,,
88741_Eden2009:deployment:0789279,2008-12-14T01:13:00,2008,12,-60.6406813233936,167.03657412208,,MachineObservation,,
88738_Eden2009:deployment:0788713,2008-12-19T05:06:00,2008,12,-64.1241120937479,148.934088652618,,MachineObservation,,
88741_Eden2009:deployment:0789438,2008-12-27T07:13:00,2008,12,-63.7312798445899,162.415352695931,,MachineObservation,,
urn:catalog:AADC:SOWS:SOWS-100669,1999-01-07 00:00:00Z,1999,1,-64.38,89.11,2,HumanObservation,,AADC
88718_Eden2009:deployment:0782725,2009-01-05T14:34:00,2009,1,-63.4299366389561,177.202766979526,,MachineObservation,,
urn:catalog:AADC:SOWS:SOWS-92579,2002-02-05 07:43:00Z,2002,2,-62.69,91.06,1,HumanObservation,,AADC
88718_Eden2009:deployment:0782511,2008-12-18T18:34:00,2008,12,-47.1450525324873,154.658654123976,,MachineObservation,,
88728_Eden2009:deployment:0785915,2009-01-25T08:51:00,2009,1,-64.4069562712069,159.003857412421,,MachineObservation,,
88741_Eden2009:deployment:0789815,2009-01-27T17:13:00,2009,1,-64.2079626106964,160.842596189451,,MachineObservation,,
88723_Eden2009:deployment:0783753,2008-12-29T23:02:00,2008,12,-63.2311111782511,169.866479875089,,MachineObservation,,
88728_Eden2009:deployment:0785498,2008-12-21T14:51:00,2008,12,-64.0601059722011,158.056382161683,,MachineObservation,,
urn:catalog:AADC:WC:5666,1935-01-01 00:00:00+00,1935,1,-61.5,83.5,35,HumanObservation,,AADC
88729_Eden2009:deployment:0786506,2008-12-10T00:40:00,2008,12,-62.4148204003128,118.76053895241,,MachineObservation,,
98114_JIP2010:deployment:0791075,2010-11-21T10:15:00,2010,11,-56.6640429332335,159.844785421855,,MachineObservation,,
88741_Eden2009:deployment:0789797,2009-01-26T05:13:00,2009,1,-64.2187700357609,160.776418601516,,MachineObservation,,
88718_Eden2009:deployment:0782770,2009-01-09T08:34:00,2009,1,-64.9997816830234,179.603803892196,,MachineObservation,,
88733_Eden2009:deployment:0788073,2008-12-04T01:00:00,2008,12,-63.5608775052716,176.212960121839,,MachineObservation,,
88728_Eden2009:deployment:0785961,2009-01-29T04:51:00,2009,1,-64.644932955623,158.206882301637,,MachineObservation,,
88741_Eden2009:deployment:0789435,2008-12-27T01:13:00,2008,12,-63.6068635858485,162.635123814763,,MachineObservation,,
88725_Eden2009:deployment:0784419,2008-12-05T00:04:00,2008,12,-52.7149871583028,154.551665524131,,MachineObservation,,
13440_131178:deployment:0769256,2015-12-08T23:30:49,2015,12,-52.2863125156538,177.343283126671,,MachineObservation,,
88741_Eden2009:deployment:0789074,2008-11-26T23:13:00,2008,11,-46.8738386588578,166.999502081546,,MachineObservation,,
88723_Eden2009:deployment:0783666,2008-12-22T17:02:00,2008,12,-62.9754344344931,170.614927223051,,MachineObservation,,
88725_Eden2009:deployment:0784365,2008-11-30T12:04:00,2008,11,-47.3555566995453,151.597230931377,,MachineObservation,,
88725_Eden2009:deployment:0784524,2008-12-13T18:04:00,2008,12,-61.7986254910353,155.727421535825,,MachineObservation,,
98114_JIP2010:deployment:0790994,2010-11-14T16:15:00,2010,11,-48.3485957524807,160.368117437569,,MachineObservation,,
88732_Eden2009:deployment:0787554,2008-11-25T01:33:00,2008,11,-48.4901991039255,164.657755980533,,MachineObservation,,
88728_Eden2009:deployment:0785318,2008-12-06T14:51:00,2008,12,-60.2278843083747,155.88781496029,,MachineObservation,,
88741_Eden2009:deployment:0789536,2009-01-04T11:13:00,2009,1,-62.3529811792352,157.89036081046,,MachineObservation,,
64235_JIP2010:deployment:0781471,2010-11-26T05:10:00,2010,11,-60.6145582512686,157.961291636124,,MachineObservation,,
64235_JIP2010:deployment:0781472,2010-11-26T07:10:00,2010,11,-60.6536066877082,157.96892966799,,MachineObservation,,
88733_Eden2009:deployment:0787906,2008-11-20T03:00:00,2008,11,-51.8920756538629,166.011419180311,,MachineObservation,,
88718_Eden2009:deployment:0782564,2008-12-23T04:34:00,2008,12,-51.2391938896967,160.496763185548,,MachineObservation,,
88729_Eden2009:deployment:0786675,2008-12-24T02:40:00,2008,12,-63.3275358061679,120.053398304372,,MachineObservation,,
88728_Eden2009:deployment:0785701,2009-01-07T12:51:00,2009,1,-62.4430873266238,154.417082617542,,MachineObservation,,
88733_Eden2009:deployment:0787990,2008-11-27T03:00:00,2008,11,-57.5526063445684,171.985468776774,,MachineObservation,,
88741_Eden2009:deployment:0789823,2009-01-28T09:13:00,2009,1,-64.3125130039931,161.313974198966,,MachineObservation,,
88738_Eden2009:deployment:0788529,2008-12-03T21:06:00,2008,12,-60.03564041356,150.88227889313,,MachineObservation,,
98129_JIP2010:deployment:0792200,2010-12-30T12:44:00,2010,12,-60.3655210124064,169.628291298973,,MachineObservation,,
urn:catalog:AADC:WC:5958,1954-01-01 00:00:00+00,1954,1,-61.5,91.5,178,HumanObservation,,AADC
88723_Eden2009:deployment:0783662,2008-12-22T09:02:00,2008,12,-62.8980455704388,170.530446922677,,MachineObservation,,
13440_131178:deployment:0769209,2015-12-05T01:30:49,2015,12,-50.3825432207283,177.845568368727,,MachineObservation,,
88729_Eden2009:deployment:0786383,2008-11-29T18:40:00,2008,11,-56.0407708407998,127.370774516265,,MachineObservation,,
88741_Eden2009:deployment:0789471,2008-12-30T01:13:00,2008,12,-62.9977400144875,160.444286278839,,MachineObservation,,
88741_Eden2009:deployment:0789413,2008-12-25T05:13:00,2008,12,-63.1283584959488,162.893951104909,,MachineObservation,,
88729_Eden2009:deployment:0786241,2008-11-17T22:40:00,2008,11,-47.3214409040243,137.106663837606,,MachineObservation,,
88728_Eden2009:deployment:0785303,2008-12-05T08:51:00,2008,12,-58.9752968397017,156.559230748207,,MachineObservation,,
88741_Eden2009:deployment:0789624,2009-01-11T19:13:00,2009,1,-62.8091145882578,156.607239613092,,MachineObservation,,
88733_Eden2009:deployment:0787800,2008-11-11T07:00:00,2008,11,-47.2783939353846,156.752946049524,,MachineObservation,,
88733_Eden2009:deployment:0788055,2008-12-02T13:00:00,2008,12,-62.2324242237253,175.069005361225,,MachineObservation,,
88723_Eden2009:deployment:0783815,2009-01-04T03:02:00,2009,1,-63.4213356586801,167.584285449542,,MachineObservation,,
88729_Eden2009:deployment:0786934,2009-01-14T16:40:00,2009,1,-64.0014202518601,115.036860724541,,MachineObservation,,
urn:catalog:AADC:WC:5989,1961-01-01 00:00:00+00,1961,1,-58.5,98.5,4,HumanObservation,,AADC
88725_Eden2009:deployment:0784494,2008-12-11T06:04:00,2008,12,-60.1759219424763,156.742088200548,,MachineObservation,,
88729_Eden2009:deployment:0786295,2008-11-22T10:40:00,2008,11,-50.2900542381116,133.570708750647,,MachineObservation,,
13440_131190:deployment:0776313,2015-11-30T16:31:20,2015,11,-56.6647442568898,178.406374637779,,MachineObservation,,
88725_Eden2009:deployment:0784604,2008-12-20T10:04:00,2008,12,-62.8898875124495,157.654731775233,,MachineObservation,,
88741_Eden2009:deployment:0789724,2009-01-20T03:13:00,2009,1,-63.7123125708181,155.350494089036,,MachineObservation,,
98129_JIP2010:deployment:0791923,2010-12-07T10:44:00,2010,12,-48.1749108225429,151.926361929383,,MachineObservation,,
98129_JIP2010:deployment:0791830,2010-11-29T16:44:00,2010,11,-45.1580056189664,147.580740146403,,MachineObservation,,
88733_Eden2009:deployment:0787995,2008-11-27T13:00:00,2008,11,-57.9376813014747,172.57932574877,,MachineObservation,,
13440_131190:deployment:0776220,2015-11-22T22:31:20,2015,11,-50.6790386722234,177.81377369854,,MachineObservation,,
98129_JIP2010:deployment:0791847,2010-12-01T02:44:00,2010,12,-45.9189255661682,147.886207411861,,MachineObservation,,
88729_Eden2009:deployment:0786834,2009-01-06T08:40:00,2009,1,-64.6239794731541,120.736217994192,,MachineObservation,,
88741_Eden2009:deployment:0789528,2009-01-03T19:13:00,2009,1,-62.4931837766796,158.361125944334,,MachineObservation,,
13440_131190:deployment:0776187,2015-11-20T04:31:20,2015,11,-49.3629450290275,179.322431689163,,MachineObservation,,
88741_Eden2009:deployment:0789342,2008-12-19T07:13:00,2008,12,-61.8784553533106,164.10091107775,,MachineObservation,,
64235_JIP2010:deployment:0781441,2010-11-23T17:10:00,2010,11,-60.2439611594193,157.500700087502,,MachineObservation,,
urn:catalog:AADC:WC:5814,1938-01-01 00:00:00+00,1938,1,-58.5,99.5,1,HumanObservation,,AADC
98114_JIP2010:deployment:0791036,2010-11-18T04:15:00,2010,11,-53.0508292233253,159.236023747422,,MachineObservation,,
88725_Eden2009:deployment:0784445,2008-12-07T04:04:00,2008,12,-55.017692567452,155.491711331561,,MachineObservation,,
98114_JIP2010:deployment:0791145,2010-11-27T06:15:00,2010,11,-60.7527372029819,158.434374897712,,MachineObservation,,
88738_Eden2009:deployment:0788552,2008-12-05T19:06:00,2008,12,-60.0331297281349,150.039249523485,,MachineObservation,,
98114_JIP2010:deployment:0791115,2010-11-24T18:15:00,2010,11,-60.4800781181714,158.54701869553,,MachineObservation,,
88728_Eden2009:deployment:0785834,2009-01-18T14:51:00,2009,1,-64.4930735275021,163.359637174211,,MachineObservation,,
13440_131178:deployment:0769271,2015-12-10T05:30:49,2015,12,-53.3754833528509,178.029220639971,,MachineObservation,,
88741_Eden2009:deployment:0789449,2008-12-28T05:13:00,2008,12,-63.972700095181,161.250055961564,,MachineObservation,,
88728_Eden2009:deployment:0785473,2008-12-19T12:51:00,2008,12,-63.8280662588256,159.285981499517,,MachineObservation,,
88728_Eden2009:deployment:0785819,2009-01-17T08:51:00,2009,1,-63.8803155352678,161.034261457049,,MachineObservation,,
88733_Eden2009:deployment:0787812,2008-11-12T07:00:00,2008,11,-47.7630351951538,158.081667296332,,MachineObservation,,
88725_Eden2009:deployment:0784838,2009-01-08T22:04:00,2009,1,-62.2537137853929,150.715350117094,,MachineObservation,,
88725_Eden2009:deployment:0784420,2008-12-05T02:04:00,2008,12,-52.7747593557345,154.569693740222,,MachineObservation,,
98129_JIP2010:deployment:0791965,2010-12-10T22:44:00,2010,12,-49.6374395540501,155.651326924682,,MachineObservation,,
88732_Eden2009:deployment:0787574,2008-11-26T17:33:00,2008,11,-50.1007293618209,163.706532607201,,MachineObservation,,
88729_Eden2009:deployment:0786520,2008-12-11T04:40:00,2008,12,-62.4923183870897,118.90462397759,,MachineObservation,,
urn:catalog:AADC:SOWS:SOWS-93647,1996-02-03 23:22:50Z,1996,2,-63.66622,85.4996,2,HumanObservation,,AADC
88723_Eden2009:deployment:0783663,2008-12-22T11:02:00,2008,12,-62.9145297039894,170.540911060339,,MachineObservation,,
98129_JIP2010:deployment:0791941,2010-12-08T22:44:00,2010,12,-48.8927184391955,153.701543078705,,MachineObservation,,
88723_Eden2009:deployment:0783840,2009-01-06T05:02:00,2009,1,-63.1602462929787,167.827287657872,,MachineObservation,,
urn:catalog:AADC:SOWS:SOWS-93801,1996-02-15 09:16:40Z,1996,2,-63.33582,104.43,1,HumanObservation,,AADC
88741_Eden2009:deployment:0789409,2008-12-24T21:13:00,2008,12,-63.0296537341088,163.007199901964,,MachineObservation,,
88733_Eden2009:deployment:0788009,2008-11-28T17:00:00,2008,11,-59.1992773364583,173.146228485969,,MachineObservation,,
98114_JIP2010:deployment:0791274,2010-12-08T00:15:00,2010,12,-61.9604847311549,157.810591181099,,MachineObservation,,
88725_Eden2009:deployment:0784567,2008-12-17T08:04:00,2008,12,-62.4242026946031,157.115678666102,,MachineObservation,,
88732_Eden2009:deployment:0787482,2008-11-19T01:33:00,2008,11,-45.8974848668037,164.119033955449,,MachineObservation,,
88738_Eden2009:deployment:0788694,2008-12-17T15:06:00,2008,12,-63.9786187157775,149.164576443194,,MachineObservation,,
88729_Eden2009:deployment:0786292,2008-11-22T04:40:00,2008,11,-50.2434649831415,133.732898600304,,MachineObservation,,
98114_JIP2010:deployment:0791110,2010-11-24T08:15:00,2010,11,-60.4629216026778,158.562526525614,,MachineObservation,,
88728_Eden2009:deployment:0785488,2008-12-20T18:51:00,2008,12,-64.0208986951357,158.605794071008,,MachineObservation,,
88729_Eden2009:deployment:0787161,2009-02-02T14:40:00,2009,2,-61.1728694483522,101.526517211598,,MachineObservation,,
88738_Eden2009:deployment:0788754,2008-12-22T15:06:00,2008,12,-64.3429868675284,148.470445332209,,MachineObservation,,
13440_131190:deployment:0776362,2015-12-04T18:31:20,2015,12,-60.0637402354405,178.51647675216,,MachineObservation,,
88729_Eden2009:deployment:0786917,2009-01-13T06:40:00,2009,1,-64.2898234028587,116.587066380142,,MachineObservation,,
98114_JIP2010:deployment:0791048,2010-11-19T04:15:00,2010,11,-53.7523075049095,159.476832561851,,MachineObservation,,
88723_Eden2009:deployment:0783807,2009-01-03T11:02:00,2009,1,-63.4122938682743,168.221557200588,,MachineObservation,,
88732_Eden2009:deployment:0787573,2008-11-26T15:33:00,2008,11,-50.0297354281996,163.748282595983,,MachineObservation,,
88733_Eden2009:deployment:0788003,2008-11-28T05:00:00,2008,11,-58.7942524180919,172.774166746174,,MachineObservation,,
urn:catalog:AADC:WC:5934,1950-01-01 00:00:00+00,1950,1,-61.5,90.5,19,HumanObservation,,AADC
urn:catalog:AADC:WC:5721,1936-01-01 00:00:00+00,1936,1,-62.5,90.5,1,HumanObservation,,AADC
88728_Eden2009:deployment:0785567,2008-12-27T08:51:00,2008,12,-62.3436951628291,156.19911953263,,MachineObservation,,
64235_JIP2010:deployment:0781508,2010-11-29T07:10:00,2010,11,-61.104786627251,157.866344159366,,MachineObservation,,
88725_Eden2009:deployment:0784558,2008-12-16T14:04:00,2008,12,-62.3318750189305,156.441464834195,,MachineObservation,,
88738_Eden2009:deployment:0788375,2008-11-21T01:06:00,2008,11,-47.5820017125885,148.412655205114,,MachineObservation,,
98114_JIP2010:deployment:0790967,2010-11-12T10:15:00,2010,11,-45.85873581237,160.275716826473,,MachineObservation,,
urn:catalog:AADC:SOWS:SOWS-92915,2001-03-03 00:00:00Z,2001,3,-60.206,103.341,2,HumanObservation,,AADC
urn:catalog:AADC:WC:5796,1937-01-01 00:00:00+00,1937,1,-64.5,86.5,1,HumanObservation,,AADC
urn:catalog:AADC:SOWS:SOWS-92862,2001-02-08 00:00:00Z,2001,2,-63.298,98.313,2,HumanObservation,,AADC
88723_Eden2009:deployment:0783812,2009-01-03T21:02:00,2009,1,-63.4257632408737,167.849541462405,,MachineObservation,,
88728_Eden2009:deployment:0785147,2008-11-22T08:51:00,2008,11,-50.3483306007689,153.762554381447,,MachineObservation,,
88725_Eden2009:deployment:0784523,2008-12-13T16:04:00,2008,12,-61.7674788938529,155.71977261467,,MachineObservation,,
13440_88727:deployment:0777146,2015-12-01T10:30:50,2015,12,-63.5876741238641,179.588164036808,,MachineObservation,,
in2017_v01_09913,2017-01-29T08:20:00Z,,,-64.25222,116.52722,2,HumanObservation,,Macquarie University
88733_Eden2009:deployment:0788012,2008-11-28T23:00:00,2008,11,-59.390177820966,173.447976327437,,MachineObservation,,
64235_JIP2010:deployment:0781487,2010-11-27T13:10:00,2010,11,-60.8190104197872,157.986171441852,,MachineObservation,,
88733_Eden2009:deployment:0787895,2008-11-19T05:00:00,2008,11,-51.1027549361551,164.973417576955,,MachineObservation,,
urn:catalog:AADC:BANZARE:BANZARE-91,1930-12-21 09:00:00+00,1930,12,-63.477,164.927,3,HumanObservation,,AADC
98129_JIP2010:deployment:0792146,2010-12-26T00:44:00,2010,12,-57.7667949669775,167.567758202182,,MachineObservation,,
88741_Eden2009:deployment:0789597,2009-01-09T13:13:00,2009,1,-62.3675586479706,157.872858823512,,MachineObservation,,
88733_Eden2009:deployment:0787776,2008-11-09T07:00:00,2008,11,-46.3719117193227,154.791405879121,,MachineObservation,,
88738_Eden2009:deployment:0788472,2008-11-29T03:06:00,2008,11,-56.9573568056075,153.500993783434,,MachineObservation,,
88741_Eden2009:deployment:0789143,2008-12-02T17:13:00,2008,12,-50.6914178905401,170.647837447498,,MachineObservation,,
623825,2025-12-26,2025,12,-64.853499,140.938361,1,HumanObservation,Happywhale - Humpback whale in Southern Ocean,Happywhale.com
88728_Eden2009:deployment:0785450,2008-12-17T14:51:00,2008,12,-63.0935580960317,158.120165799452,,MachineObservation,,
88733_Eden2009:deployment:0787809,2008-11-12T01:00:00,2008,11,-47.6128976945785,157.761407210118,,MachineObservation,,
88728_Eden2009:deployment:0785586,2008-12-28T22:51:00,2008,12,-61.8619212055137,155.630629209803,,MachineObservation,,
13440_131178:deployment:0769202,2015-12-04T11:30:49,2015,12,-50.331399692075,177.432692126014,,MachineObservation,,
88729_Eden2009:deployment:0787034,2009-01-23T00:40:00,2009,1,-63.3353088229686,104.061286807772,,MachineObservation,,
urn:catalog:AADC:WC:5904,1939-01-01 00:00:00+00,1939,1,-61.5,99.5,18,HumanObservation,,AADC
88729_Eden2009:deployment:0786311,2008-11-23T18:40:00,2008,11,-51.4122177949035,132.484371543036,,MachineObservation,,
88718_Eden2009:deployment:0782754,2009-01-08T00:34:00,2009,1,-64.9505222674977,179.41820068688,,MachineObservation,,
98114_JIP2010:deployment:0791287,2010-12-09T02:15:00,2010,12,-62.1126457298869,157.706717396448,,MachineObservation,,
88725_Eden2009:deployment:0784393,2008-12-02T20:04:00,2008,12,-50.7635482749808,153.765969530487,,MachineObservation,,
88728_Eden2009:deployment:0785621,2008-12-31T20:51:00,2008,12,-62.2194715812379,155.514802207232,,MachineObservation,,
88725_Eden2009:deployment:0784881,2009-01-12T12:04:00,2009,1,-62.4230018973723,150.225034006505,,MachineObservation,,
88725_Eden2009:deployment:0784389,2008-12-02T12:04:00,2008,12,-50.3234150937075,153.359769875086,,MachineObservation,,
88725_Eden2009:deployment:0784382,2008-12-01T22:04:00,2008,12,-49.4908737851898,152.789764663767,,MachineObservation,,
88741_Eden2009:deployment:0789268,2008-12-13T03:13:00,2008,12,-59.7427111758284,167.742643830284,,MachineObservation,,
88729_Eden2009:deployment:0786621,2008-12-19T14:40:00,2008,12,-63.5371177819873,119.61446625877,,MachineObservation,,
13440_131190:deployment:0776204,2015-11-21T14:31:20,2015,11,-49.7570343095966,178.615418796421,,MachineObservation,,
98129_JIP2010:deployment:0791962,2010-12-10T16:44:00,2010,12,-49.4328590143165,155.411749216713,,MachineObservation,,
88733_Eden2009:deployment:0788058,2008-12-02T19:00:00,2008,12,-62.4146572189172,175.145190749549,,MachineObservation,,
88728_Eden2009:deployment:0785245,2008-11-30T12:51:00,2008,11,-55.3474413410264,156.632616326028,,MachineObservation,,
88729_Eden2009:deployment:0786340,2008-11-26T04:40:00,2008,11,-53.2153297768262,131.191491922343,,MachineObservation,,
98129_JIP2010:deployment:0792097,2010-12-21T22:44:00,2010,12,-55.1556671395952,163.806272613308,,MachineObservation,,
88729_Eden2009:deployment:0786329,2008-11-25T06:40:00,2008,11,-52.4383461424059,131.799778949277,,MachineObservation,,
88741_Eden2009:deployment:0789398,2008-12-23T23:13:00,2008,12,-62.6927402914249,163.323143256064,,MachineObservation,,
88725_Eden2009:deployment:0784490,2008-12-10T22:04:00,2008,12,-59.8115118091419,157.219733802648,,MachineObservation,,
13440_131178:deployment:0769343,2015-12-16T05:30:49,2015,12,-58.1912607183825,177.973674284862,,MachineObservation,,
88729_Eden2009:deployment:0786233,2008-11-17T06:40:00,2008,11,-47.0004059847759,137.622145711607,,MachineObservation,,
88728_Eden2009:deployment:0785407,2008-12-14T00:51:00,2008,12,-61.9486342090137,156.747111399466,,MachineObservation,,
98114_JIP2010:deployment:0791212,2010-12-02T20:15:00,2010,12,-61.135886458496,157.829720054385,,MachineObservation,,
88741_Eden2009:deployment:0789579,2009-01-08T01:13:00,2009,1,-62.3984914617758,157.698039789021,,MachineObservation,,
98129_JIP2010:deployment:0791865,2010-12-02T14:44:00,2010,12,-46.5038267547286,148.245800747491,,MachineObservation,,
88729_Eden2009:deployment:0787147,2009-02-01T10:40:00,2009,2,-61.628598177725,101.309776650916,,MachineObservation,,
88728_Eden2009:deployment:0785769,2009-01-13T04:51:00,2009,1,-63.0984245396317,156.034520250321,,MachineObservation,,
88728_Eden2009:deployment:0785181,2008-11-25T04:51:00,2008,11,-52.0193118853042,155.637601770638,,MachineObservation,,
88718_Eden2009:deployment:0782639,2008-12-29T10:34:00,2008,12,-56.7820221423038,169.021194759559,,MachineObservation,,
88725_Eden2009:deployment:0784863,2009-01-11T00:04:00,2009,1,-62.1860000971274,150.34395008883,,MachineObservation,,
88723_Eden2009:deployment:0783526,2008-12-11T01:02:00,2008,12,-50.7669896776485,169.552563215435,,MachineObservation,,
88729_Eden2009:deployment:0786380,2008-11-29T12:40:00,2008,11,-55.9504217956596,127.716225163993,,MachineObservation,,
88728_Eden2009:deployment:0785764,2009-01-12T18:51:00,2009,1,-62.9620231817711,155.319246396127,,MachineObservation,,
88741_Eden2009:deployment:0789070,2008-11-26T15:13:00,2008,11,-46.6042425759147,166.795520725653,,MachineObservation,,
88729_Eden2009:deployment:0786915,2009-01-13T02:40:00,2009,1,-64.4559220948664,116.76184513841,,MachineObservation,,
88738_Eden2009:deployment:0788744,2008-12-21T19:06:00,2008,12,-64.3342383790868,148.605425634293,,MachineObservation,,
88738_Eden2009:deployment:0788513,2008-12-02T13:06:00,2008,12,-59.836261580884,151.154541740383,,MachineObservation,,
13440_131178:deployment:0769227,2015-12-06T13:30:49,2015,12,-50.8107886769512,177.940434828123,,MachineObservation,,
88728_Eden2009:deployment:0785929,2009-01-26T12:51:00,2009,1,-64.0771432639365,158.426056069022,,MachineObservation,,
88741_Eden2009:deployment:0789591,2009-01-09T01:13:00,2009,1,-62.2575777170131,157.968089360794,,MachineObservation,,
88729_Eden2009:deployment:0786736,2008-12-29T04:40:00,2008,12,-63.8781625881193,118.022825425663,,MachineObservation,,
88728_Eden2009:deployment:0785111,2008-11-19T08:51:00,2008,11,-48.0117161940413,151.999102969728,,MachineObservation,,
urn:catalog:AADC:WC:5790,1937-01-01 00:00:00+00,1937,1,-62.5,102.5,6,HumanObservation,,AADC
88729_Eden2009:deployment:0786762,2008-12-31T08:40:00,2008,12,-64.4210114084947,119.817427295471,,MachineObservation,,
urn:catalog:AADC:WC:5664,1935-01-01 00:00:00+00,1935,1,-61.5,81.5,6,HumanObservation,,AADC
98114_JIP2010:deployment:0791050,2010-11-19T08:15:00,2010,11,-53.9939257177041,159.398843033179,,MachineObservation,,
98129_JIP2010:deployment:0791846,2010-12-01T00:44:00,2010,12,-45.9042915897682,147.908685858128,,MachineObservation,,
98114_JIP2010:deployment:0791157,2010-11-28T06:15:00,2010,11,-60.9376211013454,158.166243303997,,MachineObservation,,
13440_131178:deployment:0769305,2015-12-13T01:30:49,2015,12,-55.2871163060387,177.523008873704,,MachineObservation,,
urn:catalog:AADC:WC:5605,1934-01-01 00:00:00+00,1934,1,-62.5,84.5,2,HumanObservation,,AADC
13440_131178:deployment:0769159,2015-11-30T21:30:49,2015,11,-49.5097402689727,176.978269509558,,MachineObservation,,
64235_JIP2010:deployment:0781378,2010-11-18T11:10:00,2010,11,-55.1832588205496,155.115562359444,,MachineObservation,,
88729_Eden2009:deployment:0786764,2008-12-31T12:40:00,2008,12,-64.4925174256927,119.993997776626,,MachineObservation,,
88729_Eden2009:deployment:0786298,2008-11-22T16:40:00,2008,11,-50.4367955049053,133.298348239734,,MachineObservation,,
98114_JIP2010:deployment:0791202,2010-12-02T00:15:00,2010,12,-61.0813799471125,157.942922387871,,MachineObservation,,
urn:catalog:AADC:WC:5917,1939-01-01 00:00:00+00,1939,1,-62.5,105.5,8,HumanObservation,,AADC
64235_JIP2010:deployment:0781288,2010-11-10T23:10:00,2010,11,-47.7421084109613,149.77855928018,,MachineObservation,,
in2017_v01_09948,2017-02-24T03:44:00Z,,,-64.74917,118.985,1,HumanObservation,,Macquarie University
88733_Eden2009:deployment:0787828,2008-11-13T15:00:00,2008,11,-48.1610658108801,158.997427489541,,MachineObservation,,
88725_Eden2009:deployment:0784856,2009-01-10T10:04:00,2009,1,-62.3538066158561,150.247141157989,,MachineObservation,,
88725_Eden2009:deployment:0784642,2008-12-23T14:04:00,2008,12,-62.8528856374704,157.438272722193,,MachineObservation,,
13440_131190:deployment:0776298,2015-11-29T10:31:20,2015,11,-56.2397496020026,178.377409251343,,MachineObservation,,
https://www.inaturalist.org/observations/97611806,2021-10-01T18:19:00+13:00,,,-45.24587,166.8551333333,,HumanObservation,iNaturalist research-grade observations,iNaturalist
13440_131178:deployment:0769348,2015-12-16T15:30:49,2015,12,-58.6760582583182,178.244121458069,,MachineObservation,,
88741_Eden2009:deployment:0789246,2008-12-11T07:13:00,2008,12,-57.5887693189784,168.89893034486,,MachineObservation,,
88723_Eden2009:deployment:0783633,2008-12-19T23:02:00,2008,12,-60.2268224896911,171.766616825209,,MachineObservation,,
88728_Eden2009:deployment:0785288,2008-12-04T02:51:00,2008,12,-57.9165709093438,156.816601746496,,MachineObservation,,
88729_Eden2009:deployment:0786972,2009-01-17T20:40:00,2009,1,-63.2182931655586,109.894131709214,,MachineObservation,,
98129_JIP2010:deployment:0792229,2011-01-01T22:44:00,2011,1,-62.1826956984585,169.356099012248,,MachineObservation,,
88725_Eden2009:deployment:0784624,2008-12-22T02:04:00,2008,12,-62.8206862352942,157.62434106377,,MachineObservation,,
88728_Eden2009:deployment:0785164,2008-11-23T18:51:00,2008,11,-51.4208939468205,154.949037120757,,MachineObservation,,
98129_JIP2010:deployment:0791907,2010-12-06T02:44:00,2010,12,-47.4537676377989,150.665584497665,,MachineObservation,,
88729_Eden2009:deployment:0786656,2008-12-22T12:40:00,2008,12,-63.5521517839816,119.935721339098,,MachineObservation,,
urn:catalog:AADC:WC:5569,1933-01-01 00:00:00+00,1933,1,-59.5,93.5,5,HumanObservation,,AADC
88728_Eden2009:deployment:0785150,2008-11-22T14:51:00,2008,11,-50.5078677140543,153.985908374578,,MachineObservation,,
88732_Eden2009:deployment:0787508,2008-11-21T05:33:00,2008,11,-46.0109247855538,164.846647164484,,MachineObservation,,
88732_Eden2009:deployment:0787447,2008-11-16T03:33:00,2008,11,-45.9429065768508,164.169165424829,,MachineObservation,,
https://www.inaturalist.org/observations/201414075,2024-02-17T15:35:57+11:00,,,-64.4495916667,161.0393361667,,HumanObservation,iNaturalist research-grade observations,iNaturalist
88723_Eden2009:deployment:0783841,2009-01-06T07:02:00,2009,1,-63.1505982623059,167.853122056635,,MachineObservation,,
88738_Eden2009:deployment:0788565,2008-12-06T21:06:00,2008,12,-61.0352292206698,149.11583142394,,MachineObservation,,
88729_Eden2009:deployment:0786477,2008-12-07T14:40:00,2008,12,-61.1134368771706,120.822894495076,,MachineObservation,,
88738_Eden2009:deployment:0788532,2008-12-04T03:06:00,2008,12,-60.0109186663334,150.917121897383,,MachineObservation,,
88741_Eden2009:deployment:0789424,2008-12-26T03:13:00,2008,12,-63.2604689059394,162.604006969205,,MachineObservation,,
88729_Eden2009:deployment:0786285,2008-11-21T14:40:00,2008,11,-49.967525548392,134.065613714946,,MachineObservation,,
88723_Eden2009:deployment:0783830,2009-01-05T09:02:00,2009,1,-63.3592981968639,167.56035052479,,MachineObservation,,
in2017_v01_09943,2017-02-24T06:48:00Z,,,-64.70389,118.74083,3,HumanObservation,,Macquarie University
98129_JIP2010:deployment:0792143,2010-12-25T18:44:00,2010,12,-57.6960807032845,167.192712500845,,MachineObservation,,
64235_JIP2010:deployment:0781473,2010-11-26T09:10:00,2010,11,-60.6799339484142,157.974378717307,,MachineObservation,,
88725_Eden2009:deployment:0784368,2008-11-30T18:04:00,2008,11,-47.645235035239,151.595871872872,,MachineObservation,,
in2017_v01_09921,2017-02-04T04:07:00Z,,,-64.75278,119.42167,2,HumanObservation,,Macquarie University
88728_Eden2009:deployment:0785795,2009-01-15T08:51:00,2009,1,-63.7102484720465,159.280897177438,,MachineObservation,,
13440_131190:deployment:0776198,2015-11-21T02:31:20,2015,11,-49.5444201169918,178.935401168819,,MachineObservation,,
urn:catalog:AADC:SOWS:SOWS-92905,2001-03-02 00:00:00Z,2001,3,-62.057,96.816,1,HumanObservation,,AADC
88729_Eden2009:deployment:0786498,2008-12-09T08:40:00,2008,12,-62.0266572204483,118.990636980083,,MachineObservation,,
88728_Eden2009:deployment:0785735,2009-01-10T08:51:00,2009,1,-62.1119995827444,154.341087323713,,MachineObservation,,
64235_JIP2010:deployment:0781414,2010-11-21T11:10:00,2010,11,-59.2879994176792,157.701978633792,,MachineObservation,,
98129_JIP2010:deployment:0792024,2010-12-15T20:44:00,2010,12,-53.0265140726424,159.465324550459,,MachineObservation,,
urn:catalog:AADC:SOWS:SOWS-92808,2001-01-29 00:00:00Z,2001,1,-63.541,95.091,2,HumanObservation,,AADC
urn:catalog:AADC:WC:5660,1935-01-01 00:00:00+00,1935,1,-60.5,99.5,1,HumanObservation,,AADC
88725_Eden2009:deployment:0784854,2009-01-10T06:04:00,2009,1,-62.3803906546615,150.191272881139,,MachineObservation,,
88728_Eden2009:deployment:0785932,2009-01-26T18:51:00,2009,1,-64.1173254020626,158.259107044138,,MachineObservation,,
88728_Eden2009:deployment:0785702,2009-01-07T14:51:00,2009,1,-62.3897487631548,154.470069379976,,MachineObservation,,
88718_Eden2009:deployment:0782594,2008-12-25T16:34:00,2008,12,-53.0413602595053,162.872465762521,,MachineObservation,,
13440_131190:deployment:0776238,2015-11-24T10:31:20,2015,11,-52.1129284070224,177.414895783272,,MachineObservation,,
88729_Eden2009:deployment:0787028,2009-01-22T12:40:00,2009,1,-63.2034863344396,104.457259834256,,MachineObservation,,
urn:catalog:AADC:SOWS:SOWS-93785,1996-02-14 10:40:00Z,1996,2,-64.2618,104.425,3,HumanObservation,,AADC
88733_Eden2009:deployment:0787959,2008-11-24T13:00:00,2008,11,-55.6235576113408,171.074817898843,,MachineObservation,,
88723_Eden2009:deployment:0783929,2009-01-13T15:02:00,2009,1,-64.2832139352958,168.888923022646,,MachineObservation,,
13440_131178:deployment:0769171,2015-12-01T21:30:49,2015,12,-49.6065706519467,176.977163814103,,MachineObservation,,
88741_Eden2009:deployment:0789576,2009-01-07T19:13:00,2009,1,-62.3976558178812,157.735740800781,,MachineObservation,,
88725_Eden2009:deployment:0784452,2008-12-07T18:04:00,2008,12,-55.6637228216579,156.219933669342,,MachineObservation,,
28209111,2019-06-28T02:45:00+01:00,2019,06,-45.74986066,170.7232314,,HumanObservation,iNaturalist research-grade observations,iNaturalist
98114_JIP2010:deployment:0791196,2010-12-01T12:15:00,2010,12,-61.0782578269394,157.948205095447,,MachineObservation,,
88733_Eden2009:deployment:0787852,2008-11-15T15:00:00,2008,11,-49.1442793930996,161.615457001732,,MachineObservation,,
98129_JIP2010:deployment:0792098,2010-12-22T00:44:00,2010,12,-55.2507718740566,163.862202717079,,MachineObservation,,
229484,2013-11-19T06:28:02,2013,11,-45.73,166.5,1,HumanObservation,Happywhale - Humpback whale in South Pacific Ocean,Happywhale.com
13440_131190:deployment:0776272,2015-11-27T06:31:20,2015,11,-55.1802108556796,178.071165177967,,MachineObservation,,
88738_Eden2009:deployment:0788551,2008-12-05T17:06:00,2008,12,-60.005207834024,150.048499379636,,MachineObservation,,
88733_Eden2009:deployment:0787813,2008-11-12T09:00:00,2008,11,-47.8005423240601,158.168843378829,,MachineObservation,,
88725_Eden2009:deployment:0784428,2008-12-05T18:04:00,2008,12,-53.2574714656029,154.695870202995,,MachineObservation,,
88728_Eden2009:deployment:0785991,2009-01-31T16:51:00,2009,1,-64.8580050559996,158.539684154317,,MachineObservation,,
88729_Eden2009:deployment:0786704,2008-12-26T12:40:00,2008,12,-63.3373596409557,119.551188806364,,MachineObservation,,
urn:catalog:AADC:WC:5746,1937-01-01 00:00:00+00,1937,1,-60.5,90.5,24,HumanObservation,,AADC
88733_Eden2009:deployment:0788007,2008-11-28T13:00:00,2008,11,-59.0535726029087,172.932196459249,,MachineObservation,,
88729_Eden2009:deployment:0786396,2008-11-30T20:40:00,2008,11,-56.7158979313894,126.144717185361,,MachineObservation,,
88728_Eden2009:deployment:0785103,2008-11-18T16:51:00,2008,11,-47.4338643478725,151.936799480891,,MachineObservation,,
88718_Eden2009:deployment:0782568,2008-12-23T12:34:00,2008,12,-51.4945425764406,160.771341292703,,MachineObservation,,
88741_Eden2009:deployment:0789234,2008-12-10T07:13:00,2008,12,-57.2861203790935,169.563416751179,,MachineObservation,,
88723_Eden2009:deployment:0783870,2009-01-08T17:02:00,2009,1,-63.3473820148555,168.479944377562,,MachineObservation,,
13440_131190:deployment:0776263,2015-11-26T12:31:20,2015,11,-54.3144264066522,177.824821170627,,MachineObservation,,
urn:catalog:AADC:WC:5979,1959-01-01 00:00:00+00,1959,1,-61.5,83.5,27,HumanObservation,,AADC
88729_Eden2009:deployment:0786865,2009-01-08T22:40:00,2009,1,-64.5481579199494,120.20140781881,,MachineObservation,,
64235_JIP2010:deployment:0781309,2010-11-12T17:10:00,2010,11,-49.2751280510094,151.232827862339,,MachineObservation,,
88732_Eden2009:deployment:0787389,2008-11-11T07:33:00,2008,11,-45.0930050802532,160.867845826389,,MachineObservation,,
88729_Eden2009:deployment:0786540,2008-12-12T20:40:00,2008,12,-62.8697540694882,119.284012551916,,MachineObservation,,
urn:catalog:AADC:WC:5675,1935-01-01 00:00:00+00,1935,1,-62.5,82.5,43,HumanObservation,,AADC
urn:catalog:AADC:WC:5810,1938-01-01 00:00:00+00,1938,1,-58.5,92.5,1,HumanObservation,,AADC
88738_Eden2009:deployment:0788567,2008-12-07T01:06:00,2008,12,-61.3004236384275,148.927864007101,,MachineObservation,,
229470,2012-11-14T16:45:21,2012,11,-45.46,166.71,1,HumanObservation,Happywhale - Humpback whale in South Pacific Ocean,Happywhale.com
64235_JIP2010:deployment:0781265,2010-11-09T01:10:00,2010,11,-45.3177960149123,148.470135278289,,MachineObservation,,
88741_Eden2009:deployment:0790362,2009-03-14T07:13:00,2009,3,-64.2606391531861,164.904254820264,,MachineObservation,,
98129_JIP2010:deployment:0792180,2010-12-28T20:44:00,2010,12,-58.5368192897238,170.11687570984,,MachineObservation,,
88718_Eden2009:deployment:0782712,2009-01-04T12:34:00,2009,1,-62.9186538934069,177.315513472753,,MachineObservation,,
urn:catalog:AADC:WOV:WOV-148770,1991-02-17 03:00:00+00,1991,2,-61.3833,102.0167,3,HumanObservation,,AADC
88723_Eden2009:deployment:0783650,2008-12-21T09:02:00,2008,12,-62.2224657493139,171.447858480431,,MachineObservation,,
88741_Eden2009:deployment:0789123,2008-12-01T01:13:00,2008,12,-49.7679556159378,169.637375750798,,MachineObservation,,
88729_Eden2009:deployment:0786364,2008-11-28T04:40:00,2008,11,-54.8365227337447,129.276847365451,,MachineObservation,,
88741_Eden2009:deployment:0789696,2009-01-17T19:13:00,2009,1,-62.4528294278145,155.949746690448,,MachineObservation,,
88733_Eden2009:deployment:0787772,2008-11-08T23:00:00,2008,11,-46.0992253243427,154.31351583449,,MachineObservation,,
88741_Eden2009:deployment:0789584,2009-01-08T11:13:00,2009,1,-62.3811823392083,157.729822593279,,MachineObservation,,
88741_Eden2009:deployment:0789666,2009-01-15T07:13:00,2009,1,-62.8154074723574,156.159551151576,,MachineObservation,,
88725_Eden2009:deployment:0784860,2009-01-10T18:04:00,2009,1,-62.1795629853223,150.253261519186,,MachineObservation,,
88729_Eden2009:deployment:0786614,2008-12-19T00:40:00,2008,12,-63.7014681278423,119.548889670898,,MachineObservation,,
88718_Eden2009:deployment:0782659,2008-12-31T02:34:00,2008,12,-58.502130594288,171.539288617064,,MachineObservation,,
88728_Eden2009:deployment:0785713,2009-01-08T12:51:00,2009,1,-62.5205971969634,154.346406344585,,MachineObservation,,
88729_Eden2009:deployment:0786905,2009-01-12T06:40:00,2009,1,-64.5643467010482,117.173553488756,,MachineObservation,,
88733_Eden2009:deployment:0787775,2008-11-09T05:00:00,2008,11,-46.3082642180827,154.677950202583,,MachineObservation,,
88728_Eden2009:deployment:0785758,2009-01-12T06:51:00,2009,1,-62.8008758016217,154.983346493753,,MachineObservation,,
88738_Eden2009:deployment:0788405,2008-11-23T13:06:00,2008,11,-50.1761778768564,149.684084530107,,MachineObservation,,
218726,2008-01-07T09:03:02,2008,1,-62.47,87.04,1,HumanObservation,Happywhale - Humpback whale in Southern Ocean,Happywhale.com
88723_Eden2009:deployment:0783664,2008-12-22T13:02:00,2008,12,-62.9315342711617,170.559101325245,,MachineObservation,,
88741_Eden2009:deployment:0789239,2008-12-10T17:13:00,2008,12,-57.3753336721162,169.354104571204,,MachineObservation,,
13440_131178:deployment:0769243,2015-12-07T21:30:49,2015,12,-51.3291664777874,177.382546693831,,MachineObservation,,
98129_JIP2010:deployment:0792261,2011-01-04T14:44:00,2011,1,-63.2500821918089,169.952279216652,,MachineObservation,,
88729_Eden2009:deployment:0786589,2008-12-16T22:40:00,2008,12,-63.3157560637617,119.678290114762,,MachineObservation,,
98114_JIP2010:deployment:0790971,2010-11-12T18:15:00,2010,11,-46.2402412586596,160.286796942765,,MachineObservation,,
urn:catalog:AADC:SOWS:SOWS-93809,1996-02-16 23:22:52Z,1996,2,-63.61313,109.6892,1,HumanObservation,,AADC
88728_Eden2009:deployment:0785639,2009-01-02T08:51:00,2009,1,-62.3503474784633,155.558758626339,,MachineObservation,,
13440_131190:deployment:0776309,2015-11-30T08:31:20,2015,11,-56.4803189404217,178.358710479408,,MachineObservation,,
88723_Eden2009:deployment:0783857,2009-01-07T15:02:00,2009,1,-63.1904613689543,168.187739525223,,MachineObservation,,
88718_Eden2009:deployment:0782691,2009-01-02T18:34:00,2009,1,-61.2316573685335,174.952925086297,,MachineObservation,,
88718_Eden2009:deployment:0782614,2008-12-27T08:34:00,2008,12,-54.9306938592391,165.194867780906,,MachineObservation,,
88741_Eden2009:deployment:0789698,2009-01-17T23:13:00,2009,1,-62.4967473062163,155.992386122429,,MachineObservation,,
88723_Eden2009:deployment:0783890,2009-01-10T09:02:00,2009,1,-63.7047686692977,168.689993751899,,MachineObservation,,
urn:catalog:AADC:WHALE_LOG:WL-104,1997-01-08 00:05:00+00,1997,1,-63.883,92.433,1,HumanObservation,,AADC
88725_Eden2009:deployment:0784429,2008-12-05T20:04:00,2008,12,-53.3698320447168,154.691551583402,,MachineObservation,,
88741_Eden2009:deployment:0789423,2008-12-26T01:13:00,2008,12,-63.2641097655033,162.571532500521,,MachineObservation,,
88738_Eden2009:deployment:0788602,2008-12-09T23:06:00,2008,12,-63.2374146534898,150.570683315719,,MachineObservation,,
88729_Eden2009:deployment:0787139,2009-01-31T18:40:00,2009,1,-61.870138373504,101.846165090796,,MachineObservation,,
88718_Eden2009:deployment:0782581,2008-12-24T14:34:00,2008,12,-52.1228947770811,161.88449630819,,MachineObservation,,
98129_JIP2010:deployment:0791952,2010-12-09T20:44:00,2010,12,-49.0649780786861,154.464621297079,,MachineObservation,,
88733_Eden2009:deployment:0787778,2008-11-09T11:00:00,2008,11,-46.4820676542233,155.011590867557,,MachineObservation,,
88725_Eden2009:deployment:0784824,2009-01-07T18:04:00,2009,1,-62.2217206998569,150.421099851646,,MachineObservation,,
88738_Eden2009:deployment:0788620,2008-12-11T11:06:00,2008,12,-63.4540315608344,150.989651283632,,MachineObservation,,
88728_Eden2009:deployment:0785476,2008-12-19T18:51:00,2008,12,-63.8700228560944,159.518322058336,,MachineObservation,,
88741_Eden2009:deployment:0789337,2008-12-18T21:13:00,2008,12,-61.8781462233773,164.316250649026,,MachineObservation,,
88729_Eden2009:deployment:0786425,2008-12-03T06:40:00,2008,12,-58.7462792340819,122.897506561946,,MachineObservation,,
88728_Eden2009:deployment:0785779,2009-01-14T00:51:00,2009,1,-63.4985630415197,157.938922754103,,MachineObservation,,
urn:catalog:AADC:WC:5779,1937-01-01 00:00:00+00,1937,1,-62.5,90.5,6,HumanObservation,,AADC
urn:catalog:AADC:WC:5577,1933-01-01 00:00:00+00,1933,1,-62.5,91.5,4,HumanObservation,,AADC
98114_JIP2010:deployment:0791063,2010-11-20T10:15:00,2010,11,-55.4589310508147,159.407513004242,,MachineObservation,,
88728_Eden2009:deployment:0785474,2008-12-19T14:51:00,2008,12,-63.830402786148,159.32724435307,,MachineObservation,,
urn:catalog:AADC:SOWS:SOWS-93566,1998-02-16 09:12:41Z,1998,2,-62.658,88.6728,3,HumanObservation,,AADC
urn:catalog:AADC:WC:5641,1935-01-01 00:00:00+00,1935,1,-59.5,94.5,70,HumanObservation,,AADC
https://www.inaturalist.org/observations/323560486,2021-10-14T22:27:00+13:00,,,-45.2747957366,166.8305835429,,HumanObservation,iNaturalist research-grade observations,iNaturalist
88738_Eden2009:deployment:0788737,2008-12-21T05:06:00,2008,12,-64.1978078398466,148.877143052206,,MachineObservation,,
98114_JIP2010:deployment:0791150,2010-11-27T16:15:00,2010,11,-60.794319581368,158.309400345757,,MachineObservation,,
88729_Eden2009:deployment:0786712,2008-12-27T04:40:00,2008,12,-63.5725787103526,119.734375168083,,MachineObservation,,
13440_131178:deployment:0769083,2015-11-24T13:30:49,2015,11,-47.9905743380373,177.009268628904,,MachineObservation,,
98129_JIP2010:deployment:0792113,2010-12-23T06:44:00,2010,12,-56.1206832543408,165.066474417612,,MachineObservation,,
88723_Eden2009:deployment:0783913,2009-01-12T07:02:00,2009,1,-64.1252212820772,168.580278913029,,MachineObservation,,
98114_JIP2010:deployment:0791217,2010-12-03T06:15:00,2010,12,-61.2424087964142,157.682267931408,,MachineObservation,,
88738_Eden2009:deployment:0788589,2008-12-08T21:06:00,2008,12,-62.6649734326341,150.273477184637,,MachineObservation,,
88741_Eden2009:deployment:0789657,2009-01-14T13:13:00,2009,1,-62.7531646739045,156.229450736349,,MachineObservation,,
88723_Eden2009:deployment:0783573,2008-12-14T23:02:00,2008,12,-54.5007267392265,172.771462352985,,MachineObservation,,
88741_Eden2009:deployment:0789922,2009-02-05T15:13:00,2009,2,-64.9205674285028,161.845667927325,,MachineObservation,,
88728_Eden2009:deployment:0785536,2008-12-24T18:51:00,2008,12,-63.5613739311434,156.305183819494,,MachineObservation,,
88738_Eden2009:deployment:0788412,2008-11-24T03:06:00,2008,11,-50.8557351306591,150.0174912888,,MachineObservation,,
88718_Eden2009:deployment:0782735,2009-01-06T10:34:00,2009,1,-64.3677994083225,177.89815476919,,MachineObservation,,
urn:catalog:AADC:WC:5833,1938-01-01 00:00:00+00,1938,1,-60.5,81.5,17,HumanObservation,,AADC
98114_JIP2010:deployment:0791111,2010-11-24T10:15:00,2010,11,-60.4748961065071,158.576668591442,,MachineObservation,,
88729_Eden2009:deployment:0787023,2009-01-22T02:40:00,2009,1,-63.2834836812021,104.44981310361,,MachineObservation,,
88733_Eden2009:deployment:0788029,2008-11-30T09:00:00,2008,11,-60.326455873384,174.450147726086,,MachineObservation,,
98129_JIP2010:deployment:0792278,2011-01-06T00:44:00,2011,1,-64.2892061652559,170.38762601589,,MachineObservation,,
88741_Eden2009:deployment:0790303,2009-03-09T09:13:00,2009,3,-64.6825324777417,164.010484106081,,MachineObservation,,
88738_Eden2009:deployment:0788519,2008-12-03T01:06:00,2008,12,-59.9127078601603,151.103565362158,,MachineObservation,,
98129_JIP2010:deployment:0792057,2010-12-18T14:44:00,2010,12,-53.8054498065021,162.619243830901,,MachineObservation,,
88729_Eden2009:deployment:0787098,2009-01-28T08:40:00,2009,1,-62.2701253416883,102.896489317262,,MachineObservation,,
88741_Eden2009:deployment:0789807,2009-01-27T01:13:00,2009,1,-64.2620753573299,160.987921870743,,MachineObservation,,
88718_Eden2009:deployment:0782597,2008-12-25T22:34:00,2008,12,-53.2294200663849,162.925960031522,,MachineObservation,,
88741_Eden2009:deployment:0789735,2009-01-21T01:13:00,2009,1,-63.2147324349409,156.712185624507,,MachineObservation,,
urn:catalog:AADC:WC:5786,1937-01-01 00:00:00+00,1937,1,-62.5,97.5,19,HumanObservation,,AADC
88725_Eden2009:deployment:0784810,2009-01-06T14:04:00,2009,1,-61.8590509638231,150.897543686005,,MachineObservation,,
88729_Eden2009:deployment:0786714,2008-12-27T08:40:00,2008,12,-63.6392471629257,119.685750217629,,MachineObservation,,
64235_JIP2010:deployment:0781417,2010-11-21T17:10:00,2010,11,-59.607161588726,157.668624340018,,MachineObservation,,
98129_JIP2010:deployment:0791926,2010-12-07T16:44:00,2010,12,-48.2876253940765,152.224967558772,,MachineObservation,,
88738_Eden2009:deployment:0788757,2008-12-22T21:06:00,2008,12,-64.2896009588825,148.32023526494,,MachineObservation,,
urn:catalog:AADC:WC:5970,1959-01-01 00:00:00+00,1959,1,-59.5,81.5,4,HumanObservation,,AADC
88741_Eden2009:deployment:0789078,2008-11-27T07:13:00,2008,11,-47.2325067620303,167.231510167921,,MachineObservation,,
13440_131190:deployment:0776434,2015-12-10T18:31:20,2015,12,-63.3037557442553,175.328302290214,,MachineObservation,,
88729_Eden2009:deployment:0786457,2008-12-05T22:40:00,2008,12,-60.7209531903275,121.028134218958,,MachineObservation,,
urn:catalog:AADC:WC:5841,1938-01-01 00:00:00+00,1938,1,-60.5,100.5,1,HumanObservation,,AADC
urn:catalog:AADC:WOV:WOV-149040,1985-01-01 01:40:00+00,1985,1,-58.3317,85.1083,1,HumanObservation,,AADC
88723_Eden2009:deployment:0783701,2008-12-25T15:02:00,2008,12,-63.1500086830147,170.585360775964,,MachineObservation,,
urn:catalog:AADC:WOV:WOV-148953,1980-01-01 13:16:00+00,1980,1,-63.8167,83.1833,1,HumanObservation,,AADC
98114_JIP2010:deployment:0791280,2010-12-08T12:15:00,2010,12,-62.055194110951,157.718702127627,,MachineObservation,,
64235_JIP2010:deployment:0781331,2010-11-14T13:10:00,2010,11,-50.750650409244,152.686115185601,,MachineObservation,,
88718_Eden2009:deployment:0782638,2008-12-29T08:34:00,2008,12,-56.6817394957311,168.840880142543,,MachineObservation,,
64235_JIP2010:deployment:0781274,2010-11-09T19:10:00,2010,11,-46.5081497091242,148.933231288091,,MachineObservation,,
98129_JIP2010:deployment:0792166,2010-12-27T16:44:00,2010,12,-57.7363220332496,169.234287266718,,MachineObservation,,
88718_Eden2009:deployment:0782553,2008-12-22T06:34:00,2008,12,-49.9331217936373,159.394364831095,,MachineObservation,,
13440_88727:deployment:0777141,2015-12-01T00:30:50,2015,12,-63.5262265690801,179.541589141763,,MachineObservation,,
88741_Eden2009:deployment:0789538,2009-01-04T15:13:00,2009,1,-62.3610393205375,157.874598944557,,MachineObservation,,
in2017_v01_09930,2017-02-06T08:07:00Z,,,-64.55222,118.6525,2,HumanObservation,,Macquarie University
88725_Eden2009:deployment:0784781,2009-01-04T04:04:00,2009,1,-62.064923826839,152.237493804515,,MachineObservation,,
88741_Eden2009:deployment:0789551,2009-01-05T17:13:00,2009,1,-62.4125601968975,157.924884632779,,MachineObservation,,
88733_Eden2009:deployment:0788039,2008-12-01T05:00:00,2008,12,-60.8898484875168,174.765748040296,,MachineObservation,,
13440_131190:deployment:0776383,2015-12-06T12:31:20,2015,12,-61.4122168680224,177.756803130875,,MachineObservation,,
88729_Eden2009:deployment:0786395,2008-11-30T18:40:00,2008,11,-56.6557525076756,126.232192848236,,MachineObservation,,
13440_131190:deployment:0776462,2015-12-13T02:31:20,2015,12,-63.7233898753451,176.770231132265,,MachineObservation,,
98114_JIP2010:deployment:0791129,2010-11-25T22:15:00,2010,11,-60.512493068736,158.887758629011,,MachineObservation,,
88729_Eden2009:deployment:0786386,2008-11-30T00:40:00,2008,11,-56.1755835083479,127.041403104203,,MachineObservation,,
13440_131178:deployment:0769235,2015-12-07T05:30:49,2015,12,-50.8544711424952,177.726882498804,,MachineObservation,,
98114_JIP2010:deployment:0791219,2010-12-03T10:15:00,2010,12,-61.2669737054563,157.633273559056,,MachineObservation,,
88741_Eden2009:deployment:0789429,2008-12-26T13:13:00,2008,12,-63.2859753251122,162.844500009933,,MachineObservation,,
98114_JIP2010:deployment:0791140,2010-11-26T20:15:00,2010,11,-60.6181832212301,158.625106202504,,MachineObservation,,
88728_Eden2009:deployment:0785789,2009-01-14T20:51:00,2009,1,-63.6607948189157,159.220380849379,,MachineObservation,,
88728_Eden2009:deployment:0785484,2008-12-20T10:51:00,2008,12,-63.9487447769181,159.130522724788,,MachineObservation,,
in2017_v01_09287,2017-01-24T00:16:00Z,,,-64.5575,116.38583,2,HumanObservation,,Macquarie University
88729_Eden2009:deployment:0786576,2008-12-15T20:40:00,2008,12,-63.1388474981104,119.409021862762,,MachineObservation,,
218709,2008-01-07T08:05:25,2008,1,-62.47,87.04,1,HumanObservation,Happywhale - Humpback whale in Southern Ocean,Happywhale.com
urn:catalog:AADC:SOWS:SOWS-93232,2000-01-14 03:46:10Z,2000,1,-59.81,101.22,1,HumanObservation,,AADC
88732_Eden2009:deployment:0787569,2008-11-26T07:33:00,2008,11,-49.7212516976346,163.876748308715,,MachineObservation,,
13440_131178:deployment:0769242,2015-12-07T19:30:49,2015,12,-51.2613026499771,177.406793753804,,MachineObservation,,
440364,2024-02-17T15:56:21,2024,2,-64.675833,161.094667,1,HumanObservation,Happywhale - Humpback whale in Southern Ocean,Happywhale.com
88733_Eden2009:deployment:0787943,2008-11-23T05:00:00,2008,11,-55.2431068658721,169.880915701096,,MachineObservation,,
88741_Eden2009:deployment:0789530,2009-01-03T23:13:00,2009,1,-62.4696148863826,158.222616887194,,MachineObservation,,
88725_Eden2009:deployment:0784773,2009-01-03T12:04:00,2009,1,-62.0810354287232,152.063871526945,,MachineObservation,,
229482,2015-11-13T18:25:37,2015,11,-45.46,166.71,1,HumanObservation,Happywhale - Humpback whale in South Pacific Ocean,Happywhale.com
88718_Eden2009:deployment:0782729,2009-01-05T22:34:00,2009,1,-63.8282300473109,177.654990406736,,MachineObservation,,
88723_Eden2009:deployment:0783480,2008-12-07T05:02:00,2008,12,-46.6265057627492,166.187034342541,,MachineObservation,,
88741_Eden2009:deployment:0789215,2008-12-08T17:13:00,2008,12,-55.6563269172438,170.347053613302,,MachineObservation,,
88729_Eden2009:deployment:0786327,2008-11-25T02:40:00,2008,11,-52.3304004552729,131.837997899658,,MachineObservation,,
13440_131190:deployment:0776436,2015-12-10T22:31:20,2015,12,-63.2827148660986,175.324998528165,,MachineObservation,,
88733_Eden2009:deployment:0787918,2008-11-21T03:00:00,2008,11,-53.1740963154923,167.438798659818,,MachineObservation,,
13440_88727:deployment:0777172,2015-12-03T14:30:50,2015,12,-64.0131216905401,179.952151833435,,MachineObservation,,
urn:catalog:AADC:SOWS:SOWS-92830,2001-01-30 00:00:00Z,2001,1,-63.41,100.615,2,HumanObservation,,AADC
urn:catalog:AADC:WHALE_LOG:WL-58,1996-04-11 08:45:00+00,1996,4,-63.967,86.75,2,HumanObservation,,AADC
88725_Eden2009:deployment:0784413,2008-12-04T12:04:00,2008,12,-52.2562872881529,154.431121087567,,MachineObservation,,
urn:catalog:AADC:WC:5887,1939-01-01 00:00:00+00,1939,1,-59.5,104.5,2,HumanObservation,,AADC
88725_Eden2009:deployment:0784480,2008-12-10T02:04:00,2008,12,-59.0314424948999,157.901403330104,,MachineObservation,,
https://www.inaturalist.org/observations/250009736,2018-01-30T14:58:00+09:00,,,-64.21442,139.830245833,,HumanObservation,iNaturalist research-grade observations,iNaturalist
98114_JIP2010:deployment:0791034,2010-11-18T00:15:00,2010,11,-52.8955873335122,159.206803228345,,MachineObservation,,
98129_JIP2010:deployment:0791905,2010-12-05T22:44:00,2010,12,-47.3758886296206,150.54288064496,,MachineObservation,,
64235_JIP2010:deployment:0781390,2010-11-19T11:10:00,2010,11,-56.2900118612874,156.039127305434,,MachineObservation,,
88728_Eden2009:deployment:0785818,2009-01-17T06:51:00,2009,1,-63.8584315519272,160.898884246967,,MachineObservation,,
13440_131178:deployment:0769332,2015-12-15T07:30:49,2015,12,-57.4110211615681,177.5328288653,,MachineObservation,,
88741_Eden2009:deployment:0789387,2008-12-23T01:13:00,2008,12,-62.0771984850046,163.961516214532,,MachineObservation,,
88729_Eden2009:deployment:0786603,2008-12-18T02:40:00,2008,12,-63.2731894395064,119.930580037883,,MachineObservation,,
88725_Eden2009:deployment:0784588,2008-12-19T02:04:00,2008,12,-62.8091666075894,157.331397975649,,MachineObservation,,
urn:catalog:AADC:WC:5884,1939-01-01 00:00:00+00,1939,1,-59.5,99.5,10,HumanObservation,,AADC
88741_Eden2009:deployment:0789210,2008-12-08T07:13:00,2008,12,-55.5951310628573,170.531333026712,,MachineObservation,,
urn:catalog:AADC:WC:5712,1936-01-01 00:00:00+00,1936,1,-59.5,94.5,16,HumanObservation,,AADC
88725_Eden2009:deployment:0784545,2008-12-15T12:04:00,2008,12,-62.2819226963464,156.282108695849,,MachineObservation,,
98114_JIP2010:deployment:0791074,2010-11-21T08:15:00,2010,11,-56.5292602837462,159.829884115331,,MachineObservation,,
88741_Eden2009:deployment:0789159,2008-12-04T01:13:00,2008,12,-51.9408333959664,170.707596240242,,MachineObservation,,
88729_Eden2009:deployment:0786578,2008-12-16T00:40:00,2008,12,-63.1193037158068,119.422228791354,,MachineObservation,,
urn:catalog:AADC:SOWS:SOWS-92745,2001-01-11 00:00:00Z,2001,1,-63.9,81.263,1,HumanObservation,,AADC
88729_Eden2009:deployment:0786883,2009-01-10T10:40:00,2009,1,-64.409580578791,118.914406952915,,MachineObservation,,
13440_131178:deployment:0769147,2015-11-29T21:30:49,2015,11,-49.4152206367596,177.003901187193,,MachineObservation,,
88733_Eden2009:deployment:0787853,2008-11-15T17:00:00,2008,11,-49.1927822012486,161.74453171657,,MachineObservation,,
88733_Eden2009:deployment:0788046,2008-12-01T19:00:00,2008,12,-61.6172835469983,174.825409050149,,MachineObservation,,
88728_Eden2009:deployment:0785948,2009-01-28T02:51:00,2009,1,-64.5314530133667,158.056185451875,,MachineObservation,,
88729_Eden2009:deployment:0786561,2008-12-14T14:40:00,2008,12,-63.0109439421454,119.479344307647,,MachineObservation,,
98114_JIP2010:deployment:0791241,2010-12-05T06:15:00,2010,12,-61.5621405991161,157.513776927207,,MachineObservation,,
88729_Eden2009:deployment:0786912,2009-01-12T20:40:00,2009,1,-64.6401242583653,116.864417411054,,MachineObservation,,
13440_131190:deployment:0776382,2015-12-06T10:31:20,2015,12,-61.3515448361972,177.798586923707,,MachineObservation,,
88718_Eden2009:deployment:0782723,2009-01-05T10:34:00,2009,1,-63.2684665355556,177.09620696569,,MachineObservation,,
urn:catalog:AADC:WC:5682,1935-01-01 00:00:00+00,1935,1,-63.5,80.5,8,HumanObservation,,AADC
88741_Eden2009:deployment:0789308,2008-12-16T11:13:00,2008,12,-62.2494298825523,164.662390818822,,MachineObservation,,
88741_Eden2009:deployment:0789069,2008-11-26T13:13:00,2008,11,-46.5704034338028,166.760590945661,,MachineObservation,,
644822,2026-01-30T11:48:08,2026,1,-64.088747,173.149559,1,HumanObservation,Happywhale - Humpback whale in Southern Ocean,Happywhale.com
88732_Eden2009:deployment:0787491,2008-11-19T19:33:00,2008,11,-45.8343013826881,164.143565390347,,MachineObservation,,
98129_JIP2010:deployment:0791897,2010-12-05T06:44:00,2010,12,-47.3478881696438,149.892639055257,,MachineObservation,,
88733_Eden2009:deployment:0787947,2008-11-23T13:00:00,2008,11,-55.312700343771,170.263293850591,,MachineObservation,,
88725_Eden2009:deployment:0784767,2009-01-03T00:04:00,2009,1,-62.0861559491843,152.189108307401,,MachineObservation,,
88728_Eden2009:deployment:0785215,2008-11-28T00:51:00,2008,11,-53.8228315923014,156.864200530057,,MachineObservation,,
88729_Eden2009:deployment:0786362,2008-11-28T00:40:00,2008,11,-54.6906407313923,129.394676358839,,MachineObservation,,
88732_Eden2009:deployment:0787540,2008-11-23T21:33:00,2008,11,-47.2283349151037,165.238406017102,,MachineObservation,,
98129_JIP2010:deployment:0792527,2011-01-26T18:44:00,2011,1,-64.9713922196745,165.360631409762,,MachineObservation,,
88729_Eden2009:deployment:0786232,2008-11-17T04:40:00,2008,11,-46.952344346424,137.673317130746,,MachineObservation,,
88723_Eden2009:deployment:0783725,2008-12-27T15:02:00,2008,12,-63.2042913652908,169.641632641064,,MachineObservation,,
88725_Eden2009:deployment:0784717,2008-12-29T20:04:00,2008,12,-62.6513626403645,153.52814921657,,MachineObservation,,
98129_JIP2010:deployment:0791980,2010-12-12T04:44:00,2010,12,-50.7565673503604,157.084609821255,,MachineObservation,,
88729_Eden2009:deployment:0786600,2008-12-17T20:40:00,2008,12,-63.2384917510845,119.812098724051,,MachineObservation,,
88729_Eden2009:deployment:0786526,2008-12-11T16:40:00,2008,12,-62.8965728325423,118.781759685166,,MachineObservation,,
88725_Eden2009:deployment:0784787,2009-01-04T16:04:00,2009,1,-61.8947473901161,151.856012015703,,MachineObservation,,
98114_JIP2010:deployment:0791182,2010-11-30T08:15:00,2010,11,-61.0063482950269,158.050329799349,,MachineObservation,,
98129_JIP2010:deployment:0792299,2011-01-07T18:44:00,2011,1,-64.4088822658017,170.085708339118,,MachineObservation,,
88732_Eden2009:deployment:0787493,2008-11-19T23:33:00,2008,11,-45.8134652293617,164.200406054976,,MachineObservation,,
88741_Eden2009:deployment:0789242,2008-12-10T23:13:00,2008,12,-57.4340974787422,169.136234294923,,MachineObservation,,
urn:catalog:AADC:WC:5855,1938-01-01 00:00:00+00,1938,1,-61.5,98.5,13,HumanObservation,,AADC
88725_Eden2009:deployment:0784344,2008-11-28T18:04:00,2008,11,-45.5262052657606,150.398181707101,,MachineObservation,,
88728_Eden2009:deployment:0785223,2008-11-28T16:51:00,2008,11,-54.5292744198665,157.022400964495,,MachineObservation,,
88728_Eden2009:deployment:0785811,2009-01-16T16:51:00,2009,1,-63.6966487816672,159.566706668068,,MachineObservation,,
88728_Eden2009:deployment:0785430,2008-12-15T22:51:00,2008,12,-62.2695366934814,157.687092742442,,MachineObservation,,
98114_JIP2010:deployment:0791005,2010-11-15T14:15:00,2010,11,-49.6122621226742,160.091306611741,,MachineObservation,,
urn:catalog:AADC:WC:5923,1950-01-01 00:00:00+00,1950,1,-59.5,86.5,21,HumanObservation,,AADC
88732_Eden2009:deployment:0787575,2008-11-26T19:33:00,2008,11,-50.1704765097936,163.666949161974,,MachineObservation,,
88738_Eden2009:deployment:0788686,2008-12-16T23:06:00,2008,12,-63.8554927435224,149.123802954812,,MachineObservation,,
88728_Eden2009:deployment:0785943,2009-01-27T16:51:00,2009,1,-64.3843186231013,157.985138251903,,MachineObservation,,
urn:catalog:AADC:WOV:WOV-149450,2000-11-03 22:09:00+00,2000,11,-46.1333,126.05,1,HumanObservation,,AADC
88728_Eden2009:deployment:0785129,2008-11-20T20:51:00,2008,11,-49.3424131985724,152.454362186529,,MachineObservation,,
88728_Eden2009:deployment:0785719,2009-01-09T00:51:00,2009,1,-62.6180426949978,154.035866876247,,MachineObservation,,
88725_Eden2009:deployment:0784612,2008-12-21T02:04:00,2008,12,-62.8601446242296,158.059835403444,,MachineObservation,,
88733_Eden2009:deployment:0787880,2008-11-17T23:00:00,2008,11,-50.6320033498816,164.452428898323,,MachineObservation,,
88738_Eden2009:deployment:0788747,2008-12-22T01:06:00,2008,12,-64.3489966415691,148.525668734139,,MachineObservation,,
88732_Eden2009:deployment:0787509,2008-11-21T07:33:00,2008,11,-46.0325809259416,164.829787718203,,MachineObservation,,
88728_Eden2009:deployment:0785080,2008-11-16T18:51:00,2008,11,-46.2162101986633,151.678443834175,,MachineObservation,,
88723_Eden2009:deployment:0783488,2008-12-07T21:02:00,2008,12,-47.1921709814352,167.197381652614,,MachineObservation,,
88725_Eden2009:deployment:0784696,2008-12-28T02:04:00,2008,12,-63.1571028300235,155.848050540284,,MachineObservation,,
https://www.inaturalist.org/observations/146405089,2013-12-08T12:55:00+09:00,,,-63.8081988617,140.8867190323,,HumanObservation,iNaturalist research-grade observations,iNaturalist
88728_Eden2009:deployment:0785823,2009-01-17T16:51:00,2009,1,-63.9800396768953,161.465297538266,,MachineObservation,,
88718_Eden2009:deployment:0782724,2009-01-05T12:34:00,2009,1,-63.3431315440255,177.139300079192,,MachineObservation,,
13440_131178:deployment:0769180,2015-12-02T15:30:49,2015,12,-49.7152858109805,176.37558512014,,MachineObservation,,
88728_Eden2009:deployment:0785499,2008-12-21T16:51:00,2008,12,-64.0629969526693,157.981538315699,,MachineObservation,,
88741_Eden2009:deployment:0789496,2009-01-01T03:13:00,2009,1,-62.6751012509881,159.568101025126,,MachineObservation,,
88725_Eden2009:deployment:0784347,2008-11-29T00:04:00,2008,11,-45.8846407945243,150.570269664997,,MachineObservation,,
88728_Eden2009:deployment:0785373,2008-12-11T04:51:00,2008,12,-61.961147057277,156.752246567444,,MachineObservation,,
88718_Eden2009:deployment:0782699,2009-01-03T10:34:00,2009,1,-62.165284623116,176.030010604217,,MachineObservation,,
88741_Eden2009:deployment:0789554,2009-01-05T23:13:00,2009,1,-62.4342028116504,157.905986242535,,MachineObservation,,
98114_JIP2010:deployment:0791012,2010-11-16T04:15:00,2010,11,-50.2468880976551,159.976370787661,,MachineObservation,,
88729_Eden2009:deployment:0786416,2008-12-02T12:40:00,2008,12,-57.9979107982268,123.707138545285,,MachineObservation,,
88725_Eden2009:deployment:0784694,2008-12-27T22:04:00,2008,12,-63.1256707518621,156.075718895043,,MachineObservation,,
88723_Eden2009:deployment:0783590,2008-12-16T09:02:00,2008,12,-56.2466891738881,173.18731500754,,MachineObservation,,
88733_Eden2009:deployment:0787771,2008-11-08T21:00:00,2008,11,-46.0280498820362,154.181155426625,,MachineObservation,,
98129_JIP2010:deployment:0792131,2010-12-24T18:44:00,2010,12,-57.0570138226648,166.106028908143,,MachineObservation,,
88729_Eden2009:deployment:0786689,2008-12-25T06:40:00,2008,12,-63.4169944530222,119.508842453334,,MachineObservation,,
urn:catalog:AADC:WC:5658,1935-01-01 00:00:00+00,1935,1,-60.5,94.5,9,HumanObservation,,AADC
88733_Eden2009:deployment:0787836,2008-11-14T07:00:00,2008,11,-48.438397198535,159.710532655513,,MachineObservation,,
98129_JIP2010:deployment:0792528,2011-01-26T20:44:00,2011,1,-64.935894086189,165.31305722103,,MachineObservation,,
urn:catalog:AADC:WC:5920,1950-01-01 00:00:00+00,1950,1,-57.5,88.5,6,HumanObservation,,AADC
88728_Eden2009:deployment:0785573,2008-12-27T20:51:00,2008,12,-62.2038703542842,155.469937288555,,MachineObservation,,
88718_Eden2009:deployment:0782718,2009-01-05T00:34:00,2009,1,-63.0246224380644,177.082660134193,,MachineObservation,,
98129_JIP2010:deployment:0792062,2010-12-19T00:44:00,2010,12,-53.7817238536686,162.686609808679,,MachineObservation,,
88732_Eden2009:deployment:0787442,2008-11-15T17:33:00,2008,11,-45.8704861040663,164.106637368223,,MachineObservation,,
13440_131190:deployment:0776407,2015-12-08T12:31:20,2015,12,-61.6745405178699,177.46442750582,,MachineObservation,,
88729_Eden2009:deployment:0786580,2008-12-16T04:40:00,2008,12,-63.0693284858113,119.471562220888,,MachineObservation,,
88723_Eden2009:deployment:0783911,2009-01-12T03:02:00,2009,1,-64.0815066177888,168.568835479481,,MachineObservation,,
88725_Eden2009:deployment:0784356,2008-11-29T18:04:00,2008,11,-46.6731934515956,151.120084519124,,MachineObservation,,
98129_JIP2010:deployment:0791977,2010-12-11T22:44:00,2010,12,-50.5496086936345,156.850739404639,,MachineObservation,,
218717,2008-01-07T10:37:42,2008,1,-62.47,87.04,1,HumanObservation,Happywhale - Humpback whale in Southern Ocean,Happywhale.com
88723_Eden2009:deployment:0783914,2009-01-12T09:02:00,2009,1,-64.142241171768,168.589987120903,,MachineObservation,,
13440_131178:deployment:0769050,2015-11-21T19:30:49,2015,11,-46.7197608544249,177.265247621308,,MachineObservation,,
88723_Eden2009:deployment:0783731,2008-12-28T03:02:00,2008,12,-63.2024442989736,169.55352934537,,MachineObservation,,
88741_Eden2009:deployment:0789788,2009-01-25T11:13:00,2009,1,-64.054049990232,160.736259862725,,MachineObservation,,
13440_131190:deployment:0776385,2015-12-06T16:31:20,2015,12,-61.4661382381989,177.771640850554,,MachineObservation,,
88741_Eden2009:deployment:0790342,2009-03-12T15:13:00,2009,3,-64.1282518267635,164.686095451633,,MachineObservation,,
64235_JIP2010:deployment:0781336,2010-11-14T23:10:00,2010,11,-51.0681949420198,152.712699820677,,MachineObservation,,
88741_Eden2009:deployment:0789407,2008-12-24T17:13:00,2008,12,-62.97759125116,163.06561539803,,MachineObservation,,
urn:catalog:AADC:WC:5578,1933-01-01 00:00:00+00,1933,1,-63.5,91.5,4,HumanObservation,,AADC
88741_Eden2009:deployment:0789297,2008-12-15T13:13:00,2008,12,-61.9162212617313,165.341118373283,,MachineObservation,,
88723_Eden2009:deployment:0783765,2008-12-30T23:02:00,2008,12,-63.0714563018473,169.564942080499,,MachineObservation,,
98114_JIP2010:deployment:0791100,2010-11-23T12:15:00,2010,11,-59.9152035150722,158.691118028651,,MachineObservation,,
88723_Eden2009:deployment:0783835,2009-01-05T19:02:00,2009,1,-63.2327958539046,167.730091370978,,MachineObservation,,
88729_Eden2009:deployment:0786695,2008-12-25T18:40:00,2008,12,-63.3371948860444,119.498202056586,,MachineObservation,,
urn:catalog:AADC:WC:5908,1939-01-01 00:00:00+00,1939,1,-61.5,103.5,14,HumanObservation,,AADC
88728_Eden2009:deployment:0785399,2008-12-13T08:51:00,2008,12,-62.0027443430568,157.043968090236,,MachineObservation,,
88725_Eden2009:deployment:0784814,2009-01-06T22:04:00,2009,1,-61.8349728252442,150.622382114009,,MachineObservation,,
88741_Eden2009:deployment:0789837,2009-01-29T13:13:00,2009,1,-64.656111449459,161.5917944491,,MachineObservation,,
in2017_v01_09932,2017-02-14T04:26:00Z,,,-64.60194,119.57306,3,HumanObservation,,Macquarie University
88718_Eden2009:deployment:0782476,2008-12-15T20:34:00,2008,12,-45.0441834430977,151.108589184274,,MachineObservation,,
88738_Eden2009:deployment:0788736,2008-12-21T03:06:00,2008,12,-64.1804053680384,148.779397444944,,MachineObservation,,
88741_Eden2009:deployment:0789671,2009-01-15T17:13:00,2009,1,-62.9072255152699,156.218615765,,MachineObservation,,
https://www.inaturalist.org/observations/258496959,2025-01-15T06:59:00+11:00,,,-63.8130523391,169.8731771631,,HumanObservation,iNaturalist research-grade observations,iNaturalist
98114_JIP2010:deployment:0790975,2010-11-13T02:15:00,2010,11,-46.6143026194546,160.291251111096,,MachineObservation,,
88729_Eden2009:deployment:0786672,2008-12-23T20:40:00,2008,12,-63.428298302188,120.079436056033,,MachineObservation,,
urn:catalog:AADC:WC:5698,1936-01-01 00:00:00+00,1936,1,-57.5,90.5,9,HumanObservation,,AADC
88728_Eden2009:deployment:0785698,2009-01-07T06:51:00,2009,1,-62.3755332242277,154.435751153627,,MachineObservation,,
88738_Eden2009:deployment:0788515,2008-12-02T17:06:00,2008,12,-59.8408711651618,151.18702740573,,MachineObservation,,
98129_JIP2010:deployment:0791911,2010-12-06T10:44:00,2010,12,-47.6316613634225,150.983205931243,,MachineObservation,,
98114_JIP2010:deployment:0790990,2010-11-14T08:15:00,2010,11,-47.937436075727,160.377758573866,,MachineObservation,,
88729_Eden2009:deployment:0786282,2008-11-21T08:40:00,2008,11,-49.7763522344888,134.335696247265,,MachineObservation,,
88718_Eden2009:deployment:0782703,2009-01-03T18:34:00,2009,1,-62.4256702792565,176.676778959526,,MachineObservation,,
88729_Eden2009:deployment:0786629,2008-12-20T06:40:00,2008,12,-63.3045884547943,119.35984908732,,MachineObservation,,
13440_131178:deployment:0769258,2015-12-09T03:30:49,2015,12,-52.4729526764752,177.358882610637,,MachineObservation,,
88718_Eden2009:deployment:0782661,2008-12-31T06:34:00,2008,12,-58.5986387052502,171.825400087247,,MachineObservation,,
88741_Eden2009:deployment:0789211,2008-12-08T09:13:00,2008,12,-55.5742479783634,170.471120965127,,MachineObservation,,
urn:catalog:AADC:WC:5819,1938-01-01 00:00:00+00,1938,1,-58.5,105.5,2,HumanObservation,,AADC
88729_Eden2009:deployment:0786928,2009-01-14T04:40:00,2009,1,-63.8724875839615,115.486315326544,,MachineObservation,,
13440_131190:deployment:0776165,2015-11-18T08:31:20,2015,11,-48.8632264311111,179.934024101006,,MachineObservation,,
88741_Eden2009:deployment:0789394,2008-12-23T15:13:00,2008,12,-62.4206868920705,163.422030867833,,MachineObservation,,
98114_JIP2010:deployment:0791016,2010-11-16T12:15:00,2010,11,-50.6184401407203,159.895905138115,,MachineObservation,,
88718_Eden2009:deployment:0782667,2008-12-31T18:34:00,2008,12,-59.0037456406462,172.624737138195,,MachineObservation,,
88732_Eden2009:deployment:0787501,2008-11-20T15:33:00,2008,11,-45.9380553896776,164.67141363017,,MachineObservation,,
88728_Eden2009:deployment:0785493,2008-12-21T04:51:00,2008,12,-64.1668850313337,158.065099983036,,MachineObservation,,
98129_JIP2010:deployment:0791922,2010-12-07T08:44:00,2010,12,-48.1458961295346,151.861827941501,,MachineObservation,,
urn:catalog:AADC:WC:5951,1952-01-01 00:00:00+00,1952,1,-62.5,86.5,38,HumanObservation,,AADC
88723_Eden2009:deployment:0783512,2008-12-09T21:02:00,2008,12,-49.3307947365882,168.529155739073,,MachineObservation,,
88741_Eden2009:deployment:0789825,2009-01-28T13:13:00,2009,1,-64.3509232179168,161.351101837317,,MachineObservation,,
88728_Eden2009:deployment:0785455,2008-12-18T00:51:00,2008,12,-63.2975075383695,158.479938977089,,MachineObservation,,
urn:catalog:AADC:WC:5630,1935-01-01 00:00:00+00,1935,1,-58.5,101.5,3,HumanObservation,,AADC
88738_Eden2009:deployment:0788465,2008-11-28T13:06:00,2008,11,-56.1999033475146,153.381757544946,,MachineObservation,,
218747,2008-01-07T08:33:47,2008,1,-62.47,87.04,1,HumanObservation,Happywhale - Humpback whale in Southern Ocean,Happywhale.com
98114_JIP2010:deployment:0791108,2010-11-24T04:15:00,2010,11,-60.4286133800625,158.525676933913,,MachineObservation,,
88732_Eden2009:deployment:0787460,2008-11-17T05:33:00,2008,11,-45.929872726453,164.288270129969,,MachineObservation,,
98114_JIP2010:deployment:0791266,2010-12-07T08:15:00,2010,12,-61.9960485434951,157.589416706251,,MachineObservation,,
88733_Eden2009:deployment:0787946,2008-11-23T11:00:00,2008,11,-55.3090460788513,170.198040818369,,MachineObservation,,
88741_Eden2009:deployment:0789303,2008-12-16T01:13:00,2008,12,-62.1391651141867,164.966596192547,,MachineObservation,,
88728_Eden2009:deployment:0785236,2008-11-29T18:51:00,2008,11,-54.9729306495348,156.863268177966,,MachineObservation,,
urn:catalog:AADC:SOWS:SOWS-92566,2002-02-05 02:12:00Z,2002,2,-62.45,94.63,2,HumanObservation,,AADC
88741_Eden2009:deployment:0789422,2008-12-25T23:13:00,2008,12,-63.2669011134752,162.549636316333,,MachineObservation,,
88741_Eden2009:deployment:0789056,2008-11-25T11:13:00,2008,11,-45.73059242289,166.216437384412,,MachineObservation,,
13440_131190:deployment:0776336,2015-12-02T14:31:20,2015,12,-58.2767392650025,178.94375950573,,MachineObservation,,
88728_Eden2009:deployment:0785605,2008-12-30T12:51:00,2008,12,-62.1574451926615,155.702590241398,,MachineObservation,,
88718_Eden2009:deployment:0782714,2009-01-04T16:34:00,2009,1,-62.9462714688434,177.245958973935,,MachineObservation,,
13440_131178:deployment:0769349,2015-12-16T17:30:49,2015,12,-58.7606982514381,178.318259797867,,MachineObservation,,
88729_Eden2009:deployment:0786260,2008-11-19T12:40:00,2008,11,-48.1512819363128,135.443576717449,,MachineObservation,,
88733_Eden2009:deployment:0788062,2008-12-03T03:00:00,2008,12,-62.682201720944,175.225454374277,,MachineObservation,,
88725_Eden2009:deployment:0784551,2008-12-16T00:04:00,2008,12,-62.3425308672117,156.314941334945,,MachineObservation,,
88733_Eden2009:deployment:0787789,2008-11-10T09:00:00,2008,11,-46.9032356915124,155.92247019472,,MachineObservation,,
88725_Eden2009:deployment:0784512,2008-12-12T18:04:00,2008,12,-61.3489087664942,156.129858516542,,MachineObservation,,
88741_Eden2009:deployment:0789511,2009-01-02T09:13:00,2009,1,-62.4756868492918,158.766144541343,,MachineObservation,,
13440_131190:deployment:0776223,2015-11-23T04:31:20,2015,11,-50.961309823454,177.745083586362,,MachineObservation,,
88728_Eden2009:deployment:0785409,2008-12-14T04:51:00,2008,12,-61.9585827967996,156.789700505231,,MachineObservation,,
88728_Eden2009:deployment:0785613,2008-12-31T04:51:00,2008,12,-62.1221759690183,155.658415863387,,MachineObservation,,
13440_131178:deployment:0769204,2015-12-04T15:30:49,2015,12,-50.365266673491,177.51287514338,,MachineObservation,,
88723_Eden2009:deployment:0783615,2008-12-18T11:02:00,2008,12,-58.4124786140357,172.168251187828,,MachineObservation,,
88723_Eden2009:deployment:0783510,2008-12-09T17:02:00,2008,12,-49.0958275197505,168.427812423463,,MachineObservation,,
88718_Eden2009:deployment:0782578,2008-12-24T08:34:00,2008,12,-51.9864048505078,161.653592457215,,MachineObservation,,
64235_JIP2010:deployment:0781343,2010-11-15T13:10:00,2010,11,-51.6121171121257,152.987488897663,,MachineObservation,,
98114_JIP2010:deployment:0791098,2010-11-23T08:15:00,2010,11,-59.6770294984453,158.783076033684,,MachineObservation,,
88729_Eden2009:deployment:0787080,2009-01-26T20:40:00,2009,1,-62.7310446944629,103.446596557985,,MachineObservation,,
88738_Eden2009:deployment:0788371,2008-11-20T17:06:00,2008,11,-47.1173541798365,148.22547264558,,MachineObservation,,
88725_Eden2009:deployment:0784853,2009-01-10T04:04:00,2009,1,-62.3823540866415,150.157482240278,,MachineObservation,,
64235_JIP2010:deployment:0781442,2010-11-23T19:10:00,2010,11,-60.2950807858303,157.520245588446,,MachineObservation,,
88725_Eden2009:deployment:0784650,2008-12-24T06:04:00,2008,12,-62.8959283812397,157.273538145798,,MachineObservation,,
88725_Eden2009:deployment:0784811,2009-01-06T16:04:00,2009,1,-61.844541917118,150.889282953948,,MachineObservation,,
64235_JIP2010:deployment:0781477,2010-11-26T17:10:00,2010,11,-60.7027273814831,157.983683799415,,MachineObservation,,
88725_Eden2009:deployment:0784676,2008-12-26T10:04:00,2008,12,-62.7584501866608,158.223511806763,,MachineObservation,,
88718_Eden2009:deployment:0782737,2009-01-06T14:34:00,2009,1,-64.4094249484087,177.980859088709,,MachineObservation,,
88728_Eden2009:deployment:0785211,2008-11-27T16:51:00,2008,11,-53.5820201222644,156.739747760807,,MachineObservation,,
88738_Eden2009:deployment:0788381,2008-11-21T13:06:00,2008,11,-48.1347713675317,148.653619989105,,MachineObservation,,
88738_Eden2009:deployment:0788663,2008-12-15T01:06:00,2008,12,-63.7278096227589,149.467099200684,,MachineObservation,,
88729_Eden2009:deployment:0786873,2009-01-09T14:40:00,2009,1,-64.1355421903199,119.693803357246,,MachineObservation,,
13440_131190:deployment:0776426,2015-12-10T02:31:20,2015,12,-62.9782025539161,175.38968909854,,MachineObservation,,
88725_Eden2009:deployment:0784485,2008-12-10T12:04:00,2008,12,-59.393491115648,157.743886444535,,MachineObservation,,
urn:catalog:AADC:SOWS:SOWS-93609,1996-01-26 00:07:42Z,1996,1,-62.81837,98.91798,2,HumanObservation,,AADC
64235_JIP2010:deployment:0781338,2010-11-15T03:10:00,2010,11,-51.243170096911,152.741571518711,,MachineObservation,,
98114_JIP2010:deployment:0791117,2010-11-24T22:15:00,2010,11,-60.4770709032378,158.563757373189,,MachineObservation,,
13440_131178:deployment:0769361,2015-12-17T17:30:49,2015,12,-60.0609813872407,179.560677753843,,MachineObservation,,
urn:catalog:AADC:WC:5812,1938-01-01 00:00:00+00,1938,1,-58.5,94.5,12,HumanObservation,,AADC
13440_131178:deployment:0769150,2015-11-30T03:30:49,2015,11,-49.3628357936856,176.903514728135,,MachineObservation,,
88725_Eden2009:deployment:0784379,2008-12-01T16:04:00,2008,12,-49.0615355764207,152.632040938582,,MachineObservation,,
88733_Eden2009:deployment:0788076,2008-12-04T07:00:00,2008,12,-63.7495754088477,176.382182583196,,MachineObservation,,
88729_Eden2009:deployment:0786283,2008-11-21T10:40:00,2008,11,-49.8379112301996,134.25753699347,,MachineObservation,,
13440_131178:deployment:0769194,2015-12-03T19:30:49,2015,12,-50.2659257607547,177.031144383169,,MachineObservation,,
urn:catalog:AADC:WC:5948,1951-01-01 00:00:00+00,1951,1,-62.5,96.5,27,HumanObservation,,AADC
88728_Eden2009:deployment:0785262,2008-12-01T22:51:00,2008,12,-56.5848066395856,156.457979964938,,MachineObservation,,
88741_Eden2009:deployment:0789714,2009-01-19T07:13:00,2009,1,-63.1831904589539,155.569373888292,,MachineObservation,,
88729_Eden2009:deployment:0786422,2008-12-03T00:40:00,2008,12,-58.4638639914912,123.220729676468,,MachineObservation,,
88741_Eden2009:deployment:0790361,2009-03-14T05:13:00,2009,3,-64.2527516993038,164.850796357474,,MachineObservation,,
urn:catalog:AADC:WC:5631,1935-01-01 00:00:00+00,1935,1,-58.5,102.5,1,HumanObservation,,AADC
urn:catalog:AADC:WC:5785,1937-01-01 00:00:00+00,1937,1,-62.5,96.5,91,HumanObservation,,AADC
88728_Eden2009:deployment:0785216,2008-11-28T02:51:00,2008,11,-53.8992258302744,156.902870296836,,MachineObservation,,
88723_Eden2009:deployment:0783866,2009-01-08T09:02:00,2009,1,-63.3405873430093,168.413358674764,,MachineObservation,,
urn:catalog:AADC:SOWS:SOWS-93230,2000-01-14 02:35:05Z,2000,1,-59.97,100.67,2,HumanObservation,,AADC
88741_Eden2009:deployment:0789587,2009-01-08T17:13:00,2009,1,-62.2431840523835,157.68417012892,,MachineObservation,,
88723_Eden2009:deployment:0783794,2009-01-02T09:02:00,2009,1,-63.2945052062705,168.121204623543,,MachineObservation,,
urn:catalog:AADC:SOWS:SOWS-93706,1996-02-06 02:58:19Z,1996,2,-63.00807,89.79414,1,HumanObservation,,AADC
13440_131178:deployment:0769051,2015-11-21T21:30:49,2015,11,-46.8142819747699,177.289010554415,,MachineObservation,,
88741_Eden2009:deployment:0789432,2008-12-26T19:13:00,2008,12,-63.4503579074832,162.796505393587,,MachineObservation,,
88729_Eden2009:deployment:0786879,2009-01-10T02:40:00,2009,1,-64.3592176790727,118.960514370095,,MachineObservation,,
88725_Eden2009:deployment:0784743,2009-01-01T00:04:00,2009,1,-62.4115072730972,152.836790912824,,MachineObservation,,
88733_Eden2009:deployment:0788064,2008-12-03T07:00:00,2008,12,-62.832399124869,175.311668974473,,MachineObservation,,
88728_Eden2009:deployment:0785712,2009-01-08T10:51:00,2009,1,-62.4750083425559,154.35872289568,,MachineObservation,,
98114_JIP2010:deployment:0791233,2010-12-04T14:15:00,2010,12,-61.4033956256214,157.464448268347,,MachineObservation,,
88729_Eden2009:deployment:0786740,2008-12-29T12:40:00,2008,12,-63.9267604074632,118.202383007462,,MachineObservation,,
88738_Eden2009:deployment:0788384,2008-11-21T19:06:00,2008,11,-48.4447977478097,148.846984425398,,MachineObservation,,
88738_Eden2009:deployment:0788358,2008-11-19T15:06:00,2008,11,-46.080535025458,147.347675641539,,MachineObservation,,
88728_Eden2009:deployment:0785897,2009-01-23T20:51:00,2009,1,-64.9940774420635,160.177982177982,,MachineObservation,,
88729_Eden2009:deployment:0787166,2009-02-03T00:40:00,2009,2,-60.9591605798289,101.280803119707,,MachineObservation,,
13440_131178:deployment:0769191,2015-12-03T13:30:49,2015,12,-50.1377888636002,176.840731982372,,MachineObservation,,
urn:catalog:AADC:WC:5949,1952-01-01 00:00:00+00,1952,1,-60.5,81.5,45,HumanObservation,,AADC
64235_JIP2010:deployment:0781290,2010-11-11T03:10:00,2010,11,-47.9296456269296,149.905206361252,,MachineObservation,,
88738_Eden2009:deployment:0788657,2008-12-14T13:06:00,2008,12,-63.6444412621437,149.801265214148,,MachineObservation,,
88738_Eden2009:deployment:0788426,2008-11-25T07:06:00,2008,11,-51.9231823859595,151.308883709124,,MachineObservation,,
88733_Eden2009:deployment:0788031,2008-11-30T13:00:00,2008,11,-60.4929753897847,174.538523246841,,MachineObservation,,
88733_Eden2009:deployment:0787808,2008-11-11T23:00:00,2008,11,-47.5582187642479,157.642574924327,,MachineObservation,,
urn:catalog:AADC:WC:5714,1936-01-01 00:00:00+00,1936,1,-60.5,88.5,32,HumanObservation,,AADC
88725_Eden2009:deployment:0784484,2008-12-10T10:04:00,2008,12,-59.3275137099612,157.786269322974,,MachineObservation,,
64235_JIP2010:deployment:0781500,2010-11-28T15:10:00,2010,11,-61.0085193604404,157.878895918652,,MachineObservation,,
13440_131190:deployment:0776251,2015-11-25T12:31:20,2015,11,-53.1417344731412,177.431706592239,,MachineObservation,,
88741_Eden2009:deployment:0790134,2009-02-23T07:13:00,2009,2,-64.8950220913538,163.4816056247,,MachineObservation,,
88718_Eden2009:deployment:0782717,2009-01-04T22:34:00,2009,1,-62.9962793610612,177.111494635572,,MachineObservation,,
88729_Eden2009:deployment:0786523,2008-12-11T10:40:00,2008,12,-62.6697153216446,118.831685348994,,MachineObservation,,
88723_Eden2009:deployment:0783902,2009-01-11T09:02:00,2009,1,-63.9717890089256,168.573614501855,,MachineObservation,,
88729_Eden2009:deployment:0786209,2008-11-15T06:40:00,2008,11,-45.6686419654743,139.286006765859,,MachineObservation,,
88741_Eden2009:deployment:0789639,2009-01-13T01:13:00,2009,1,-62.6652732733609,156.000293795846,,MachineObservation,,
88741_Eden2009:deployment:0789156,2008-12-03T19:13:00,2008,12,-51.6771768891222,170.700712137938,,MachineObservation,,
13440_131190:deployment:0776348,2015-12-03T14:31:20,2015,12,-59.1963436023081,178.950808863978,,MachineObservation,,
64235_JIP2010:deployment:0781383,2010-11-18T21:10:00,2010,11,-55.5738578428961,155.436662803004,,MachineObservation,,
88725_Eden2009:deployment:0784599,2008-12-20T00:04:00,2008,12,-62.8442717068275,157.53422478488,,MachineObservation,,
64235_JIP2010:deployment:0781388,2010-11-19T07:10:00,2010,11,-56.0368262105617,155.821445923338,,MachineObservation,,
13440_131190:deployment:0776197,2015-11-21T00:31:20,2015,11,-49.5253707934007,179.005910937366,,MachineObservation,,
88741_Eden2009:deployment:0789439,2008-12-27T09:13:00,2008,12,-63.7645480580202,162.316509454523,,MachineObservation,,
88725_Eden2009:deployment:0784584,2008-12-18T18:04:00,2008,12,-62.8007237584993,157.202308820493,,MachineObservation,,
88728_Eden2009:deployment:0785068,2008-11-15T18:51:00,2008,11,-45.5900876343977,151.336644752777,,MachineObservation,,
urn:catalog:AADC:WC:5886,1939-01-01 00:00:00+00,1939,1,-59.5,102.5,8,HumanObservation,,AADC
88738_Eden2009:deployment:0788716,2008-12-19T11:06:00,2008,12,-64.1042633915521,148.972405562871,,MachineObservation,,
https://www.inaturalist.org/observations/265641671,2024-12-30T21:12:00+11:00,,,-49.119115,166.450382,,HumanObservation,iNaturalist research-grade observations,iNaturalist
88738_Eden2009:deployment:0788509,2008-12-02T05:06:00,2008,12,-59.7708109610603,151.212631161965,,MachineObservation,,
229474,2013-11-06T16:00:36,2013,11,-45.46,166.71,1,HumanObservation,Happywhale - Humpback whale in South Pacific Ocean,Happywhale.com
88741_Eden2009:deployment:0789534,2009-01-04T07:13:00,2009,1,-62.3941518311643,157.974648960486,,MachineObservation,,
88729_Eden2009:deployment:0786644,2008-12-21T12:40:00,2008,12,-63.3590992174334,119.82418633629,,MachineObservation,,
88718_Eden2009:deployment:0782615,2008-12-27T10:34:00,2008,12,-55.0267862739142,165.332289183871,,MachineObservation,,
13440_131178:deployment:0769290,2015-12-11T19:30:49,2015,12,-54.3628911546813,177.146342296831,,MachineObservation,,
88728_Eden2009:deployment:0785241,2008-11-30T04:51:00,2008,11,-55.0837617356344,156.703531789463,,MachineObservation,,
13440_131178:deployment:0769096,2015-11-25T15:30:49,2015,11,-48.4702487481932,176.941959880414,,MachineObservation,,
13440_131190:deployment:0776485,2015-12-15T00:31:20,2015,12,-63.5557418839742,178.756893180643,,MachineObservation,,
88729_Eden2009:deployment:0786485,2008-12-08T06:40:00,2008,12,-61.4009897229656,119.708801543314,,MachineObservation,,
64235_JIP2010:deployment:0781298,2010-11-11T19:10:00,2010,11,-48.5673383347582,150.393172688906,,MachineObservation,,
88729_Eden2009:deployment:0786891,2009-01-11T02:40:00,2009,1,-64.5180708116113,118.85998161003,,MachineObservation,,
88729_Eden2009:deployment:0786598,2008-12-17T16:40:00,2008,12,-63.2475544126207,119.673078475996,,MachineObservation,,
13440_131178:deployment:0769036,2015-11-20T15:30:49,2015,11,-45.8514870218557,177.675838567912,,MachineObservation,,
88741_Eden2009:deployment:0790131,2009-02-23T01:13:00,2009,2,-64.8087487792185,163.475327118054,,MachineObservation,,
urn:catalog:AADC:WC:5729,1936-01-01 00:00:00+00,1936,1,-64.5,81.5,8,HumanObservation,,AADC
98129_JIP2010:deployment:0792538,2011-01-27T16:44:00,2011,1,-64.9673928075231,165.070684968116,,MachineObservation,,
88729_Eden2009:deployment:0786844,2009-01-07T04:40:00,2009,1,-64.6579524376469,120.862884419024,,MachineObservation,,
urn:catalog:AADC:WC:5717,1936-01-01 00:00:00+00,1936,1,-61.5,87.5,6,HumanObservation,,AADC
13440_88727:deployment:0777109,2015-11-28T08:30:50,2015,11,-62.3531721164277,179.488505885221,,MachineObservation,,
98129_JIP2010:deployment:0791904,2010-12-05T20:44:00,2010,12,-47.3490976457796,150.470617533858,,MachineObservation,,
98129_JIP2010:deployment:0792022,2010-12-15T16:44:00,2010,12,-52.9388872453809,159.370534406085,,MachineObservation,,
urn:catalog:AADC:WC:5780,1937-01-01 00:00:00+00,1937,1,-62.5,91.5,4,HumanObservation,,AADC
urn:catalog:AADC:SOWS:SOWS-92839,2001-01-31 00:00:00Z,2001,1,-64.042,106.076,2,HumanObservation,,AADC
88741_Eden2009:deployment:0789632,2009-01-12T11:13:00,2009,1,-62.6287854091533,156.007688840319,,MachineObservation,,
13440_88727:deployment:0777138,2015-11-30T18:30:50,2015,11,-63.4635222660258,179.461918127905,,MachineObservation,,
88741_Eden2009:deployment:0789253,2008-12-11T21:13:00,2008,12,-58.3913539674187,168.474749696527,,MachineObservation,,
88729_Eden2009:deployment:0787121,2009-01-30T06:40:00,2009,1,-62.257475421684,102.524979135435,,MachineObservation,,
98114_JIP2010:deployment:0791282,2010-12-08T16:15:00,2010,12,-62.0847040288092,157.729877945588,,MachineObservation,,
88729_Eden2009:deployment:0787158,2009-02-02T08:40:00,2009,2,-61.2241929159418,101.553805016216,,MachineObservation,,
88738_Eden2009:deployment:0788550,2008-12-05T15:06:00,2008,12,-59.9907606304398,150.06067117667,,MachineObservation,,
88738_Eden2009:deployment:0788635,2008-12-12T17:06:00,2008,12,-63.6231672678085,150.642005161877,,MachineObservation,,
88741_Eden2009:deployment:0789335,2008-12-18T17:13:00,2008,12,-61.9034565021996,164.313821115759,,MachineObservation,,
98129_JIP2010:deployment:0792014,2010-12-15T00:44:00,2010,12,-52.4863741231341,159.037745755596,,MachineObservation,,
88741_Eden2009:deployment:0789106,2008-11-29T15:13:00,2008,11,-49.0262453237949,168.814079370101,,MachineObservation,,
64235_JIP2010:deployment:0781335,2010-11-14T21:10:00,2010,11,-50.9932301260961,152.702752447662,,MachineObservation,,
88729_Eden2009:deployment:0786918,2009-01-13T08:40:00,2009,1,-64.2160116896845,116.452627435348,,MachineObservation,,
13440_131190:deployment:0776473,2015-12-14T00:31:20,2015,12,-63.5775458461848,177.655765465628,,MachineObservation,,
88725_Eden2009:deployment:0784603,2008-12-20T08:04:00,2008,12,-62.8829475200338,157.683632588854,,MachineObservation,,
13440_131190:deployment:0776340,2015-12-02T22:31:20,2015,12,-58.4201194878826,178.880849203014,,MachineObservation,,
88741_Eden2009:deployment:0789676,2009-01-16T03:13:00,2009,1,-62.8809121794918,156.338756011818,,MachineObservation,,
88728_Eden2009:deployment:0785481,2008-12-20T04:51:00,2008,12,-63.9323893944611,159.474127791425,,MachineObservation,,
98129_JIP2010:deployment:0792140,2010-12-25T12:44:00,2010,12,-57.58347897521,166.807621837681,,MachineObservation,,
88728_Eden2009:deployment:0785349,2008-12-09T04:51:00,2008,12,-62.0342676535021,157.057236166789,,MachineObservation,,
64235_JIP2010:deployment:0781337,2010-11-15T01:10:00,2010,11,-51.1511879203693,152.725625194865,,MachineObservation,,
88728_Eden2009:deployment:0785309,2008-12-05T20:51:00,2008,12,-59.4299553880513,156.123010719429,,MachineObservation,,
88733_Eden2009:deployment:0787798,2008-11-11T03:00:00,2008,11,-47.2061137459459,156.564792212294,,MachineObservation,,
88738_Eden2009:deployment:0788742,2008-12-21T15:06:00,2008,12,-64.3050736208073,148.734977732343,,MachineObservation,,
88729_Eden2009:deployment:0787089,2009-01-27T14:40:00,2009,1,-62.7634033982178,103.464373402987,,MachineObservation,,
88741_Eden2009:deployment:0790378,2009-03-15T15:13:00,2009,3,-64.9965081020079,165.014708103299,,MachineObservation,,
88741_Eden2009:deployment:0790113,2009-02-21T13:13:00,2009,2,-64.9969386337321,163.972946822825,,MachineObservation,,
88729_Eden2009:deployment:0786542,2008-12-13T00:40:00,2008,12,-62.9187493048202,119.277714289926,,MachineObservation,,
88741_Eden2009:deployment:0790366,2009-03-14T15:13:00,2009,3,-64.1452194819489,164.900025518563,,MachineObservation,,
88738_Eden2009:deployment:0788360,2008-11-19T19:06:00,2008,11,-46.2682788774084,147.465818950017,,MachineObservation,,
88725_Eden2009:deployment:0784499,2008-12-11T16:04:00,2008,12,-60.6178419245586,156.630399994937,,MachineObservation,,
88728_Eden2009:deployment:0785958,2009-01-28T22:51:00,2009,1,-64.6074634440372,158.171781746739,,MachineObservation,,
88741_Eden2009:deployment:0789604,2009-01-10T03:13:00,2009,1,-62.4801370618554,157.983011288849,,MachineObservation,,
88738_Eden2009:deployment:0788457,2008-11-27T21:06:00,2008,11,-55.4260923915351,153.373641212915,,MachineObservation,,
98129_JIP2010:deployment:0792142,2010-12-25T16:44:00,2010,12,-57.6727397726418,167.052769444762,,MachineObservation,,
13440_131178:deployment:0769054,2015-11-22T03:30:49,2015,11,-46.8866935468832,177.391902295965,,MachineObservation,,
88738_Eden2009:deployment:0788404,2008-11-23T11:06:00,2008,11,-50.1107112810477,149.617513426437,,MachineObservation,,
urn:catalog:AADC:WC:5800,1938-01-01 00:00:00+00,1938,1,-57.5,85.5,9,HumanObservation,,AADC
urn:catalog:AADC:WC:5962,1956-01-01 00:00:00+00,1956,1,-62.5,82.5,15,HumanObservation,,AADC
13440_131190:deployment:0776240,2015-11-24T14:31:20,2015,11,-52.2595718031279,177.286366326912,,MachineObservation,,
98114_JIP2010:deployment:0791206,2010-12-02T08:15:00,2010,12,-61.1495073138007,157.905646228302,,MachineObservation,,
urn:catalog:AADC:WC:5617,1934-01-01 00:00:00+00,1934,1,-64.5,88.5,2,HumanObservation,,AADC
98129_JIP2010:deployment:0791928,2010-12-07T20:44:00,2010,12,-48.4054376449662,152.481653640953,,MachineObservation,,
88728_Eden2009:deployment:0785541,2008-12-25T04:51:00,2008,12,-63.2891390350536,156.073595035947,,MachineObservation,,
88725_Eden2009:deployment:0784426,2008-12-05T14:04:00,2008,12,-53.095118354471,154.659835140898,,MachineObservation,,
88728_Eden2009:deployment:0785637,2009-01-02T04:51:00,2009,1,-62.308192448016,155.628459836833,,MachineObservation,,
64235_JIP2010:deployment:0781382,2010-11-18T19:10:00,2010,11,-55.4957975251129,155.360923224482,,MachineObservation,,
88723_Eden2009:deployment:0783814,2009-01-04T01:02:00,2009,1,-63.4227710985477,167.665766841611,,MachineObservation,,
64235_JIP2010:deployment:0781307,2010-11-12T13:10:00,2010,11,-49.2315953632015,151.017865479374,,MachineObservation,,
88729_Eden2009:deployment:0787095,2009-01-28T02:40:00,2009,1,-62.43767433746,103.054486398694,,MachineObservation,,
13440_131178:deployment:0769306,2015-12-13T03:30:49,2015,12,-55.3670350109552,177.544336972094,,MachineObservation,,
88729_Eden2009:deployment:0786261,2008-11-19T14:40:00,2008,11,-48.2192502476808,135.373421655369,,MachineObservation,,
88729_Eden2009:deployment:0786953,2009-01-16T06:40:00,2009,1,-63.6297069607754,112.51599336691,,MachineObservation,,
urn:catalog:AADC:WC:5657,1935-01-01 00:00:00+00,1935,1,-60.5,93.5,4,HumanObservation,,AADC
88728_Eden2009:deployment:0785088,2008-11-17T10:51:00,2008,11,-46.6054399707881,151.723023791769,,MachineObservation,,
885_3696,1785/1913,,7,-47.22468,168.46745,1,HumanObservation,Historical distribution of whales shown by logbook records 1785-1913,Wildlife Conservation Society
98129_JIP2010:deployment:0792273,2011-01-05T14:44:00,2011,1,-64.0305594066604,170.262881065189,,MachineObservation,,
13440_131190:deployment:0776361,2015-12-04T16:31:20,2015,12,-60.060975178969,178.50488916141,,MachineObservation,,
88718_Eden2009:deployment:0782698,2009-01-03T08:34:00,2009,1,-62.0765417721165,175.892143014239,,MachineObservation,,
88741_Eden2009:deployment:0790354,2009-03-13T15:13:00,2009,3,-64.1698133613471,164.833422651363,,MachineObservation,,
88729_Eden2009:deployment:0786679,2008-12-24T10:40:00,2008,12,-63.3158012226389,119.897961539511,,MachineObservation,,
88741_Eden2009:deployment:0789055,2008-11-25T09:13:00,2008,11,-45.6766848099266,166.244949354752,,MachineObservation,,
88738_Eden2009:deployment:0788636,2008-12-12T19:06:00,2008,12,-63.6330571533573,150.570941326582,,MachineObservation,,
64235_JIP2010:deployment:0781427,2010-11-22T13:10:00,2010,11,-60.2008533392556,157.603442663624,,MachineObservation,,
88729_Eden2009:deployment:0786302,2008-11-23T00:40:00,2008,11,-50.7241333190615,133.041627366413,,MachineObservation,,
13440_131190:deployment:0776489,2015-12-15T08:31:20,2015,12,-63.6333427449946,179.005281031833,,MachineObservation,,
88718_Eden2009:deployment:0782608,2008-12-26T20:34:00,2008,12,-54.4179141477377,164.47031769984,,MachineObservation,,
280870,2021-11-23T15:13:17,2021,11,-45.46,166.71,1,HumanObservation,Happywhale - Humpback whale in South Pacific Ocean,Happywhale.com
urn:catalog:AADC:WC:5889,1939-01-01 00:00:00+00,1939,1,-60.5,92.5,5,HumanObservation,,AADC
88741_Eden2009:deployment:0789720,2009-01-19T19:13:00,2009,1,-63.6175115813334,155.350213091231,,MachineObservation,,
88728_Eden2009:deployment:0785083,2008-11-17T00:51:00,2008,11,-46.335435172443,151.667001171356,,MachineObservation,,
88741_Eden2009:deployment:0789108,2008-11-29T19:13:00,2008,11,-49.0925809087287,169.015611098255,,MachineObservation,,
88729_Eden2009:deployment:0787082,2009-01-27T00:40:00,2009,1,-62.7464433051178,103.60246217218,,MachineObservation,,
88725_Eden2009:deployment:0784427,2008-12-05T16:04:00,2008,12,-53.1559075236292,154.66640790749,,MachineObservation,,
88718_Eden2009:deployment:0782547,2008-12-21T18:34:00,2008,12,-49.4428440047419,158.727991417875,,MachineObservation,,
88729_Eden2009:deployment:0787148,2009-02-01T12:40:00,2009,2,-61.6233889293583,101.307486296073,,MachineObservation,,
13440_131190:deployment:0776258,2015-11-26T02:31:20,2015,11,-53.7839578422767,177.656748509084,,MachineObservation,,
urn:catalog:AADC:WC:5713,1936-01-01 00:00:00+00,1936,1,-60.5,87.5,118,HumanObservation,,AADC
88741_Eden2009:deployment:0790306,2009-03-09T15:13:00,2009,3,-64.7043300431741,163.872967563168,,MachineObservation,,
98129_JIP2010:deployment:0792275,2011-01-05T18:44:00,2011,1,-64.1407047344952,170.334107786758,,MachineObservation,,
urn:catalog:AADC:WC:5644,1935-01-01 00:00:00+00,1935,1,-59.5,100.5,5,HumanObservation,,AADC
13440_131190:deployment:0776314,2015-11-30T18:31:20,2015,11,-56.720659285199,178.449897348106,,MachineObservation,,
88741_Eden2009:deployment:0789046,2008-11-24T15:13:00,2008,11,-45.1579790483365,166.333481159548,,MachineObservation,,
88738_Eden2009:deployment:0788546,2008-12-05T07:06:00,2008,12,-59.9437812456048,150.054603584285,,MachineObservation,,
64235_JIP2010:deployment:0781407,2010-11-20T21:10:00,2010,11,-58.4068380813275,157.527668960545,,MachineObservation,,
88741_Eden2009:deployment:0790373,2009-03-15T05:13:00,2009,3,-64.5438818414167,165.280221038862,,MachineObservation,,
88729_Eden2009:deployment:0786710,2008-12-27T00:40:00,2008,12,-63.5107498308086,119.77120655216,,MachineObservation,,
98129_JIP2010:deployment:0791910,2010-12-06T08:44:00,2010,12,-47.5930431154242,150.877104097277,,MachineObservation,,
88725_Eden2009:deployment:0784449,2008-12-07T12:04:00,2008,12,-55.3494262977766,155.972969442225,,MachineObservation,,
280876,2021-11-23T19:53:25,2021,11,-45.46,166.71,1,HumanObservation,Happywhale - Humpback whale in South Pacific Ocean,Happywhale.com
88725_Eden2009:deployment:0784625,2008-12-22T04:04:00,2008,12,-62.8380971900814,157.644299857506,,MachineObservation,,
88725_Eden2009:deployment:0784572,2008-12-17T18:04:00,2008,12,-62.6494506283047,157.043543380019,,MachineObservation,,
in2017_v01_09920,2017-02-04T03:21:00Z,,,-64.7792,119.3944,2,HumanObservation,,Macquarie University
13440_131190:deployment:0776252,2015-11-25T14:31:20,2015,11,-53.2553373948116,177.520494870081,,MachineObservation,,
64235_JIP2010:deployment:0781429,2010-11-22T17:10:00,2010,11,-60.2003433725373,157.587259824393,,MachineObservation,,
urn:catalog:AADC:SOWS:SOWS-92562,2002-02-05 01:37:00Z,2002,2,-62.41,94.36,2,HumanObservation,,AADC
88728_Eden2009:deployment:0785577,2008-12-28T04:51:00,2008,12,-62.0041333436934,155.163933787776,,MachineObservation,,
88725_Eden2009:deployment:0784451,2008-12-07T16:04:00,2008,12,-55.5467311090921,156.173429728493,,MachineObservation,,
88729_Eden2009:deployment:0786984,2009-01-18T20:40:00,2009,1,-63.2403268419047,108.029365349733,,MachineObservation,,
64235_JIP2010:deployment:0781332,2010-11-14T15:10:00,2010,11,-50.804934116228,152.687501275191,,MachineObservation,,
88741_Eden2009:deployment:0789149,2008-12-03T05:13:00,2008,12,-51.0700214307334,170.679937920939,,MachineObservation,,
urn:catalog:AADC:WC:5822,1938-01-01 00:00:00+00,1938,1,-59.5,90.5,2,HumanObservation,,AADC
urn:catalog:AADC:WC:5805,1938-01-01 00:00:00+00,1938,1,-58.5,85.5,17,HumanObservation,,AADC
13440_131178:deployment:0769170,2015-12-01T19:30:49,2015,12,-49.6074026020623,176.993532192714,,MachineObservation,,
88728_Eden2009:deployment:0785785,2009-01-14T12:51:00,2009,1,-63.6678225715183,159.001505048858,,MachineObservation,,
88718_Eden2009:deployment:0782482,2008-12-16T08:34:00,2008,12,-45.4140785566798,151.842370967478,,MachineObservation,,
88741_Eden2009:deployment:0789611,2009-01-10T17:13:00,2009,1,-62.4920945557988,158.222521160615,,MachineObservation,,
urn:catalog:AADC:WC:5816,1938-01-01 00:00:00+00,1938,1,-58.5,101.5,14,HumanObservation,,AADC
88725_Eden2009:deployment:0784435,2008-12-06T08:04:00,2008,12,-54.0899991221194,154.449775192661,,MachineObservation,,
98114_JIP2010:deployment:0791209,2010-12-02T14:15:00,2010,12,-61.1098184638678,157.87934017325,,MachineObservation,,
88725_Eden2009:deployment:0784746,2009-01-01T06:04:00,2009,1,-62.3876113827842,152.888180594073,,MachineObservation,,
98114_JIP2010:deployment:0791284,2010-12-08T20:15:00,2010,12,-62.1066476687435,157.714073174926,,MachineObservation,,
88723_Eden2009:deployment:0783536,2008-12-11T21:02:00,2008,12,-51.2048446120297,169.950077280449,,MachineObservation,,
88728_Eden2009:deployment:0785788,2009-01-14T18:51:00,2009,1,-63.6723263991585,159.202015013493,,MachineObservation,,
88718_Eden2009:deployment:0782579,2008-12-24T10:34:00,2008,12,-52.0313047303483,161.729801326358,,MachineObservation,,
88725_Eden2009:deployment:0784396,2008-12-03T02:04:00,2008,12,-51.0427329705904,153.987678127037,,MachineObservation,,
88733_Eden2009:deployment:0787837,2008-11-14T09:00:00,2008,11,-48.4724416310832,159.82682201795,,MachineObservation,,
13440_131178:deployment:0769244,2015-12-07T23:30:49,2015,12,-51.3894189486951,177.340868601887,,MachineObservation,,
urn:catalog:AADC:WC:5651,1935-01-01 00:00:00+00,1935,1,-60.5,87.5,16,HumanObservation,,AADC
88728_Eden2009:deployment:0785615,2008-12-31T08:51:00,2008,12,-62.1932260701181,155.682498851086,,MachineObservation,,
64235_JIP2010:deployment:0781356,2010-11-16T15:10:00,2010,11,-52.7839771840349,154.066457347753,,MachineObservation,,
88741_Eden2009:deployment:0789111,2008-11-30T01:13:00,2008,11,-49.202359480746,169.207647372711,,MachineObservation,,
88729_Eden2009:deployment:0786303,2008-11-23T02:40:00,2008,11,-50.799212842536,132.979248134879,,MachineObservation,,
urn:catalog:AADC:SOWS:SOWS-93802,1996-02-15 00:00:00Z,1996,2,-63.8839,104.4533,5,HumanObservation,,AADC
13440_131178:deployment:0769223,2015-12-06T05:30:49,2015,12,-50.8063192727101,178.012513364187,,MachineObservation,,
88741_Eden2009:deployment:0789362,2008-12-20T23:13:00,2008,12,-61.7533781506727,164.144028011293,,MachineObservation,,
98114_JIP2010:deployment:0791186,2010-11-30T16:15:00,2010,11,-61.1537211693283,157.995424879465,,MachineObservation,,
98114_JIP2010:deployment:0791177,2010-11-29T22:15:00,2010,11,-60.9978095571554,158.164106565777,,MachineObservation,,
88718_Eden2009:deployment:0782602,2008-12-26T08:34:00,2008,12,-53.7991036931563,163.491654624893,,MachineObservation,,
98114_JIP2010:deployment:0791103,2010-11-23T18:15:00,2010,11,-60.2030442894905,158.553752869843,,MachineObservation,,
88729_Eden2009:deployment:0786702,2008-12-26T08:40:00,2008,12,-63.2904514256813,119.557592209847,,MachineObservation,,
88732_Eden2009:deployment:0787463,2008-11-17T11:33:00,2008,11,-45.9466475164782,164.200153355368,,MachineObservation,,
urn:catalog:AADC:WC:5581,1933-01-01 00:00:00+00,1933,1,-64.5,89.5,1,HumanObservation,,AADC
88723_Eden2009:deployment:0783521,2008-12-10T15:02:00,2008,12,-50.4177321430006,169.187273106215,,MachineObservation,,
88729_Eden2009:deployment:0786890,2009-01-11T00:40:00,2009,1,-64.4945838268451,118.931176093822,,MachineObservation,,
urn:catalog:AADC:WC:5883,1939-01-01 00:00:00+00,1939,1,-59.5,95.5,5,HumanObservation,,AADC
88741_Eden2009:deployment:0789059,2008-11-25T17:13:00,2008,11,-45.8770869896089,166.158348465728,,MachineObservation,,
395815,1999-01-09T22:40,1999,1,-64.0,166.02,1,HumanObservation,Happywhale - Humpback whale in Southern Ocean,Happywhale.com
88729_Eden2009:deployment:0786549,2008-12-13T14:40:00,2008,12,-62.9696864005483,119.349564986942,,MachineObservation,,
88738_Eden2009:deployment:0788350,2008-11-18T23:06:00,2008,11,-45.2024005575663,146.93798139578,,MachineObservation,,
13440_131190:deployment:0776439,2015-12-11T04:31:20,2015,12,-63.4056489608901,175.398842119739,,MachineObservation,,
88729_Eden2009:deployment:0786686,2008-12-25T00:40:00,2008,12,-63.3863195029748,119.592388487848,,MachineObservation,,
88725_Eden2009:deployment:0784719,2008-12-30T00:04:00,2008,12,-62.6392238740716,153.549768044946,,MachineObservation,,
88741_Eden2009:deployment:0789427,2008-12-26T09:13:00,2008,12,-63.2584084921938,162.736159515205,,MachineObservation,,
98114_JIP2010:deployment:0791214,2010-12-03T00:15:00,2010,12,-61.159832713121,157.786969668906,,MachineObservation,,
88741_Eden2009:deployment:0789095,2008-11-28T17:13:00,2008,11,-48.4289578614857,168.354421446677,,MachineObservation,,
https://www.inaturalist.org/observations/104331755,2021-12-02T16:26:43+13:00,,,-48.5328998702,166.5605379269,,HumanObservation,iNaturalist research-grade observations,iNaturalist
98114_JIP2010:deployment:0791091,2010-11-22T18:15:00,2010,11,-58.5506068911986,159.040722832252,,MachineObservation,,
88728_Eden2009:deployment:0785628,2009-01-01T10:51:00,2009,1,-62.251852593788,155.628531004461,,MachineObservation,,
88723_Eden2009:deployment:0783470,2008-12-06T09:02:00,2008,12,-45.0281906648235,166.705954801058,,MachineObservation,,
88718_Eden2009:deployment:0782520,2008-12-19T12:34:00,2008,12,-47.7349197248351,155.385820253297,,MachineObservation,,
88729_Eden2009:deployment:0786420,2008-12-02T20:40:00,2008,12,-58.2884122055243,123.40076908756,,MachineObservation,,
13440_131190:deployment:0776249,2015-11-25T08:31:20,2015,11,-53.0387136102276,177.28596410937,,MachineObservation,,
88728_Eden2009:deployment:0785414,2008-12-14T14:51:00,2008,12,-61.978382089012,156.947369612771,,MachineObservation,,
88728_Eden2009:deployment:0785761,2009-01-12T12:51:00,2009,1,-62.8948208805824,154.988688831766,,MachineObservation,,
98114_JIP2010:deployment:0791178,2010-11-30T00:15:00,2010,11,-60.9901314054255,158.146565169695,,MachineObservation,,
88741_Eden2009:deployment:0789771,2009-01-24T01:13:00,2009,1,-64.4235525350359,160.505799908978,,MachineObservation,,
98114_JIP2010:deployment:0790981,2010-11-13T14:15:00,2010,11,-47.1442189623174,160.303093729527,,MachineObservation,,
88729_Eden2009:deployment:0787008,2009-01-20T20:40:00,2009,1,-63.1283645027036,105.948263060444,,MachineObservation,,
88728_Eden2009:deployment:0785704,2009-01-07T18:51:00,2009,1,-62.3630142103258,154.471828808929,,MachineObservation,,
88728_Eden2009:deployment:0785344,2008-12-08T18:51:00,2008,12,-61.9819518136495,156.967467259947,,MachineObservation,,
in2017_v01_09931,2017-02-14T07:24:00Z,,,-64.66889,119.92972,2,HumanObservation,,Macquarie University
88729_Eden2009:deployment:0786930,2009-01-14T08:40:00,2009,1,-63.8518121993525,115.506644207877,,MachineObservation,,
88728_Eden2009:deployment:0785065,2008-11-15T12:51:00,2008,11,-45.3694271196138,151.295376023254,,MachineObservation,,
13440_131190:deployment:0776413,2015-12-09T00:31:20,2015,12,-62.0291538060215,176.941082831453,,MachineObservation,,
88738_Eden2009:deployment:0788451,2008-11-27T09:06:00,2008,11,-54.5673338808739,153.007033737547,,MachineObservation,,
88729_Eden2009:deployment:0786257,2008-11-19T06:40:00,2008,11,-47.9766468356079,135.665218034365,,MachineObservation,,
88733_Eden2009:deployment:0787916,2008-11-20T23:00:00,2008,11,-52.9092117855332,167.21852069706,,MachineObservation,,
88741_Eden2009:deployment:0789316,2008-12-17T03:13:00,2008,12,-62.1772541742973,164.427976566222,,MachineObservation,,
13440_88727:deployment:0777097,2015-11-27T08:30:50,2015,11,-61.9112820636558,179.967308526797,,MachineObservation,,
88723_Eden2009:deployment:0783483,2008-12-07T11:02:00,2008,12,-46.989565118362,166.504953752109,,MachineObservation,,
88723_Eden2009:deployment:0783698,2008-12-25T09:02:00,2008,12,-63.1005377981418,170.651785939772,,MachineObservation,,
88723_Eden2009:deployment:0783485,2008-12-07T15:02:00,2008,12,-47.0772422565127,166.798045890547,,MachineObservation,,
88738_Eden2009:deployment:0788499,2008-12-01T09:06:00,2008,12,-59.3965839014296,151.892655312194,,MachineObservation,,
88729_Eden2009:deployment:0786517,2008-12-10T22:40:00,2008,12,-62.3637821941418,118.97316322836,,MachineObservation,,
88741_Eden2009:deployment:0789227,2008-12-09T17:13:00,2008,12,-56.6576726592787,170.012456082015,,MachineObservation,,
88738_Eden2009:deployment:0788418,2008-11-24T15:06:00,2008,11,-51.405371721911,150.414774631538,,MachineObservation,,
88725_Eden2009:deployment:0784590,2008-12-19T06:04:00,2008,12,-62.8488334675187,157.393408152253,,MachineObservation,,
88723_Eden2009:deployment:0783884,2009-01-09T21:02:00,2009,1,-63.6253016238071,168.563787514209,,MachineObservation,,
urn:catalog:AADC:WC:5643,1935-01-01 00:00:00+00,1935,1,-59.5,98.5,3,HumanObservation,,AADC
88741_Eden2009:deployment:0789747,2009-01-22T01:13:00,2009,1,-63.3444458094645,158.547177323631,,MachineObservation,,
98114_JIP2010:deployment:0791078,2010-11-21T16:15:00,2010,11,-57.062995694274,159.777718972218,,MachineObservation,,
88728_Eden2009:deployment:0785674,2009-01-05T06:51:00,2009,1,-62.1818133128397,155.916959601066,,MachineObservation,,
88729_Eden2009:deployment:0786728,2008-12-28T12:40:00,2008,12,-63.417043887501,118.321784833453,,MachineObservation,,
88728_Eden2009:deployment:0785665,2009-01-04T12:51:00,2009,1,-62.0917431858982,155.540366702458,,MachineObservation,,
88741_Eden2009:deployment:0789738,2009-01-21T07:13:00,2009,1,-63.2015826964913,157.249630298843,,MachineObservation,,
88733_Eden2009:deployment:0788071,2008-12-03T21:00:00,2008,12,-63.4230372995503,176.03057364976,,MachineObservation,,
urn:catalog:AADC:WC:5874,1939-01-01 00:00:00+00,1939,1,-58.5,93.5,3,HumanObservation,,AADC
88729_Eden2009:deployment:0786212,2008-11-15T12:40:00,2008,11,-45.8272874912088,139.069084078137,,MachineObservation,,
88725_Eden2009:deployment:0784761,2009-01-02T12:04:00,2009,1,-61.9349817008649,152.313077620114,,MachineObservation,,
88728_Eden2009:deployment:0785182,2008-11-25T06:51:00,2008,11,-52.0483405414901,155.701170744281,,MachineObservation,,
88729_Eden2009:deployment:0786354,2008-11-27T08:40:00,2008,11,-54.1532415746852,129.955797571029,,MachineObservation,,
88729_Eden2009:deployment:0786901,2009-01-11T22:40:00,2009,1,-64.5696401008828,117.926259035944,,MachineObservation,,
621371,2025-12-26T10:30,2025,12,-62.50222,144.567222,1,HumanObservation,Happywhale - Humpback whale in Southern Ocean,Happywhale.com
88723_Eden2009:deployment:0783602,2008-12-17T09:02:00,2008,12,-57.3888160822617,172.974890344055,,MachineObservation,,
88741_Eden2009:deployment:0789581,2009-01-08T05:13:00,2009,1,-62.394253047124,157.692564118941,,MachineObservation,,
98114_JIP2010:deployment:0791130,2010-11-26T00:15:00,2010,11,-60.5193924560874,158.929034266461,,MachineObservation,,
88725_Eden2009:deployment:0784739,2008-12-31T16:04:00,2008,12,-62.3839988226077,152.819616043941,,MachineObservation,,
88723_Eden2009:deployment:0783635,2008-12-20T03:02:00,2008,12,-60.4220858754955,171.785604317708,,MachineObservation,,
88741_Eden2009:deployment:0789819,2009-01-28T01:13:00,2009,1,-64.2630774918769,161.065987386395,,MachineObservation,,
88723_Eden2009:deployment:0783738,2008-12-28T17:02:00,2008,12,-63.1112235230125,169.523097409379,,MachineObservation,,
98129_JIP2010:deployment:0792128,2010-12-24T12:44:00,2010,12,-56.9255791944316,166.058430691046,,MachineObservation,,
88728_Eden2009:deployment:0785922,2009-01-25T22:51:00,2009,1,-64.1084011847907,158.649589786383,,MachineObservation,,
88728_Eden2009:deployment:0785626,2009-01-01T06:51:00,2009,1,-62.2336312120452,155.599811335115,,MachineObservation,,
88729_Eden2009:deployment:0786266,2008-11-20T00:40:00,2008,11,-48.5954523002006,135.11204247177,,MachineObservation,,
98129_JIP2010:deployment:0792083,2010-12-20T18:44:00,2010,12,-54.2435455231101,163.387463398925,,MachineObservation,,
98114_JIP2010:deployment:0790980,2010-11-13T12:15:00,2010,11,-47.0642645656647,160.301808697812,,MachineObservation,,
88738_Eden2009:deployment:0788442,2008-11-26T15:06:00,2008,11,-53.4491799455908,152.703310431795,,MachineObservation,,
88728_Eden2009:deployment:0785219,2008-11-28T08:51:00,2008,11,-54.1702449348041,157.016132633022,,MachineObservation,,
13440_131178:deployment:0769205,2015-12-04T17:30:49,2015,12,-50.4125145534334,177.582811605756,,MachineObservation,,
88733_Eden2009:deployment:0787843,2008-11-14T21:00:00,2008,11,-48.6709539155471,160.519455845273,,MachineObservation,,
88728_Eden2009:deployment:0785705,2009-01-07T20:51:00,2009,1,-62.3656842831163,154.462148817723,,MachineObservation,,
88723_Eden2009:deployment:0783770,2008-12-31T09:02:00,2008,12,-63.0052746477244,169.525389556211,,MachineObservation,,
88741_Eden2009:deployment:0789096,2008-11-28T19:13:00,2008,11,-48.4638479856627,168.367629145568,,MachineObservation,,
88725_Eden2009:deployment:0784887,2009-01-13T00:04:00,2009,1,-62.5640886865728,150.465112850597,,MachineObservation,,
88741_Eden2009:deployment:0789802,2009-01-26T15:13:00,2009,1,-64.1778970291521,160.68199252722,,MachineObservation,,
13440_131178:deployment:0769323,2015-12-14T13:30:49,2015,12,-56.7373493381302,177.232437516375,,MachineObservation,,
88738_Eden2009:deployment:0788485,2008-11-30T05:06:00,2008,11,-58.5796976716114,152.983935566137,,MachineObservation,,
98114_JIP2010:deployment:0791084,2010-11-22T04:15:00,2010,11,-57.7188385125861,159.405084952162,,MachineObservation,,
13440_131178:deployment:0769312,2015-12-13T15:30:49,2015,12,-55.898289777488,177.037253706213,,MachineObservation,,
88729_Eden2009:deployment:0787062,2009-01-25T08:40:00,2009,1,-62.8646334910917,103.359878729659,,MachineObservation,,
88728_Eden2009:deployment:0785582,2008-12-28T14:51:00,2008,12,-62.0179441458784,155.36637526739,,MachineObservation,,
88738_Eden2009:deployment:0788656,2008-12-14T11:06:00,2008,12,-63.6425680098677,149.857199648867,,MachineObservation,,
88732_Eden2009:deployment:0787512,2008-11-21T13:33:00,2008,11,-46.0716547499713,164.707878542454,,MachineObservation,,
88729_Eden2009:deployment:0786220,2008-11-16T04:40:00,2008,11,-46.2744059718334,138.528179906393,,MachineObservation,,
13440_131190:deployment:0776234,2015-11-24T02:31:20,2015,11,-51.6661675398307,177.4591179983,,MachineObservation,,
98114_JIP2010:deployment:0791068,2010-11-20T20:15:00,2010,11,-55.861071728447,159.567953551973,,MachineObservation,,
88738_Eden2009:deployment:0788428,2008-11-25T11:06:00,2008,11,-52.0872631917833,151.54558940769,,MachineObservation,,
13440_131190:deployment:0776222,2015-11-23T02:31:20,2015,11,-50.8503548768137,177.744949162549,,MachineObservation,,
88718_Eden2009:deployment:0782572,2008-12-23T20:34:00,2008,12,-51.7020364282181,161.162589523328,,MachineObservation,,
urn:catalog:AADC:WC:5824,1938-01-01 00:00:00+00,1938,1,-59.5,92.5,12,HumanObservation,,AADC
88718_Eden2009:deployment:0782756,2009-01-08T04:34:00,2009,1,-64.9506715767542,179.419231979659,,MachineObservation,,
88729_Eden2009:deployment:0786423,2008-12-03T02:40:00,2008,12,-58.5563567452819,123.119437926732,,MachineObservation,,
88729_Eden2009:deployment:0786521,2008-12-11T06:40:00,2008,12,-62.5469244486524,118.883073490135,,MachineObservation,,
98129_JIP2010:deployment:0792250,2011-01-03T16:44:00,2011,1,-62.8135675618348,169.657485444858,,MachineObservation,,
98129_JIP2010:deployment:0791990,2010-12-13T00:44:00,2010,12,-51.4090148998723,157.640700147614,,MachineObservation,,
88733_Eden2009:deployment:0787839,2008-11-14T13:00:00,2008,11,-48.5366697896552,160.072581445096,,MachineObservation,,
88723_Eden2009:deployment:0783865,2009-01-08T07:02:00,2009,1,-63.3392931637751,168.378816977236,,MachineObservation,,
urn:catalog:AADC:WC:5837,1938-01-01 00:00:00+00,1938,1,-60.5,87.5,10,HumanObservation,,AADC
88718_Eden2009:deployment:0782618,2008-12-27T16:34:00,2008,12,-55.343878341448,165.692333618609,,MachineObservation,,
88738_Eden2009:deployment:0788423,2008-11-25T01:06:00,2008,11,-51.7518706472942,150.947490694046,,MachineObservation,,
13440_131178:deployment:0769032,2015-11-20T07:30:49,2015,11,-45.549687525146,177.73962465949,,MachineObservation,,
88725_Eden2009:deployment:0784390,2008-12-02T14:04:00,2008,12,-50.4452312011267,153.477537371021,,MachineObservation,,
88741_Eden2009:deployment:0789140,2008-12-02T11:13:00,2008,12,-50.4477074267523,170.516906979321,,MachineObservation,,
88723_Eden2009:deployment:0783793,2009-01-02T07:02:00,2009,1,-63.2904112252776,168.11697160503,,MachineObservation,,
88729_Eden2009:deployment:0786565,2008-12-14T22:40:00,2008,12,-62.9928894068068,119.493192933165,,MachineObservation,,
64235_JIP2010:deployment:0781478,2010-11-26T19:10:00,2010,11,-60.6986719716331,157.984688045103,,MachineObservation,,
88738_Eden2009:deployment:0788638,2008-12-12T23:06:00,2008,12,-63.6452120212704,150.455997913525,,MachineObservation,,
88728_Eden2009:deployment:0785584,2008-12-28T18:51:00,2008,12,-61.9294851530782,155.530058427709,,MachineObservation,,
88738_Eden2009:deployment:0788605,2008-12-10T05:06:00,2008,12,-63.313682989335,150.741321692452,,MachineObservation,,
urn:catalog:AADC:WC:5706,1936-01-01 00:00:00+00,1936,1,-58.5,93.5,6,HumanObservation,,AADC
88738_Eden2009:deployment:0788564,2008-12-06T19:06:00,2008,12,-60.9306014287842,149.285690296933,,MachineObservation,,
64235_JIP2010:deployment:0781455,2010-11-24T21:10:00,2010,11,-60.6116539641938,157.829204938859,,MachineObservation,,
88728_Eden2009:deployment:0785656,2009-01-03T18:51:00,2009,1,-62.2558318469522,155.61168676112,,MachineObservation,,
64235_JIP2010:deployment:0781340,2010-11-15T07:10:00,2010,11,-51.4303599831054,152.795297409309,,MachineObservation,,
88738_Eden2009:deployment:0788516,2008-12-02T19:06:00,2008,12,-59.8558091260406,151.178583423147,,MachineObservation,,
88733_Eden2009:deployment:0787873,2008-11-17T09:00:00,2008,11,-50.1649531107228,163.855827046904,,MachineObservation,,
88718_Eden2009:deployment:0782577,2008-12-24T06:34:00,2008,12,-51.9414511696454,161.577306863886,,MachineObservation,,
98129_JIP2010:deployment:0792125,2010-12-24T06:44:00,2010,12,-56.8251337926652,165.840368471682,,MachineObservation,,
88728_Eden2009:deployment:0785126,2008-11-20T14:51:00,2008,11,-49.1870164826826,152.444889998573,,MachineObservation,,
88729_Eden2009:deployment:0787169,2009-02-03T06:40:00,2009,2,-60.8245640189683,101.223143122571,,MachineObservation,,
88741_Eden2009:deployment:0789548,2009-01-05T11:13:00,2009,1,-62.3865550223957,157.904318743438,,MachineObservation,,
88723_Eden2009:deployment:0783544,2008-12-12T13:02:00,2008,12,-51.8502672580035,170.393248650663,,MachineObservation,,
98129_JIP2010:deployment:0792314,2011-01-09T00:44:00,2011,1,-64.9880377148967,170.433287466782,,MachineObservation,,
88723_Eden2009:deployment:0783564,2008-12-14T05:02:00,2008,12,-53.6740979437547,171.945397677238,,MachineObservation,,
88729_Eden2009:deployment:0786872,2009-01-09T12:40:00,2009,1,-64.0838356889341,119.802899838553,,MachineObservation,,
88741_Eden2009:deployment:0790305,2009-03-09T13:13:00,2009,3,-64.6652046202235,163.938679269527,,MachineObservation,,
88729_Eden2009:deployment:0786682,2008-12-24T16:40:00,2008,12,-63.3408313365392,119.761872579569,,MachineObservation,,
13440_131178:deployment:0769236,2015-12-07T07:30:49,2015,12,-50.8985450222656,177.759611063067,,MachineObservation,,
88723_Eden2009:deployment:0783883,2009-01-09T19:02:00,2009,1,-63.6101536216497,168.537230691504,,MachineObservation,,
13440_131178:deployment:0769350,2015-12-16T19:30:49,2015,12,-58.869182372058,178.394712998295,,MachineObservation,,
98129_JIP2010:deployment:0792170,2010-12-28T00:44:00,2010,12,-57.8868225320682,169.712807282707,,MachineObservation,,
64235_JIP2010:deployment:0781469,2010-11-26T01:10:00,2010,11,-60.5710382492138,157.929178077015,,MachineObservation,,
88741_Eden2009:deployment:0789213,2008-12-08T13:13:00,2008,12,-55.5432487087901,170.412557734743,,MachineObservation,,
98129_JIP2010:deployment:0792068,2010-12-19T12:44:00,2010,12,-53.7057714852026,162.830625886762,,MachineObservation,,
13440_88727:deployment:0777134,2015-11-30T10:30:50,2015,11,-63.381908521765,179.394536870916,,MachineObservation,,
88738_Eden2009:deployment:0788396,2008-11-22T19:06:00,2008,11,-49.368787839734,149.267050816752,,MachineObservation,,
88729_Eden2009:deployment:0786587,2008-12-16T18:40:00,2008,12,-63.327100845244,119.649259170568,,MachineObservation,,
88741_Eden2009:deployment:0790297,2009-03-08T21:13:00,2009,3,-64.9272087173043,164.092690847026,,MachineObservation,,
88729_Eden2009:deployment:0786336,2008-11-25T20:40:00,2008,11,-52.8982674259988,131.40120902629,,MachineObservation,,
626177,2026-01-10T19:24:30,2026,1,-61.53526,159.94967,1,HumanObservation,Happywhale - Humpback whale in Southern Ocean,Happywhale.com
88729_Eden2009:deployment:0786653,2008-12-22T06:40:00,2008,12,-63.5205216746905,119.86880661121,,MachineObservation,,
88738_Eden2009:deployment:0788401,2008-11-23T05:06:00,2008,11,-49.8574396474206,149.454595592788,,MachineObservation,,
64235_JIP2010:deployment:0781371,2010-11-17T21:10:00,2010,11,-54.5134875352351,155.167406410427,,MachineObservation,,
88732_Eden2009:deployment:0787565,2008-11-25T23:33:00,2008,11,-49.4212608853764,164.097461377128,,MachineObservation,,
88728_Eden2009:deployment:0785212,2008-11-27T18:51:00,2008,11,-53.632014678644,156.763912675221,,MachineObservation,,
urn:catalog:AADC:WC:5868,1938-01-01 00:00:00+00,1938,1,-62.5,103.5,5,HumanObservation,,AADC
urn:catalog:AADC:WC:5628,1935-01-01 00:00:00+00,1935,1,-58.5,97.5,1,HumanObservation,,AADC
280883,2021-11-27T15:29:54,2021,11,-45.46,166.71,1,HumanObservation,Happywhale - Humpback whale in South Pacific Ocean,Happywhale.com
88729_Eden2009:deployment:0786560,2008-12-14T12:40:00,2008,12,-63.0018876939481,119.458133811811,,MachineObservation,,
88729_Eden2009:deployment:0786771,2009-01-01T02:40:00,2009,1,-64.6013098524163,119.754738590618,,MachineObservation,,
13440_131190:deployment:0776490,2015-12-15T10:31:20,2015,12,-63.6725740524591,179.07913522548,,MachineObservation,,
88729_Eden2009:deployment:0786415,2008-12-02T10:40:00,2008,12,-57.930099517307,123.815403102735,,MachineObservation,,
88723_Eden2009:deployment:0783786,2009-01-01T17:02:00,2009,1,-63.114237721732,168.072753196716,,MachineObservation,,
88741_Eden2009:deployment:0789804,2009-01-26T19:13:00,2009,1,-64.2702798164439,160.958690674278,,MachineObservation,,
urn:catalog:AADC:WC:5625,1935-01-01 00:00:00+00,1935,1,-58.5,85.5,82,HumanObservation,,AADC
88729_Eden2009:deployment:0787144,2009-02-01T04:40:00,2009,2,-61.6838777095155,101.530261646736,,MachineObservation,,
88729_Eden2009:deployment:0786612,2008-12-18T20:40:00,2008,12,-63.6750955077948,119.61868681379,,MachineObservation,,
88729_Eden2009:deployment:0786776,2009-01-01T12:40:00,2009,1,-64.5592369599997,119.745727712304,,MachineObservation,,
88725_Eden2009:deployment:0784342,2008-11-28T14:04:00,2008,11,-45.3257191504568,150.268408357284,,MachineObservation,,
88738_Eden2009:deployment:0788514,2008-12-02T15:06:00,2008,12,-59.8301263870085,151.192031494307,,MachineObservation,,
88718_Eden2009:deployment:0782484,2008-12-16T12:34:00,2008,12,-45.5199437849773,152.110658901365,,MachineObservation,,
88741_Eden2009:deployment:0789565,2009-01-06T21:13:00,2009,1,-62.2237768707696,157.762368048935,,MachineObservation,,
64235_JIP2010:deployment:0781479,2010-11-26T21:10:00,2010,11,-60.6949838889129,157.985678241295,,MachineObservation,,
88728_Eden2009:deployment:0785968,2009-01-29T18:51:00,2009,1,-64.7262745784626,158.12790874823,,MachineObservation,,
urn:catalog:AADC:SOWS:SOWS-100777,1998-01-01 00:00:00Z,1998,1,-61.51,107.09,2,HumanObservation,,AADC
88733_Eden2009:deployment:0788061,2008-12-03T01:00:00,2008,12,-62.6108783401758,175.19678179492,,MachineObservation,,
88733_Eden2009:deployment:0787769,2008-11-08T17:00:00,2008,11,-45.8918398688255,153.894986725584,,MachineObservation,,
88741_Eden2009:deployment:0789739,2009-01-21T09:13:00,2009,1,-63.2102377365947,157.410835943471,,MachineObservation,,
88741_Eden2009:deployment:0789850,2009-01-30T15:13:00,2009,1,-64.8980882743692,161.712502518753,,MachineObservation,,
88729_Eden2009:deployment:0786253,2008-11-18T22:40:00,2008,11,-47.7736285024523,135.98321062483,,MachineObservation,,
88728_Eden2009:deployment:0785413,2008-12-14T12:51:00,2008,12,-61.9809369954977,156.920073246693,,MachineObservation,,
13440_131178:deployment:0769289,2015-12-11T17:30:49,2015,12,-54.2984244547708,177.286149379055,,MachineObservation,,
98129_JIP2010:deployment:0792210,2010-12-31T08:44:00,2010,12,-61.3222855300568,169.237960532422,,MachineObservation,,
88725_Eden2009:deployment:0784716,2008-12-29T18:04:00,2008,12,-62.6633943013511,153.45670867247,,MachineObservation,,
88725_Eden2009:deployment:0784415,2008-12-04T16:04:00,2008,12,-52.4350149670868,154.472359324649,,MachineObservation,,
88723_Eden2009:deployment:0783681,2008-12-23T23:02:00,2008,12,-62.934740617253,170.616169757545,,MachineObservation,,
98114_JIP2010:deployment:0790996,2010-11-14T20:15:00,2010,11,-48.5839566870089,160.320667053543,,MachineObservation,,
urn:catalog:AADC:WC:5766,1937-01-01 00:00:00+00,1937,1,-61.5,98.5,31,HumanObservation,,AADC
88729_Eden2009:deployment:0786809,2009-01-04T06:40:00,2009,1,-64.9995646731144,120.236348573817,,MachineObservation,,
88725_Eden2009:deployment:0784785,2009-01-04T12:04:00,2009,1,-61.9149442975546,152.021331803215,,MachineObservation,,
88723_Eden2009:deployment:0783571,2008-12-14T19:02:00,2008,12,-54.3164156206894,172.55483051432,,MachineObservation,,
98129_JIP2010:deployment:0791983,2010-12-12T10:44:00,2010,12,-50.9815455980197,157.235481476597,,MachineObservation,,
13440_88727:deployment:0777133,2015-11-30T08:30:50,2015,11,-63.3612947279428,179.389896518137,,MachineObservation,,
88725_Eden2009:deployment:0784661,2008-12-25T04:04:00,2008,12,-62.4634060792354,157.500783714126,,MachineObservation,,
88738_Eden2009:deployment:0788751,2008-12-22T09:06:00,2008,12,-64.346843478905,148.502058718944,,MachineObservation,,
88738_Eden2009:deployment:0788387,2008-11-22T01:06:00,2008,11,-48.7000103619439,148.967417436342,,MachineObservation,,
urn:catalog:AADC:SOWS:SOWS-92570,2002-02-05 03:17:00Z,2002,2,-62.51,93.12,1,HumanObservation,,AADC
88728_Eden2009:deployment:0785358,2008-12-09T22:51:00,2008,12,-61.9552793180724,156.973215985403,,MachineObservation,,
urn:catalog:AADC:SOWS:SOWS-92913,2001-03-03 00:00:00Z,2001,3,-60.375,102.772,3,HumanObservation,,AADC
88728_Eden2009:deployment:0785470,2008-12-19T06:51:00,2008,12,-63.7353577931834,159.081533118101,,MachineObservation,,
88738_Eden2009:deployment:0788618,2008-12-11T07:06:00,2008,12,-63.3774016755107,150.998797685934,,MachineObservation,,
13440_131178:deployment:0769163,2015-12-01T05:30:49,2015,12,-49.5768663952936,177.049863028758,,MachineObservation,,
88729_Eden2009:deployment:0786994,2009-01-19T16:40:00,2009,1,-63.4894975342019,106.350797893436,,MachineObservation,,
88741_Eden2009:deployment:0789606,2009-01-10T07:13:00,2009,1,-62.5079111968188,157.972331475287,,MachineObservation,,
88738_Eden2009:deployment:0788534,2008-12-04T07:06:00,2008,12,-59.9796402279114,150.909427103447,,MachineObservation,,
urn:catalog:AADC:WC:5750,1937-01-01 00:00:00+00,1937,1,-60.5,94.5,17,HumanObservation,,AADC
88725_Eden2009:deployment:0784504,2008-12-12T02:04:00,2008,12,-61.1268761492977,156.283896469167,,MachineObservation,,
98129_JIP2010:deployment:0791924,2010-12-07T12:44:00,2010,12,-48.1985241856853,152.016632761264,,MachineObservation,,
88729_Eden2009:deployment:0786246,2008-11-18T08:40:00,2008,11,-47.4990994368735,136.684263045499,,MachineObservation,,
88733_Eden2009:deployment:0788005,2008-11-28T09:00:00,2008,11,-58.92155623094,172.791279631345,,MachineObservation,,
urn:catalog:AADC:WC:5678,1935-01-01 00:00:00+00,1935,1,-62.5,85.5,42,HumanObservation,,AADC
88732_Eden2009:deployment:0787394,2008-11-11T17:33:00,2008,11,-45.2480958202407,161.31408063962,,MachineObservation,,
88728_Eden2009:deployment:0785289,2008-12-04T04:51:00,2008,12,-57.9804465321288,156.818315192073,,MachineObservation,,
88718_Eden2009:deployment:0782480,2008-12-16T04:34:00,2008,12,-45.3047188655664,151.580013303099,,MachineObservation,,
88728_Eden2009:deployment:0785449,2008-12-17T12:51:00,2008,12,-63.086860702063,158.015953026061,,MachineObservation,,
88741_Eden2009:deployment:0789373,2008-12-21T21:13:00,2008,12,-61.8029667288336,164.463734918438,,MachineObservation,,
88728_Eden2009:deployment:0785579,2008-12-28T08:51:00,2008,12,-61.9693039512624,155.158044471784,,MachineObservation,,
urn:catalog:AADC:WC:5700,1936-01-01 00:00:00+00,1936,1,-58.5,87.5,75,HumanObservation,,AADC
88723_Eden2009:deployment:0783875,2009-01-09T03:02:00,2009,1,-63.5330259570654,168.475883841923,,MachineObservation,,
13440_131190:deployment:0776188,2015-11-20T06:31:20,2015,11,-49.3549936343722,179.2685577083,,MachineObservation,,
88729_Eden2009:deployment:0786978,2009-01-18T08:40:00,2009,1,-63.24789637154,109.165449702132,,MachineObservation,,
88741_Eden2009:deployment:0789060,2008-11-25T19:13:00,2008,11,-45.9608817037336,166.175410011357,,MachineObservation,,
88741_Eden2009:deployment:0789237,2008-12-10T13:13:00,2008,12,-57.3157070006583,169.436320527643,,MachineObservation,,
urn:catalog:AADC:SOWS:SOWS-92816,2001-01-30 00:00:00Z,2001,1,-63.11,99.628,2,HumanObservation,,AADC
88738_Eden2009:deployment:0788528,2008-12-03T19:06:00,2008,12,-60.0319465204515,150.867183356286,,MachineObservation,,
13440_131190:deployment:0776215,2015-11-22T12:31:20,2015,11,-50.4051161444316,178.116657943544,,MachineObservation,,
98114_JIP2010:deployment:0791203,2010-12-02T02:15:00,2010,12,-61.0911918427333,157.933699512471,,MachineObservation,,
88725_Eden2009:deployment:0784615,2008-12-21T08:04:00,2008,12,-62.8878542721027,158.02657168441,,MachineObservation,,
98129_JIP2010:deployment:0791957,2010-12-10T06:44:00,2010,12,-49.1412797301882,154.961581911279,,MachineObservation,,
88728_Eden2009:deployment:0785093,2008-11-17T20:51:00,2008,11,-46.89381526809,151.95574486324,,MachineObservation,,
88729_Eden2009:deployment:0787159,2009-02-02T10:40:00,2009,2,-61.2052224851533,101.565735991585,,MachineObservation,,
98114_JIP2010:deployment:0791191,2010-12-01T02:15:00,2010,12,-61.1782407445619,157.942319768533,,MachineObservation,,
218708,2008-01-07T07:59:36,2008,1,-62.47,87.04,1,HumanObservation,Happywhale - Humpback whale in Southern Ocean,Happywhale.com
98114_JIP2010:deployment:0791001,2010-11-15T06:15:00,2010,11,-49.2275282025054,160.17936889604,,MachineObservation,,
88728_Eden2009:deployment:0785184,2008-11-25T10:51:00,2008,11,-52.1321316059577,155.804932433287,,MachineObservation,,
88729_Eden2009:deployment:0786607,2008-12-18T10:40:00,2008,12,-63.4297793843371,119.735221500234,,MachineObservation,,
88725_Eden2009:deployment:0784461,2008-12-08T12:04:00,2008,12,-56.7656909107403,156.849078895671,,MachineObservation,,
urn:catalog:AADC:SOWS:SOWS-100799,2003-01-14 08:17:21Z,2003,1,-64.951,80.75983,3,HumanObservation,,AADC
13440_131178:deployment:0769130,2015-11-28T11:30:49,2015,11,-49.2810833181122,177.007278376426,,MachineObservation,,
98129_JIP2010:deployment:0792048,2010-12-17T20:44:00,2010,12,-53.871259497775,161.856912543141,,MachineObservation,,
88725_Eden2009:deployment:0784658,2008-12-24T22:04:00,2008,12,-62.5537010050244,157.403111136835,,MachineObservation,,
13440_131190:deployment:0776411,2015-12-08T20:31:20,2015,12,-61.9077171168197,177.203044301973,,MachineObservation,,
64235_JIP2010:deployment:0781367,2010-11-17T13:10:00,2010,11,-54.1065285843929,155.242389594549,,MachineObservation,,
88729_Eden2009:deployment:0786408,2008-12-01T20:40:00,2008,12,-57.4069527834773,124.686774273382,,MachineObservation,,
urn:catalog:AADC:WC:5724,1936-01-01 00:00:00+00,1936,1,-62.5,93.5,6,HumanObservation,,AADC
64235_JIP2010:deployment:0781474,2010-11-26T11:10:00,2010,11,-60.6958046256489,157.978157504434,,MachineObservation,,
88728_Eden2009:deployment:0785249,2008-11-30T20:51:00,2008,11,-55.6165703983342,156.416852216308,,MachineObservation,,
88725_Eden2009:deployment:0784364,2008-11-30T10:04:00,2008,11,-47.2710539590325,151.565666717675,,MachineObservation,,
64235_JIP2010:deployment:0781405,2010-11-20T17:10:00,2010,11,-58.1822677364302,157.408387686623,,MachineObservation,,
88723_Eden2009:deployment:0783570,2008-12-14T17:02:00,2008,12,-54.2260847907465,172.450414880213,,MachineObservation,,
88729_Eden2009:deployment:0786818,2009-01-05T00:40:00,2009,1,-64.947470224583,120.54696536098,,MachineObservation,,
13440_131190:deployment:0776415,2015-12-09T04:31:20,2015,12,-62.1371024083848,176.674855768783,,MachineObservation,,
45696,2017-10-28T08:54:55,2017,10,-45.733,166.543,1,HumanObservation,Happywhale - Humpback whale in South Pacific Ocean,Happywhale.com
64235_JIP2010:deployment:0781387,2010-11-19T05:10:00,2010,11,-55.9251978833941,155.732830952673,,MachineObservation,,
88723_Eden2009:deployment:0783551,2008-12-13T03:02:00,2008,12,-52.5059705815711,171.162822751253,,MachineObservation,,
88738_Eden2009:deployment:0788385,2008-11-21T21:06:00,2008,11,-48.5352823101058,148.885463962654,,MachineObservation,,
88729_Eden2009:deployment:0786933,2009-01-14T14:40:00,2009,1,-63.9593648914715,115.177895465109,,MachineObservation,,
98129_JIP2010:deployment:0791872,2010-12-03T04:44:00,2010,12,-46.7912723753816,148.551115207307,,MachineObservation,,
88729_Eden2009:deployment:0786720,2008-12-27T20:40:00,2008,12,-63.5451609722391,119.691086252668,,MachineObservation,,
https://www.inaturalist.org/observations/36667291,2019-06-23T16:04:00+12:00,,,-45.7720658869,170.7545126711,,HumanObservation,iNaturalist research-grade observations,iNaturalist
88723_Eden2009:deployment:0783585,2008-12-15T23:02:00,2008,12,-55.748738417281,173.493690423455,,MachineObservation,,
88728_Eden2009:deployment:0785480,2008-12-20T02:51:00,2008,12,-63.9300812162744,159.537259156146,,MachineObservation,,
88718_Eden2009:deployment:0782742,2009-01-07T00:34:00,2009,1,-64.8155072611514,178.852180045673,,MachineObservation,,
98114_JIP2010:deployment:0791040,2010-11-18T12:15:00,2010,11,-53.2553533997216,159.425940960483,,MachineObservation,,
88729_Eden2009:deployment:0786494,2008-12-09T00:40:00,2008,12,-61.9122486320185,119.203250336321,,MachineObservation,,
88728_Eden2009:deployment:0785987,2009-01-31T08:51:00,2009,1,-64.8394044237213,158.609009933537,,MachineObservation,,
88728_Eden2009:deployment:0785681,2009-01-05T20:51:00,2009,1,-62.1848068633416,154.929507175887,,MachineObservation,,
88729_Eden2009:deployment:0786673,2008-12-23T22:40:00,2008,12,-63.38015833823,120.087900569736,,MachineObservation,,
13440_131178:deployment:0769135,2015-11-28T21:30:49,2015,11,-49.2617227624668,177.079382630101,,MachineObservation,,
88741_Eden2009:deployment:0789292,2008-12-15T03:13:00,2008,12,-61.5961428694241,166.116234985049,,MachineObservation,,
98129_JIP2010:deployment:0792270,2011-01-05T08:44:00,2011,1,-63.9152085367675,170.200390948994,,MachineObservation,,
88729_Eden2009:deployment:0786440,2008-12-04T12:40:00,2008,12,-60.2135961242729,121.292386871876,,MachineObservation,,
88723_Eden2009:deployment:0783475,2008-12-06T19:02:00,2008,12,-45.6911006887783,166.14899304125,,MachineObservation,,
urn:catalog:AADC:WC:5570,1933-01-01 00:00:00+00,1933,1,-59.5,94.5,5,HumanObservation,,AADC
88732_Eden2009:deployment:0787492,2008-11-19T21:33:00,2008,11,-45.8239725107368,164.16818850484,,MachineObservation,,
13440_131190:deployment:0776367,2015-12-05T04:31:20,2015,12,-60.3055388229938,178.318680921702,,MachineObservation,,
98129_JIP2010:deployment:0792118,2010-12-23T16:44:00,2010,12,-56.4164911156994,165.53516533517,,MachineObservation,,
88729_Eden2009:deployment:0786913,2009-01-12T22:40:00,2009,1,-64.5987669749695,116.846795451599,,MachineObservation,,
98129_JIP2010:deployment:0792305,2011-01-08T06:44:00,2011,1,-64.7295818500803,170.098456148658,,MachineObservation,,
88741_Eden2009:deployment:0789053,2008-11-25T05:13:00,2008,11,-45.5629610275744,166.306550407858,,MachineObservation,,
13440_131178:deployment:0769182,2015-12-02T19:30:49,2015,12,-49.7646226943488,176.477057569272,,MachineObservation,,
98129_JIP2010:deployment:0792268,2011-01-05T04:44:00,2011,1,-63.7497913609636,170.142343188494,,MachineObservation,,
13440_131178:deployment:0769146,2015-11-29T19:30:49,2015,11,-49.3907849337324,176.997289048834,,MachineObservation,,
88732_Eden2009:deployment:0787453,2008-11-16T15:33:00,2008,11,-45.9456422672668,164.295933011805,,MachineObservation,,
13440_131178:deployment:0769344,2015-12-16T07:30:49,2015,12,-58.2835427376056,178.000130369762,,MachineObservation,,
98129_JIP2010:deployment:0791880,2010-12-03T20:44:00,2010,12,-46.9454359208494,148.854191547491,,MachineObservation,,
98114_JIP2010:deployment:0791156,2010-11-28T04:15:00,2010,11,-60.9219738989763,158.173104898859,,MachineObservation,,
13440_131178:deployment:0769360,2015-12-17T15:30:49,2015,12,-60.0234473186195,179.416090117836,,MachineObservation,,
88741_Eden2009:deployment:0789161,2008-12-04T05:13:00,2008,12,-52.0671630890778,170.682512695546,,MachineObservation,,
88718_Eden2009:deployment:0782749,2009-01-07T14:34:00,2009,1,-64.9068612721941,179.36006615354,,MachineObservation,,
88732_Eden2009:deployment:0787477,2008-11-18T15:33:00,2008,11,-45.948611441051,164.078292822677,,MachineObservation,,
88729_Eden2009:deployment:0786392,2008-11-30T12:40:00,2008,11,-56.4791719850509,126.442731717879,,MachineObservation,,
88741_Eden2009:deployment:0789302,2008-12-15T23:13:00,2008,12,-62.0921544068266,165.01834062972,,MachineObservation,,
88723_Eden2009:deployment:0783903,2009-01-11T11:02:00,2009,1,-63.9844430191864,168.565271274021,,MachineObservation,,
in2017_v01_09292,2017-01-24T01:23:00Z,,,-64.5578,116.5472,1,HumanObservation,,Macquarie University
13440_131190:deployment:0776280,2015-11-27T22:31:20,2015,11,-55.8807696914134,178.426741077235,,MachineObservation,,
98129_JIP2010:deployment:0792289,2011-01-06T22:44:00,2011,1,-64.332041665584,170.212116655573,,MachineObservation,,
88733_Eden2009:deployment:0787991,2008-11-27T05:00:00,2008,11,-57.6443742146621,172.119356976585,,MachineObservation,,
88738_Eden2009:deployment:0788536,2008-12-04T11:06:00,2008,12,-59.9494252708636,150.852898683905,,MachineObservation,,
88729_Eden2009:deployment:0787113,2009-01-29T14:40:00,2009,1,-62.5696727687452,102.599970513712,,MachineObservation,,
88729_Eden2009:deployment:0786445,2008-12-04T22:40:00,2008,12,-60.4131270907822,121.449199168364,,MachineObservation,,
13440_131178:deployment:0769352,2015-12-16T23:30:49,2015,12,-59.0969990462941,178.539568153491,,MachineObservation,,
88725_Eden2009:deployment:0784710,2008-12-29T06:04:00,2008,12,-62.8634093178477,153.711055580951,,MachineObservation,,
88741_Eden2009:deployment:0789152,2008-12-03T11:13:00,2008,12,-51.2397080763964,170.652202572541,,MachineObservation,,
88725_Eden2009:deployment:0784643,2008-12-23T16:04:00,2008,12,-62.8997933152767,157.282003380536,,MachineObservation,,
98129_JIP2010:deployment:0792111,2010-12-23T02:44:00,2010,12,-56.0280560000005,164.799022359835,,MachineObservation,,
urn:catalog:AADC:WC:5745,1937-01-01 00:00:00+00,1937,1,-60.5,89.5,2,HumanObservation,,AADC
64235_JIP2010:deployment:0781420,2010-11-21T23:10:00,2010,11,-59.8802626697508,157.622018420933,,MachineObservation,,
88728_Eden2009:deployment:0785529,2008-12-24T04:51:00,2008,12,-63.8675577457235,156.611604010638,,MachineObservation,,
88728_Eden2009:deployment:0785445,2008-12-17T04:51:00,2008,12,-63.0190807477892,157.903497711525,,MachineObservation,,
88718_Eden2009:deployment:0782545,2008-12-21T14:34:00,2008,12,-49.2868447334453,158.553648329976,,MachineObservation,,
88732_Eden2009:deployment:0787396,2008-11-11T21:33:00,2008,11,-45.3293245546515,161.536368124338,,MachineObservation,,
13440_131190:deployment:0776300,2015-11-29T14:31:20,2015,11,-56.28343876329,178.322424940957,,MachineObservation,,
88718_Eden2009:deployment:0782525,2008-12-19T22:34:00,2008,12,-48.0143979260538,155.806251953621,,MachineObservation,,
88733_Eden2009:deployment:0788047,2008-12-01T21:00:00,2008,12,-61.6714907041108,174.809420218398,,MachineObservation,,
88741_Eden2009:deployment:0790329,2009-03-11T13:13:00,2009,3,-64.3492069287847,163.898034161909,,MachineObservation,,
88741_Eden2009:deployment:0789221,2008-12-09T05:13:00,2008,12,-56.0657084791775,170.076023644147,,MachineObservation,,
88729_Eden2009:deployment:0786948,2009-01-15T20:40:00,2009,1,-63.7236952411815,113.934616628979,,MachineObservation,,
88725_Eden2009:deployment:0784409,2008-12-04T04:04:00,2008,12,-51.9802345331265,154.248999316453,,MachineObservation,,
88718_Eden2009:deployment:0782497,2008-12-17T14:34:00,2008,12,-46.2950801234699,153.793186444355,,MachineObservation,,
64235_JIP2010:deployment:0781507,2010-11-29T05:10:00,2010,11,-61.0720263550883,157.859797730472,,MachineObservation,,
88728_Eden2009:deployment:0785930,2009-01-26T14:51:00,2009,1,-64.0949349202461,158.385245646561,,MachineObservation,,
88741_Eden2009:deployment:0789081,2008-11-27T13:13:00,2008,11,-47.4874470166352,167.435924639223,,MachineObservation,,
88723_Eden2009:deployment:0783894,2009-01-10T17:02:00,2009,1,-63.8687637563396,168.574504073481,,MachineObservation,,
88729_Eden2009:deployment:0786745,2008-12-29T22:40:00,2008,12,-63.9969861086786,118.789528853458,,MachineObservation,,
88728_Eden2009:deployment:0785809,2009-01-16T12:51:00,2009,1,-63.6879800014582,159.259072160349,,MachineObservation,,
88738_Eden2009:deployment:0788521,2008-12-03T05:06:00,2008,12,-59.9520363292851,151.03261118166,,MachineObservation,,
88741_Eden2009:deployment:0789380,2008-12-22T11:13:00,2008,12,-61.781043203107,164.51721683155,,MachineObservation,,
88741_Eden2009:deployment:0789705,2009-01-18T13:13:00,2009,1,-62.7820571344706,155.647597698895,,MachineObservation,,
88718_Eden2009:deployment:0782478,2008-12-16T00:34:00,2008,12,-45.1848269527019,151.332798690488,,MachineObservation,,
88738_Eden2009:deployment:0788586,2008-12-08T15:06:00,2008,12,-62.6292840634674,150.301216516247,,MachineObservation,,
88741_Eden2009:deployment:0790312,2009-03-10T03:13:00,2009,3,-64.7232999905982,163.28905138707,,MachineObservation,,
88741_Eden2009:deployment:0789099,2008-11-29T01:13:00,2008,11,-48.6161843327646,168.451648174456,,MachineObservation,,
88728_Eden2009:deployment:0785426,2008-12-15T14:51:00,2008,12,-62.2221695782123,157.546165110514,,MachineObservation,,
88741_Eden2009:deployment:0789147,2008-12-03T01:13:00,2008,12,-50.9611732686322,170.696663647295,,MachineObservation,,
88741_Eden2009:deployment:0789510,2009-01-02T07:13:00,2009,1,-62.4932033139796,158.860851070884,,MachineObservation,,
64235_JIP2010:deployment:0781491,2010-11-27T21:10:00,2010,11,-60.9113412412542,157.959892291286,,MachineObservation,,
88728_Eden2009:deployment:0785750,2009-01-11T14:51:00,2009,1,-62.7673919117265,155.08722815567,,MachineObservation,,
88738_Eden2009:deployment:0788681,2008-12-16T13:06:00,2008,12,-63.8584329894287,149.416497203198,,MachineObservation,,
98129_JIP2010:deployment:0792084,2010-12-20T20:44:00,2010,12,-54.3271706773972,163.412273011843,,MachineObservation,,
urn:catalog:AADC:SOWS:SOWS-92850,2001-02-03 00:00:00Z,2001,2,-63.751,105.663,1,HumanObservation,,AADC
88733_Eden2009:deployment:0788034,2008-11-30T19:00:00,2008,11,-60.7208337677262,174.706630964629,,MachineObservation,,
88729_Eden2009:deployment:0787107,2009-01-29T02:40:00,2009,1,-62.5969097630515,102.455610909624,,MachineObservation,,
98129_JIP2010:deployment:0792257,2011-01-04T06:44:00,2011,1,-63.2064848028132,169.885304307416,,MachineObservation,,
88729_Eden2009:deployment:0786730,2008-12-28T16:40:00,2008,12,-63.6154068359409,118.115444129319,,MachineObservation,,
13440_131190:deployment:0776464,2015-12-13T06:31:20,2015,12,-63.7102231637633,176.921636209444,,MachineObservation,,
88718_Eden2009:deployment:0782540,2008-12-21T04:34:00,2008,12,-48.9429158256912,157.761513622907,,MachineObservation,,
13440_131178:deployment:0769250,2015-12-08T11:30:49,2015,12,-51.7968936221318,177.357152065361,,MachineObservation,,
88741_Eden2009:deployment:0789731,2009-01-20T17:13:00,2009,1,-63.283322888643,156.010783043188,,MachineObservation,,
88729_Eden2009:deployment:0786993,2009-01-19T14:40:00,2009,1,-63.4415633996151,106.605446241655,,MachineObservation,,
88729_Eden2009:deployment:0786514,2008-12-10T16:40:00,2008,12,-62.3474247320256,119.086577074478,,MachineObservation,,
88729_Eden2009:deployment:0786370,2008-11-28T16:40:00,2008,11,-55.4243408881902,128.807177666282,,MachineObservation,,
98114_JIP2010:deployment:0791118,2010-11-25T00:15:00,2010,11,-60.4688434272228,158.590966215014,,MachineObservation,,
88728_Eden2009:deployment:0785619,2008-12-31T16:51:00,2008,12,-62.2763115723655,155.65364255392,,MachineObservation,,
88741_Eden2009:deployment:0789386,2008-12-22T23:13:00,2008,12,-62.0058912362191,164.048543052445,,MachineObservation,,
88741_Eden2009:deployment:0790124,2009-02-22T11:13:00,2009,2,-64.9069416241798,163.424663773416,,MachineObservation,,
88725_Eden2009:deployment:0784458,2008-12-08T06:04:00,2008,12,-56.4019053401646,156.543161414988,,MachineObservation,,
98114_JIP2010:deployment:0791039,2010-11-18T10:15:00,2010,11,-53.2133649775406,159.373930468469,,MachineObservation,,
urn:catalog:AADC:WC:5972,1959-01-01 00:00:00+00,1959,1,-60.5,83.5,58,HumanObservation,,AADC
88741_Eden2009:deployment:0789721,2009-01-19T21:13:00,2009,1,-63.6603681591621,155.35865703424,,MachineObservation,,
98129_JIP2010:deployment:0792004,2010-12-14T04:44:00,2010,12,-51.8612125672334,158.405578967119,,MachineObservation,,
88729_Eden2009:deployment:0786832,2009-01-06T04:40:00,2009,1,-64.606769837946,120.767515407874,,MachineObservation,,
88728_Eden2009:deployment:0785726,2009-01-09T14:51:00,2009,1,-62.5890430798895,154.257350687341,,MachineObservation,,
88729_Eden2009:deployment:0786688,2008-12-25T04:40:00,2008,12,-63.4079767852409,119.528904939967,,MachineObservation,,
13440_131178:deployment:0769132,2015-11-28T15:30:49,2015,11,-49.2820012012392,176.960669715796,,MachineObservation,,
in2017_v01_09947,2017-02-24T04:22:00Z,,,-64.74917,118.985,1,HumanObservation,,Macquarie University
88728_Eden2009:deployment:0785452,2008-12-17T18:51:00,2008,12,-63.1461190194655,158.335017667414,,MachineObservation,,
88729_Eden2009:deployment:0786456,2008-12-05T20:40:00,2008,12,-60.7035721349374,121.048109492991,,MachineObservation,,
13440_131190:deployment:0776318,2015-12-01T02:31:20,2015,12,-57.0529858210983,178.549188279464,,MachineObservation,,
64235_JIP2010:deployment:0781319,2010-11-13T13:10:00,2010,11,-49.9588998944547,152.537872246799,,MachineObservation,,
88738_Eden2009:deployment:0788556,2008-12-06T03:06:00,2008,12,-60.2108255136534,149.985200101059,,MachineObservation,,
88729_Eden2009:deployment:0786518,2008-12-11T00:40:00,2008,12,-62.3991449228211,118.947940342277,,MachineObservation,,
13440_131178:deployment:0769358,2015-12-17T11:30:49,2015,12,-59.8560503985075,179.128166031197,,MachineObservation,,
98129_JIP2010:deployment:0792079,2010-12-20T10:44:00,2010,12,-54.1200892322334,163.340355347334,,MachineObservation,,
88741_Eden2009:deployment:0789291,2008-12-15T01:13:00,2008,12,-61.509782569974,166.272656494105,,MachineObservation,,
urn:catalog:AADC:SOWS:SOWS-93563,1998-02-16 08:20:50Z,1998,2,-62.758,88.2685,2,HumanObservation,,AADC
98129_JIP2010:deployment:0791963,2010-12-10T18:44:00,2010,12,-49.497646510243,155.486036611689,,MachineObservation,,
88732_Eden2009:deployment:0787462,2008-11-17T09:33:00,2008,11,-45.944255654591,164.232822684376,,MachineObservation,,
13440_131178:deployment:0769217,2015-12-05T17:30:49,2015,12,-50.540110153929,178.242423372482,,MachineObservation,,
urn:catalog:AADC:SOWS:SOWS-93612,1996-01-26 03:02:00Z,1996,1,-63.02055,97.25757,2,HumanObservation,,AADC
urn:catalog:AADC:WC:5983,1959-01-01 00:00:00+00,1959,1,-62.5,82.5,127,HumanObservation,,AADC
urn:catalog:AADC:WC:5662,1935-01-01 00:00:00+00,1935,1,-60.5,102.5,1,HumanObservation,,AADC
88718_Eden2009:deployment:0782537,2008-12-20T22:34:00,2008,12,-48.7235643149349,157.324967121996,,MachineObservation,,
88729_Eden2009:deployment:0786916,2009-01-13T04:40:00,2009,1,-64.3721359163998,116.68798402854,,MachineObservation,,
88729_Eden2009:deployment:0786343,2008-11-26T10:40:00,2008,11,-53.4390531430509,131.040319560957,,MachineObservation,,
98114_JIP2010:deployment:0791113,2010-11-24T14:15:00,2010,11,-60.4754401748422,158.568964599786,,MachineObservation,,
88733_Eden2009:deployment:0787846,2008-11-15T03:00:00,2008,11,-48.8155150485553,160.830176101233,,MachineObservation,,
88718_Eden2009:deployment:0782752,2009-01-07T20:34:00,2009,1,-64.9423971901316,179.411058837864,,MachineObservation,,
88728_Eden2009:deployment:0785695,2009-01-07T00:51:00,2009,1,-62.2638737884001,154.63894895469,,MachineObservation,,
88725_Eden2009:deployment:0784877,2009-01-12T04:04:00,2009,1,-62.3796258140578,150.249903745577,,MachineObservation,,
98129_JIP2010:deployment:0792040,2010-12-17T04:44:00,2010,12,-53.6801437124753,160.714308898073,,MachineObservation,,
88723_Eden2009:deployment:0783900,2009-01-11T05:02:00,2009,1,-63.9540708544675,168.58735811369,,MachineObservation,,
13440_88727:deployment:0777137,2015-11-30T16:30:50,2015,11,-63.4394294215648,179.418708180826,,MachineObservation,,
88733_Eden2009:deployment:0787940,2008-11-22T23:00:00,2008,11,-55.0991633780641,169.469617904653,,MachineObservation,,
88741_Eden2009:deployment:0789164,2008-12-04T11:13:00,2008,12,-52.258930029797,170.628020647929,,MachineObservation,,
98114_JIP2010:deployment:0791223,2010-12-03T18:15:00,2010,12,-61.2943641359758,157.622641052636,,MachineObservation,,
urn:catalog:AADC:SOWS:SOWS-92920,2001-03-03 00:00:00Z,2001,3,-59.879,104.433,2,HumanObservation,,AADC
88741_Eden2009:deployment:0789117,2008-11-30T13:13:00,2008,11,-49.4512186273945,169.463022822449,,MachineObservation,,
13440_88727:deployment:0777124,2015-11-29T14:30:50,2015,11,-63.1768659734699,179.198226206554,,MachineObservation,,
88729_Eden2009:deployment:0786761,2008-12-31T06:40:00,2008,12,-64.3722867855289,119.724608467156,,MachineObservation,,
229463,2014-10-25T23:09:12,2014,10,-45.73,166.5,1,HumanObservation,Happywhale - Humpback whale in South Pacific Ocean,Happywhale.com
88741_Eden2009:deployment:0789700,2009-01-18T03:13:00,2009,1,-62.5583225706098,155.98691238323,,MachineObservation,,
88741_Eden2009:deployment:0789452,2008-12-28T11:13:00,2008,12,-63.8478692453079,161.012429107159,,MachineObservation,,
98129_JIP2010:deployment:0792298,2011-01-07T16:44:00,2011,1,-64.4063877562769,170.149067762151,,MachineObservation,,
urn:catalog:AADC:WC:5843,1938-01-01 00:00:00+00,1938,1,-60.5,105.5,1,HumanObservation,,AADC
88741_Eden2009:deployment:0790331,2009-03-11T17:13:00,2009,3,-64.3668248574148,164.135407269837,,MachineObservation,,
88728_Eden2009:deployment:0785777,2009-01-13T20:51:00,2009,1,-63.440524280354,157.562871474842,,MachineObservation,,
88733_Eden2009:deployment:0787768,2008-11-08T15:00:00,2008,11,-45.8108372163117,153.706486583336,,MachineObservation,,
88728_Eden2009:deployment:0785616,2008-12-31T10:51:00,2008,12,-62.2310405673235,155.695640492428,,MachineObservation,,
98129_JIP2010:deployment:0791855,2010-12-01T18:44:00,2010,12,-46.2771165051401,147.853792118222,,MachineObservation,,
88729_Eden2009:deployment:0786288,2008-11-21T20:40:00,2008,11,-50.1625279988901,133.867411306827,,MachineObservation,,
88733_Eden2009:deployment:0787783,2008-11-09T21:00:00,2008,11,-46.6880515141336,155.519945965876,,MachineObservation,,
urn:catalog:AADC:SOWS:SOWS-100769,1998-01-01 00:00:00Z,1998,1,-62.64,87.3,3,HumanObservation,,AADC
88741_Eden2009:deployment:0789445,2008-12-27T21:13:00,2008,12,-63.9338091303592,161.573865163132,,MachineObservation,,
13440_131190:deployment:0776170,2015-11-18T18:31:20,2015,11,-49.0624858545953,179.729344227192,,MachineObservation,,
88725_Eden2009:deployment:0784707,2008-12-29T00:04:00,2008,12,-62.9057563892781,153.970023026766,,MachineObservation,,
88723_Eden2009:deployment:0783737,2008-12-28T15:02:00,2008,12,-63.1115548520188,169.522327672227,,MachineObservation,,
88728_Eden2009:deployment:0785907,2009-01-24T16:51:00,2009,1,-64.7150096355827,159.901142951774,,MachineObservation,,
88738_Eden2009:deployment:0788696,2008-12-17T19:06:00,2008,12,-63.9898046186223,149.148252070942,,MachineObservation,,
88741_Eden2009:deployment:0789102,2008-11-29T07:13:00,2008,11,-48.7953793943064,168.57121152918,,MachineObservation,,
88728_Eden2009:deployment:0785693,2009-01-06T20:51:00,2009,1,-62.2067225570382,154.772653867219,,MachineObservation,,
13440_131178:deployment:0769284,2015-12-11T07:30:49,2015,12,-54.1444948134698,177.413620352935,,MachineObservation,,
urn:catalog:AADC:WC:5710,1936-01-01 00:00:00+00,1936,1,-59.5,89.5,38,HumanObservation,,AADC
88729_Eden2009:deployment:0787108,2009-01-29T04:40:00,2009,1,-62.6394092477544,102.421495031824,,MachineObservation,,
98129_JIP2010:deployment:0792073,2010-12-19T22:44:00,2010,12,-53.8484079275146,162.932814857305,,MachineObservation,,
88725_Eden2009:deployment:0784776,2009-01-03T18:04:00,2009,1,-62.1561262451678,152.311670772648,,MachineObservation,,
88729_Eden2009:deployment:0786552,2008-12-13T20:40:00,2008,12,-62.990236250727,119.301293323745,,MachineObservation,,
urn:catalog:AADC:SOWS:SOWS-92824,2001-01-30 00:00:00Z,2001,1,-63.519,100.112,1,HumanObservation,,AADC
88741_Eden2009:deployment:0789757,2009-01-22T21:13:00,2009,1,-63.6784817764445,159.781847501377,,MachineObservation,,
13440_131178:deployment:0769117,2015-11-27T09:30:49,2015,11,-49.0348559818111,176.914201052244,,MachineObservation,,
98114_JIP2010:deployment:0791263,2010-12-07T02:15:00,2010,12,-61.966851701335,157.506885601414,,MachineObservation,,
88728_Eden2009:deployment:0785393,2008-12-12T20:51:00,2008,12,-61.9878013610566,156.859172461272,,MachineObservation,,
98114_JIP2010:deployment:0791139,2010-11-26T18:15:00,2010,11,-60.585221964961,158.713845195663,,MachineObservation,,
88728_Eden2009:deployment:0785807,2009-01-16T08:51:00,2009,1,-63.685600230901,159.130081405888,,MachineObservation,,
urn:catalog:AADC:WC:5787,1937-01-01 00:00:00+00,1937,1,-62.5,98.5,38,HumanObservation,,AADC
98114_JIP2010:deployment:0790997,2010-11-14T22:15:00,2010,11,-48.7255013285077,160.290497970953,,MachineObservation,,
13440_131190:deployment:0776232,2015-11-23T22:31:20,2015,11,-51.534486884481,177.528707829013,,MachineObservation,,
88733_Eden2009:deployment:0787875,2008-11-17T13:00:00,2008,11,-50.2963895119425,164.069450490965,,MachineObservation,,
13440_131178:deployment:0769307,2015-12-13T05:30:49,2015,12,-55.4440362629629,177.504061712068,,MachineObservation,,
https://www.inaturalist.org/observations/8894495,2017-11-21T18:38:44Z,2017,11,-45.250848,166.839309,,HumanObservation,iNaturalist research-grade observations,iNaturalist
88729_Eden2009:deployment:0786431,2008-12-03T18:40:00,2008,12,-59.3180627885341,122.090487039548,,MachineObservation,,
88741_Eden2009:deployment:0789677,2009-01-16T05:13:00,2009,1,-62.8722082365889,156.318309675157,,MachineObservation,,
88741_Eden2009:deployment:0789281,2008-12-14T05:13:00,2008,12,-60.8240990328263,166.862417978697,,MachineObservation,,
88725_Eden2009:deployment:0784514,2008-12-12T22:04:00,2008,12,-61.4567498636761,156.108399893932,,MachineObservation,,
urn:catalog:AADC:WC:5601,1934-01-01 00:00:00+00,1934,1,-60.5,84.5,15,HumanObservation,,AADC
98114_JIP2010:deployment:0791253,2010-12-06T06:15:00,2010,12,-61.6637199775441,157.395238127074,,MachineObservation,,
88725_Eden2009:deployment:0784471,2008-12-09T08:04:00,2008,12,-57.8541037526052,157.810286724655,,MachineObservation,,
urn:catalog:AADC:SOWS:SOWS-92715,2001-01-09 00:00:00Z,2001,1,-59.612,98.423,2,HumanObservation,,AADC
88729_Eden2009:deployment:0786838,2009-01-06T16:40:00,2009,1,-64.6678551217645,120.64402106764,,MachineObservation,,
88728_Eden2009:deployment:0785774,2009-01-13T14:51:00,2009,1,-63.3058012336883,157.023231751123,,MachineObservation,,
98129_JIP2010:deployment:0791870,2010-12-03T00:44:00,2010,12,-46.7744226592563,148.466475276464,,MachineObservation,,
88741_Eden2009:deployment:0789395,2008-12-23T17:13:00,2008,12,-62.4535633724141,163.382581838276,,MachineObservation,,
88725_Eden2009:deployment:0784839,2009-01-09T00:04:00,2009,1,-62.2626524999097,150.746109175208,,MachineObservation,,
13440_131178:deployment:0769226,2015-12-06T11:30:49,2015,12,-50.8064218799617,177.963800081369,,MachineObservation,,
88725_Eden2009:deployment:0784772,2009-01-03T10:04:00,2009,1,-62.0714260624342,152.005820985757,,MachineObservation,,
88723_Eden2009:deployment:0783474,2008-12-06T17:02:00,2008,12,-45.4926521266287,166.243455103079,,MachineObservation,,
98129_JIP2010:deployment:0792294,2011-01-07T08:44:00,2011,1,-64.3967969947561,170.163848310086,,MachineObservation,,
88741_Eden2009:deployment:0789756,2009-01-22T19:13:00,2009,1,-63.5390985693758,159.596941050675,,MachineObservation,,
88718_Eden2009:deployment:0782755,2009-01-08T02:34:00,2009,1,-64.951328735909,179.418252906559,,MachineObservation,,
88728_Eden2009:deployment:0785127,2008-11-20T16:51:00,2008,11,-49.2519373356451,152.452878935664,,MachineObservation,,
98129_JIP2010:deployment:0792011,2010-12-14T18:44:00,2010,12,-52.2574125447746,158.917361092223,,MachineObservation,,
88729_Eden2009:deployment:0787087,2009-01-27T10:40:00,2009,1,-62.780124389641,103.679636013809,,MachineObservation,,
88725_Eden2009:deployment:0784708,2008-12-29T02:04:00,2008,12,-62.8930076940304,153.870751718425,,MachineObservation,,
88723_Eden2009:deployment:0783743,2008-12-29T03:02:00,2008,12,-63.0264141671381,169.51996067736,,MachineObservation,,
88741_Eden2009:deployment:0790364,2009-03-14T11:13:00,2009,3,-64.2064834737205,165.02379655939,,MachineObservation,,
88741_Eden2009:deployment:0789817,2009-01-27T21:13:00,2009,1,-64.2393239841246,160.935449222599,,MachineObservation,,
88729_Eden2009:deployment:0786497,2008-12-09T06:40:00,2008,12,-61.9963739574978,119.045864987184,,MachineObservation,,
13440_88727:deployment:0777161,2015-12-02T16:30:50,2015,12,-63.7187309199189,179.961464096482,,MachineObservation,,
88732_Eden2009:deployment:0787528,2008-11-22T21:33:00,2008,11,-46.5569341488326,165.025588644463,,MachineObservation,,
88729_Eden2009:deployment:0786751,2008-12-30T10:40:00,2008,12,-64.1280815079174,118.897674872418,,MachineObservation,,
88738_Eden2009:deployment:0788745,2008-12-21T21:06:00,2008,12,-64.3422299670788,148.567326692157,,MachineObservation,,
88729_Eden2009:deployment:0787065,2009-01-25T14:40:00,2009,1,-62.8631803059195,103.104274204286,,MachineObservation,,
88738_Eden2009:deployment:0788688,2008-12-17T03:06:00,2008,12,-63.883629618246,149.037897885732,,MachineObservation,,
88728_Eden2009:deployment:0785196,2008-11-26T10:51:00,2008,11,-52.8860726945742,156.051930889726,,MachineObservation,,
88741_Eden2009:deployment:0789711,2009-01-19T01:13:00,2009,1,-63.0565727116139,155.801072806116,,MachineObservation,,
urn:catalog:AADC:WC:5579,1933-01-01 00:00:00+00,1933,1,-63.5,92.5,11,HumanObservation,,AADC
88741_Eden2009:deployment:0789397,2008-12-23T21:13:00,2008,12,-62.6356965731661,163.347431458048,,MachineObservation,,
88741_Eden2009:deployment:0789524,2009-01-03T11:13:00,2009,1,-62.580504274979,158.359910604245,,MachineObservation,,
88723_Eden2009:deployment:0783819,2009-01-04T11:02:00,2009,1,-63.4257685650503,167.409131057391,,MachineObservation,,
88729_Eden2009:deployment:0786895,2009-01-11T10:40:00,2009,1,-64.6057390624317,118.476686802424,,MachineObservation,,
in2017_v01_09934,2017-02-14T02:11:00Z,,,-64.55194,119.29139,3,HumanObservation,,Macquarie University
88725_Eden2009:deployment:0784833,2009-01-08T12:04:00,2009,1,-62.3871696237993,150.971094204596,,MachineObservation,,
88741_Eden2009:deployment:0789257,2008-12-12T05:13:00,2008,12,-58.9033840435417,168.203940303089,,MachineObservation,,
88728_Eden2009:deployment:0785984,2009-01-31T02:51:00,2009,1,-64.7584683605428,158.610440122041,,MachineObservation,,
13440_131190:deployment:0776235,2015-11-24T04:31:20,2015,11,-51.7956523387401,177.467056791501,,MachineObservation,,
98129_JIP2010:deployment:0791889,2010-12-04T14:44:00,2010,12,-47.2669580690914,149.232968801595,,MachineObservation,,
88741_Eden2009:deployment:0790355,2009-03-13T17:13:00,2009,3,-64.1681551297164,164.773856259011,,MachineObservation,,
98114_JIP2010:deployment:0791105,2010-11-23T22:15:00,2010,11,-60.3281053451639,158.505448196222,,MachineObservation,,
88728_Eden2009:deployment:0785072,2008-11-16T02:51:00,2008,11,-45.8224968247793,151.373852334021,,MachineObservation,,
88738_Eden2009:deployment:0788548,2008-12-05T11:06:00,2008,12,-59.9679891267622,150.013674668391,,MachineObservation,,
88732_Eden2009:deployment:0787413,2008-11-13T07:33:00,2008,11,-45.6576150217719,163.043119760414,,MachineObservation,,
88741_Eden2009:deployment:0789527,2009-01-03T17:13:00,2009,1,-62.4953021887357,158.433395231521,,MachineObservation,,
88738_Eden2009:deployment:0788717,2008-12-19T13:06:00,2008,12,-64.0823258966757,148.991791185833,,MachineObservation,,
13440_131190:deployment:0776448,2015-12-11T22:31:20,2015,12,-63.5813992358778,175.843136758514,,MachineObservation,,
88738_Eden2009:deployment:0788348,2008-11-18T19:06:00,2008,11,-45.0357977664998,146.926363345676,,MachineObservation,,
urn:catalog:AADC:WC:5955,1952-01-01 00:00:00+00,1952,1,-63.5,104.5,128,HumanObservation,,AADC
urn:catalog:AADC:SOWS:SOWS-93730,1996-02-10 22:41:00Z,1996,2,-62.93088,96.13025,2,HumanObservation,,AADC
13440_131190:deployment:0776248,2015-11-25T06:31:20,2015,11,-52.9511856025328,177.188398884843,,MachineObservation,,
88723_Eden2009:deployment:0783655,2008-12-21T19:02:00,2008,12,-62.695083253367,170.840773384879,,MachineObservation,,
98114_JIP2010:deployment:0791146,2010-11-27T08:15:00,2010,11,-60.7666672145117,158.424484797574,,MachineObservation,,
88725_Eden2009:deployment:0784478,2008-12-09T22:04:00,2008,12,-58.8265036144953,157.935989677311,,MachineObservation,,
13440_131190:deployment:0776349,2015-12-03T16:31:20,2015,12,-59.2841492095424,178.956498678164,,MachineObservation,,
88738_Eden2009:deployment:0788706,2008-12-18T15:06:00,2008,12,-64.0350751270607,149.031026239915,,MachineObservation,,
13440_131178:deployment:0769157,2015-11-30T17:30:49,2015,11,-49.4778447048015,176.925419954776,,MachineObservation,,
13440_131178:deployment:0769262,2015-12-09T11:30:49,2015,12,-52.7356589048755,177.391370326665,,MachineObservation,,
88725_Eden2009:deployment:0784804,2009-01-06T02:04:00,2009,1,-61.7706221556816,151.140681787078,,MachineObservation,,
13440_88727:deployment:0777132,2015-11-30T06:30:50,2015,11,-63.3462962753301,179.362785438998,,MachineObservation,,
88729_Eden2009:deployment:0786436,2008-12-04T04:40:00,2008,12,-59.9033655879437,121.473953242715,,MachineObservation,,
395828,2000-01-14,2000,1,-61.03,100.16,1,HumanObservation,Happywhale - Humpback whale in Southern Ocean,Happywhale.com
98114_JIP2010:deployment:0791002,2010-11-15T08:15:00,2010,11,-49.330468964782,160.154589758838,,MachineObservation,,
626179,2026-01-10T19:28:39,2026,1,-61.53526,159.94967,1,HumanObservation,Happywhale - Humpback whale in Southern Ocean,Happywhale.com
229471,2012-11-16T08:46:01,2012,11,-45.46,166.71,1,HumanObservation,Happywhale - Humpback whale in South Pacific Ocean,Happywhale.com
88741_Eden2009:deployment:0789781,2009-01-24T21:13:00,2009,1,-64.1079844937027,160.907331644018,,MachineObservation,,
88728_Eden2009:deployment:0785812,2009-01-16T18:51:00,2009,1,-63.7217312277211,159.753832262741,,MachineObservation,,
88741_Eden2009:deployment:0789169,2008-12-04T21:13:00,2008,12,-52.7001701379694,170.537459207447,,MachineObservation,,
88729_Eden2009:deployment:0786664,2008-12-23T04:40:00,2008,12,-63.6866192224041,119.8226163848,,MachineObservation,,
88729_Eden2009:deployment:0786448,2008-12-05T04:40:00,2008,12,-60.5595698777508,121.236425865391,,MachineObservation,,
88728_Eden2009:deployment:0785561,2008-12-26T20:51:00,2008,12,-62.1193762129697,156.169571142043,,MachineObservation,,
88725_Eden2009:deployment:0784482,2008-12-10T06:04:00,2008,12,-59.1905027754707,157.852155487461,,MachineObservation,,
88728_Eden2009:deployment:0785551,2008-12-26T00:51:00,2008,12,-62.5321032583386,155.73812098788,,MachineObservation,,
13440_131190:deployment:0776224,2015-11-23T06:31:20,2015,11,-51.0774842688603,177.772686857528,,MachineObservation,,
88728_Eden2009:deployment:0785629,2009-01-01T12:51:00,2009,1,-62.2512291919479,155.613333258397,,MachineObservation,,
98114_JIP2010:deployment:0791192,2010-12-01T04:15:00,2010,12,-61.135014857161,157.954448528569,,MachineObservation,,
98114_JIP2010:deployment:0791198,2010-12-01T16:15:00,2010,12,-61.0914440110006,157.942430490075,,MachineObservation,,
88728_Eden2009:deployment:0785177,2008-11-24T20:51:00,2008,11,-51.9244204965011,155.403025382353,,MachineObservation,,
88738_Eden2009:deployment:0788581,2008-12-08T05:06:00,2008,12,-62.6531894402735,150.400163337101,,MachineObservation,,
88729_Eden2009:deployment:0786389,2008-11-30T06:40:00,2008,11,-56.3243298655153,126.733504855333,,MachineObservation,,
urn:catalog:AADC:WC:5671,1935-01-01 00:00:00+00,1935,1,-61.5,89.5,1,HumanObservation,,AADC
88718_Eden2009:deployment:0782753,2009-01-07T22:34:00,2009,1,-64.947691560538,179.416643637506,,MachineObservation,,
13440_131178:deployment:0769165,2015-12-01T09:30:49,2015,12,-49.5951719114432,177.058271517753,,MachineObservation,,
98129_JIP2010:deployment:0792301,2011-01-07T22:44:00,2011,1,-64.4289055212088,169.913967763946,,MachineObservation,,
88729_Eden2009:deployment:0786640,2008-12-21T04:40:00,2008,12,-63.2737653171523,119.825002262206,,MachineObservation,,
98114_JIP2010:deployment:0791256,2010-12-06T12:15:00,2010,12,-61.7047617147306,157.385810190642,,MachineObservation,,
88725_Eden2009:deployment:0784460,2008-12-08T10:04:00,2008,12,-56.64580717858,156.725452024675,,MachineObservation,,
urn:catalog:AADC:WOV:WOV-148549,1995-02-15 23:58:00+00,1995,2,-64.0667,102.3,1,HumanObservation,,AADC
88723_Eden2009:deployment:0783628,2008-12-19T13:02:00,2008,12,-59.7155143605207,171.780594356221,,MachineObservation,,
88725_Eden2009:deployment:0784633,2008-12-22T20:04:00,2008,12,-62.8405173654636,157.910326943399,,MachineObservation,,
88723_Eden2009:deployment:0783920,2009-01-12T21:02:00,2009,1,-64.2291415226139,168.692153629183,,MachineObservation,,
88741_Eden2009:deployment:0789229,2008-12-09T21:13:00,2008,12,-56.8862476638539,169.938957715475,,MachineObservation,,
88729_Eden2009:deployment:0786831,2009-01-06T02:40:00,2009,1,-64.5979045143432,120.791240572962,,MachineObservation,,
88738_Eden2009:deployment:0788471,2008-11-29T01:06:00,2008,11,-56.8565262385897,153.529781082648,,MachineObservation,,
urn:catalog:AADC:WC:5622,1935-01-01 00:00:00+00,1935,1,-58.5,82.5,12,HumanObservation,,AADC
88741_Eden2009:deployment:0790348,2009-03-13T03:13:00,2009,3,-64.1974408754052,164.847771347333,,MachineObservation,,
88725_Eden2009:deployment:0784360,2008-11-30T02:04:00,2008,11,-46.950254184341,151.356854444999,,MachineObservation,,
in2017_v01_09297,2017-01-27T02:48:00Z,,,-64.71833,114.45167,2,HumanObservation,,Macquarie University
88741_Eden2009:deployment:0789682,2009-01-16T15:13:00,2009,1,-62.7281331979402,155.952683617072,,MachineObservation,,
98114_JIP2010:deployment:0790973,2010-11-12T22:15:00,2010,11,-46.4305063341644,160.288243524007,,MachineObservation,,
https://www.inaturalist.org/observations/146407837,2014-02-22T09:48:00+10:00,,,-64.2522245837,142.7186646526,,HumanObservation,iNaturalist research-grade observations,iNaturalist
88728_Eden2009:deployment:0785188,2008-11-25T18:51:00,2008,11,-52.3774196369017,155.776630100058,,MachineObservation,,
280878,2021-11-24T15:36:44,2021,11,-45.46,166.71,1,HumanObservation,Happywhale - Humpback whale in South Pacific Ocean,Happywhale.com
88733_Eden2009:deployment:0788056,2008-12-02T15:00:00,2008,12,-62.2827696360941,175.099097423233,,MachineObservation,,
88718_Eden2009:deployment:0782761,2009-01-08T14:34:00,2009,1,-64.947598013014,179.493450122974,,MachineObservation,,
13440_131190:deployment:0776419,2015-12-09T12:31:20,2015,12,-62.5180997714166,176.197141332969,,MachineObservation,,
98129_JIP2010:deployment:0792296,2011-01-07T12:44:00,2011,1,-64.4083484763562,170.240571779456,,MachineObservation,,
88729_Eden2009:deployment:0786595,2008-12-17T10:40:00,2008,12,-63.1955878213588,119.552566653951,,MachineObservation,,
13440_131178:deployment:0769345,2015-12-16T09:30:49,2015,12,-58.4007394461343,178.058973405036,,MachineObservation,,
64235_JIP2010:deployment:0781379,2010-11-18T13:10:00,2010,11,-55.2639863015499,155.163865472343,,MachineObservation,,
88728_Eden2009:deployment:0785803,2009-01-16T00:51:00,2009,1,-63.6324596532114,159.209910599683,,MachineObservation,,
13440_131190:deployment:0776372,2015-12-05T14:31:20,2015,12,-60.5784242546778,178.051289403835,,MachineObservation,,
98114_JIP2010:deployment:0791128,2010-11-25T20:15:00,2010,11,-60.4999806699498,158.859257253937,,MachineObservation,,
88728_Eden2009:deployment:0785213,2008-11-27T20:51:00,2008,11,-53.6891018537881,156.793564648544,,MachineObservation,,
88738_Eden2009:deployment:0788561,2008-12-06T13:06:00,2008,12,-60.6282635670001,149.752719046723,,MachineObservation,,
88729_Eden2009:deployment:0786596,2008-12-17T12:40:00,2008,12,-63.2180364096131,119.532594847459,,MachineObservation,,
88733_Eden2009:deployment:0787962,2008-11-24T19:00:00,2008,11,-55.7952694358339,171.393068180754,,MachineObservation,,
13440_131178:deployment:0769162,2015-12-01T03:30:49,2015,12,-49.5839417930675,177.036701344431,,MachineObservation,,
88729_Eden2009:deployment:0786738,2008-12-29T08:40:00,2008,12,-63.9114775515698,118.109602539878,,MachineObservation,,
88741_Eden2009:deployment:0789647,2009-01-13T17:13:00,2009,1,-62.7447863757042,156.113632490519,,MachineObservation,,
88728_Eden2009:deployment:0785087,2008-11-17T08:51:00,2008,11,-46.5491475005677,151.695619473536,,MachineObservation,,
88723_Eden2009:deployment:0783539,2008-12-12T03:02:00,2008,12,-51.4063666119617,170.051156315368,,MachineObservation,,
88741_Eden2009:deployment:0790357,2009-03-13T21:13:00,2009,3,-64.16841777298,164.709890913679,,MachineObservation,,
88732_Eden2009:deployment:0787466,2008-11-17T17:33:00,2008,11,-45.9434484641044,164.112719840286,,MachineObservation,,
88728_Eden2009:deployment:0785504,2008-12-22T02:51:00,2008,12,-64.0887022440319,157.868538403946,,MachineObservation,,
88741_Eden2009:deployment:0789736,2009-01-21T03:13:00,2009,1,-63.2060117575838,156.89563261047,,MachineObservation,,
88741_Eden2009:deployment:0789745,2009-01-21T21:13:00,2009,1,-63.3312885480583,158.208660469399,,MachineObservation,,
88718_Eden2009:deployment:0782498,2008-12-17T16:34:00,2008,12,-46.313006663311,153.76984732163,,MachineObservation,,
13440_88727:deployment:0777158,2015-12-02T10:30:50,2015,12,-63.7239821584011,179.968200076484,,MachineObservation,,
98129_JIP2010:deployment:0791995,2010-12-13T10:44:00,2010,12,-51.4437575741658,157.808012965886,,MachineObservation,,
98114_JIP2010:deployment:0791032,2010-11-17T20:15:00,2010,11,-52.7106553053283,159.231773913285,,MachineObservation,,
urn:catalog:AADC:WC:5898,1939-01-01 00:00:00+00,1939,1,-61.5,91.5,7,HumanObservation,,AADC
88728_Eden2009:deployment:0785542,2008-12-25T06:51:00,2008,12,-63.2294861830378,156.02727827985,,MachineObservation,,
88741_Eden2009:deployment:0789659,2009-01-14T17:13:00,2009,1,-62.8389963902647,156.181008433258,,MachineObservation,,
urn:catalog:AADC:SOWS:SOWS-92729,2001-01-10 00:00:00Z,2001,1,-62.619,86.284,1,HumanObservation,,AADC
88729_Eden2009:deployment:0786585,2008-12-16T14:40:00,2008,12,-63.2058177858862,119.58886168697,,MachineObservation,,
88725_Eden2009:deployment:0784631,2008-12-22T16:04:00,2008,12,-62.8807977493227,157.847180960259,,MachineObservation,,
88729_Eden2009:deployment:0787068,2009-01-25T20:40:00,2009,1,-62.7793712808187,103.382455416417,,MachineObservation,,
88729_Eden2009:deployment:0786524,2008-12-11T12:40:00,2008,12,-62.7387162296399,118.798269976362,,MachineObservation,,
88725_Eden2009:deployment:0784594,2008-12-19T14:04:00,2008,12,-62.8503833148826,157.336929432848,,MachineObservation,,
88729_Eden2009:deployment:0786605,2008-12-18T06:40:00,2008,12,-63.3291408454911,119.911575716172,,MachineObservation,,
88728_Eden2009:deployment:0785966,2009-01-29T14:51:00,2009,1,-64.6694950865076,158.28130170884,,MachineObservation,,
88728_Eden2009:deployment:0785237,2008-11-29T20:51:00,2008,11,-54.9930919374246,156.824859676851,,MachineObservation,,
urn:catalog:AADC:SOWS:SOWS-92716,2001-01-09 00:00:00Z,2001,1,-59.62,98.394,1,HumanObservation,,AADC
13440_131190:deployment:0776395,2015-12-07T12:31:20,2015,12,-61.5424877435613,177.683865112146,,MachineObservation,,
88738_Eden2009:deployment:0788402,2008-11-23T07:06:00,2008,11,-49.9489630344422,149.503503580978,,MachineObservation,,
88729_Eden2009:deployment:0786608,2008-12-18T12:40:00,2008,12,-63.5087004862677,119.547733340824,,MachineObservation,,
urn:catalog:AADC:SOWS:SOWS-93784,1996-02-14 10:12:00Z,1996,2,-64.28619,104.4236,2,HumanObservation,,AADC
88741_Eden2009:deployment:0789851,2009-01-30T17:13:00,2009,1,-64.9172761807255,161.664810246961,,MachineObservation,,
88741_Eden2009:deployment:0790133,2009-02-23T05:13:00,2009,2,-64.857404396913,163.483359380573,,MachineObservation,,
88738_Eden2009:deployment:0788370,2008-11-20T15:06:00,2008,11,-47.0172027267972,148.183743504265,,MachineObservation,,
88729_Eden2009:deployment:0786352,2008-11-27T04:40:00,2008,11,-54.0178789710548,130.187978936994,,MachineObservation,,
98114_JIP2010:deployment:0791151,2010-11-27T18:15:00,2010,11,-60.809443975887,158.273698917678,,MachineObservation,,
88738_Eden2009:deployment:0788677,2008-12-16T05:06:00,2008,12,-63.8088491102667,149.335649203951,,MachineObservation,,
98129_JIP2010:deployment:0791912,2010-12-06T12:44:00,2010,12,-47.675543382611,151.094967172904,,MachineObservation,,
88741_Eden2009:deployment:0790339,2009-03-12T09:13:00,2009,3,-64.1471512134939,164.673196189809,,MachineObservation,,
88723_Eden2009:deployment:0783833,2009-01-05T15:02:00,2009,1,-63.2569794260015,167.72166159504,,MachineObservation,,
88729_Eden2009:deployment:0786854,2009-01-08T00:40:00,2009,1,-64.6994900822762,120.63745581824,,MachineObservation,,
88728_Eden2009:deployment:0785661,2009-01-04T04:51:00,2009,1,-62.0727461280351,155.518240353742,,MachineObservation,,
88729_Eden2009:deployment:0786967,2009-01-17T10:40:00,2009,1,-63.2335362642602,110.126390102335,,MachineObservation,,
88718_Eden2009:deployment:0782721,2009-01-05T06:34:00,2009,1,-63.1479934844,177.054633880279,,MachineObservation,,
13440_131178:deployment:0769279,2015-12-10T21:30:49,2015,12,-53.8751856173723,177.532546883585,,MachineObservation,,
88728_Eden2009:deployment:0785949,2009-01-28T04:51:00,2009,1,-64.5292933529438,158.088654746341,,MachineObservation,,
urn:catalog:AADC:SOWS:SOWS-100672,1999-01-07 00:00:00Z,1999,1,-64.38,91.0,2,HumanObservation,,AADC
88723_Eden2009:deployment:0783542,2008-12-12T09:02:00,2008,12,-51.6665586029899,170.211897982621,,MachineObservation,,
88738_Eden2009:deployment:0788493,2008-11-30T21:06:00,2008,11,-59.000453976624,152.777067362314,,MachineObservation,,
88741_Eden2009:deployment:0789396,2008-12-23T19:13:00,2008,12,-62.5598018048493,163.368086499968,,MachineObservation,,
45692,2017-11-01T08:08:26,2017,11,-45.733,166.543,1,HumanObservation,Happywhale - Humpback whale in South Pacific Ocean,Happywhale.com
88741_Eden2009:deployment:0790615,2009-04-04T09:13:00,2009,4,-64.9173520988515,168.17167589534,,MachineObservation,,
88738_Eden2009:deployment:0788416,2008-11-24T11:06:00,2008,11,-51.2510983970176,150.197103204472,,MachineObservation,,
88729_Eden2009:deployment:0787021,2009-01-21T22:40:00,2009,1,-63.2733917139015,104.493943330776,,MachineObservation,,
88728_Eden2009:deployment:0785086,2008-11-17T06:51:00,2008,11,-46.4932739818214,151.67896528085,,MachineObservation,,
88729_Eden2009:deployment:0786797,2009-01-03T06:40:00,2009,1,-64.8212759024716,119.666471651882,,MachineObservation,,
88728_Eden2009:deployment:0785441,2008-12-16T20:51:00,2008,12,-62.9302730719227,157.980282573385,,MachineObservation,,
88725_Eden2009:deployment:0784683,2008-12-27T00:04:00,2008,12,-62.68628834729,157.495124445561,,MachineObservation,,
88741_Eden2009:deployment:0789843,2009-01-30T01:13:00,2009,1,-64.7788441229297,161.936112402682,,MachineObservation,,
98129_JIP2010:deployment:0792015,2010-12-15T02:44:00,2010,12,-52.5429085833631,159.0671795619,,MachineObservation,,
88723_Eden2009:deployment:0783768,2008-12-31T05:02:00,2008,12,-63.0254744755913,169.533572220427,,MachineObservation,,
88741_Eden2009:deployment:0789474,2008-12-30T07:13:00,2008,12,-63.0326404943613,160.543380537544,,MachineObservation,,
88741_Eden2009:deployment:0789690,2009-01-17T07:13:00,2009,1,-62.4972420684361,155.611270735683,,MachineObservation,,
urn:catalog:AADC:WC:5720,1936-01-01 00:00:00+00,1936,1,-61.5,95.5,1,HumanObservation,,AADC
88733_Eden2009:deployment:0787968,2008-11-25T07:00:00,2008,11,-56.292225930203,171.968900588954,,MachineObservation,,
88741_Eden2009:deployment:0790374,2009-03-15T07:13:00,2009,3,-64.6097391301008,165.269141451044,,MachineObservation,,
88729_Eden2009:deployment:0786390,2008-11-30T08:40:00,2008,11,-56.3753619773243,126.634254174126,,MachineObservation,,
98129_JIP2010:deployment:0792190,2010-12-29T16:44:00,2010,12,-59.2772369533452,170.084834636933,,MachineObservation,,
88729_Eden2009:deployment:0787033,2009-01-22T22:40:00,2009,1,-63.3075008037326,104.131591543781,,MachineObservation,,
88725_Eden2009:deployment:0784837,2009-01-08T20:04:00,2009,1,-62.2508359206421,150.699260559814,,MachineObservation,,
88738_Eden2009:deployment:0788632,2008-12-12T11:06:00,2008,12,-63.5762273644973,150.677523600203,,MachineObservation,,
229483,2013-11-18T17:17:06,2013,11,-45.73,166.5,1,HumanObservation,Happywhale - Humpback whale in South Pacific Ocean,Happywhale.com
13440_131178:deployment:0769261,2015-12-09T09:30:49,2015,12,-52.6588976949089,177.391142338814,,MachineObservation,,
88732_Eden2009:deployment:0787395,2008-11-11T19:33:00,2008,11,-45.2930542462737,161.424414951024,,MachineObservation,,
88741_Eden2009:deployment:0789066,2008-11-26T07:13:00,2008,11,-46.4030241853738,166.560920674456,,MachineObservation,,
98129_JIP2010:deployment:0792013,2010-12-14T22:44:00,2010,12,-52.4209842595014,159.004830473842,,MachineObservation,,
88729_Eden2009:deployment:0787048,2009-01-24T04:40:00,2009,1,-63.5123647372108,103.39027847996,,MachineObservation,,
98129_JIP2010:deployment:0792308,2011-01-08T12:44:00,2011,1,-64.8752676710818,170.43041698371,,MachineObservation,,
88728_Eden2009:deployment:0785737,2009-01-10T12:51:00,2009,1,-62.0866992878185,154.563305869379,,MachineObservation,,
88728_Eden2009:deployment:0785485,2008-12-20T12:51:00,2008,12,-63.9662304545829,158.949308514862,,MachineObservation,,
88741_Eden2009:deployment:0789260,2008-12-12T11:13:00,2008,12,-59.2555195848222,168.047101495919,,MachineObservation,,
98114_JIP2010:deployment:0791004,2010-11-15T12:15:00,2010,11,-49.5195590265324,160.109745129361,,MachineObservation,,
88728_Eden2009:deployment:0785957,2009-01-28T20:51:00,2009,1,-64.5832347378436,158.158860591559,,MachineObservation,,
64235_JIP2010:deployment:0781310,2010-11-12T19:10:00,2010,11,-49.2975224737016,151.355902598029,,MachineObservation,,
88728_Eden2009:deployment:0785254,2008-12-01T06:51:00,2008,12,-55.9718252373791,156.494437405364,,MachineObservation,,
88729_Eden2009:deployment:0787157,2009-02-02T06:40:00,2009,2,-61.2447405341648,101.531014171028,,MachineObservation,,
13440_131178:deployment:0769107,2015-11-26T13:30:49,2015,11,-48.8163612022307,176.841722795951,,MachineObservation,,
98114_JIP2010:deployment:0791248,2010-12-05T20:15:00,2010,12,-61.6445264342014,157.41133209645,,MachineObservation,,
88729_Eden2009:deployment:0786886,2009-01-10T16:40:00,2009,1,-64.4285861686791,118.925217520652,,MachineObservation,,
88728_Eden2009:deployment:0785369,2008-12-10T20:51:00,2008,12,-61.9596326359965,156.882633161978,,MachineObservation,,
98114_JIP2010:deployment:0791122,2010-11-25T08:15:00,2010,11,-60.4943802621049,158.734708772937,,MachineObservation,,
88741_Eden2009:deployment:0789236,2008-12-10T11:13:00,2008,12,-57.3442849376628,169.451135302092,,MachineObservation,,
88741_Eden2009:deployment:0789808,2009-01-27T03:13:00,2009,1,-64.2294927742239,160.954652249387,,MachineObservation,,
88729_Eden2009:deployment:0786951,2009-01-16T02:40:00,2009,1,-63.6530275699412,113.1378791638,,MachineObservation,,
88723_Eden2009:deployment:0783692,2008-12-24T21:02:00,2008,12,-62.9975162683517,170.714642867035,,MachineObservation,,
88729_Eden2009:deployment:0786330,2008-11-25T08:40:00,2008,11,-52.4923816014911,131.772051869774,,MachineObservation,,
88741_Eden2009:deployment:0789531,2009-01-04T01:13:00,2009,1,-62.4527273771661,158.156083734105,,MachineObservation,,
in2017_v01_09945,2017-02-24T05:38:00Z,,,-64.72944,118.86861,1,HumanObservation,,Macquarie University
urn:catalog:AADC:WC:5851,1938-01-01 00:00:00+00,1938,1,-61.5,94.5,1,HumanObservation,,AADC
88723_Eden2009:deployment:0783607,2008-12-17T19:02:00,2008,12,-57.801384345796,172.457880232323,,MachineObservation,,
13440_131178:deployment:0769195,2015-12-03T21:30:49,2015,12,-50.2878436190521,177.059745963072,,MachineObservation,,
88733_Eden2009:deployment:0787804,2008-11-11T15:00:00,2008,11,-47.3811242210459,157.166781358523,,MachineObservation,,
64235_JIP2010:deployment:0781484,2010-11-27T07:10:00,2010,11,-60.7466594438142,157.992399232443,,MachineObservation,,
88718_Eden2009:deployment:0782652,2008-12-30T12:34:00,2008,12,-58.0187625692572,170.636986563739,,MachineObservation,,
88741_Eden2009:deployment:0789519,2009-01-03T01:13:00,2009,1,-62.5624616863842,158.343034005139,,MachineObservation,,
13440_131178:deployment:0769257,2015-12-09T01:30:49,2015,12,-52.3838220860384,177.348724833934,,MachineObservation,,
https://www.inaturalist.org/observations/140190677,2022-10-25T17:42:00+13:00,,,-45.2668797725,166.8305443447,,HumanObservation,iNaturalist research-grade observations,iNaturalist
88729_Eden2009:deployment:0787100,2009-01-28T12:40:00,2009,1,-62.2488881264609,102.744772571379,,MachineObservation,,
88728_Eden2009:deployment:0785550,2008-12-25T22:51:00,2008,12,-62.6021807451375,155.732470409503,,MachineObservation,,
98129_JIP2010:deployment:0792047,2010-12-17T18:44:00,2010,12,-53.8532228891786,161.723902657478,,MachineObservation,,
88729_Eden2009:deployment:0787138,2009-01-31T16:40:00,2009,1,-61.9069635380463,101.801098506087,,MachineObservation,,
88741_Eden2009:deployment:0789603,2009-01-10T01:13:00,2009,1,-62.46263648606,157.985750753402,,MachineObservation,,
urn:catalog:AADC:SOWS:SOWS-92563,2002-02-05 01:45:00Z,2002,2,-62.42,94.42,2,HumanObservation,,AADC
88728_Eden2009:deployment:0785287,2008-12-04T00:51:00,2008,12,-57.8525026288738,156.809951355181,,MachineObservation,,
98114_JIP2010:deployment:0791278,2010-12-08T08:15:00,2010,12,-62.0359108234143,157.639579359433,,MachineObservation,,
88733_Eden2009:deployment:0787998,2008-11-27T19:00:00,2008,11,-58.3200074517131,172.791261374115,,MachineObservation,,
88741_Eden2009:deployment:0789648,2009-01-13T19:13:00,2009,1,-62.7571777845972,156.135242743391,,MachineObservation,,
88741_Eden2009:deployment:0790367,2009-03-14T17:13:00,2009,3,-64.2030435072056,165.050972663647,,MachineObservation,,
98114_JIP2010:deployment:0791275,2010-12-08T02:15:00,2010,12,-61.9765461549182,157.749931487852,,MachineObservation,,
88741_Eden2009:deployment:0789806,2009-01-26T23:13:00,2009,1,-64.2858263577841,161.00831626427,,MachineObservation,,
13440_131178:deployment:0769174,2015-12-02T03:30:49,2015,12,-49.5224822832166,176.927722321297,,MachineObservation,,
urn:catalog:AADC:WC:5867,1938-01-01 00:00:00+00,1938,1,-62.5,102.5,4,HumanObservation,,AADC
98129_JIP2010:deployment:0792107,2010-12-22T18:44:00,2010,12,-55.864114449103,164.39856519356,,MachineObservation,,
441833,2024-02-23T13:13:16,2024,2,-64.810681,113.862305,1,HumanObservation,Happywhale - Humpback whale in Southern Ocean,Happywhale.com
urn:catalog:AADC:SOWS:SOWS-92916,2001-03-03 00:00:00Z,2001,3,-60.18,103.427,2,HumanObservation,,AADC
88723_Eden2009:deployment:0783705,2008-12-25T23:02:00,2008,12,-63.3781111554246,170.376959150368,,MachineObservation,,
88741_Eden2009:deployment:0789340,2008-12-19T03:13:00,2008,12,-61.879554956017,164.190915822851,,MachineObservation,,
88729_Eden2009:deployment:0786634,2008-12-20T16:40:00,2008,12,-63.2070952845464,119.838107529653,,MachineObservation,,
88729_Eden2009:deployment:0786849,2009-01-07T14:40:00,2009,1,-64.6677013578731,120.637180013529,,MachineObservation,,
88729_Eden2009:deployment:0786272,2008-11-20T12:40:00,2008,11,-49.0558682329729,134.901640581504,,MachineObservation,,
98129_JIP2010:deployment:0792223,2011-01-01T10:44:00,2011,1,-62.1285440247795,169.211606720696,,MachineObservation,,
88738_Eden2009:deployment:0788570,2008-12-07T07:06:00,2008,12,-61.7277548033626,148.9670419796,,MachineObservation,,
88738_Eden2009:deployment:0788501,2008-12-01T13:06:00,2008,12,-59.4857209994632,151.778310576732,,MachineObservation,,
88729_Eden2009:deployment:0786548,2008-12-13T12:40:00,2008,12,-63.00703157422,119.304863753849,,MachineObservation,,
88733_Eden2009:deployment:0787961,2008-11-24T17:00:00,2008,11,-55.7206412757891,171.277665483524,,MachineObservation,,
88729_Eden2009:deployment:0786975,2009-01-18T02:40:00,2009,1,-63.2172920085341,109.609143603744,,MachineObservation,,
urn:catalog:AADC:SOWS:SOWS-93715,1996-02-07 00:03:38Z,1996,2,-63.03716,93.5604,3,HumanObservation,,AADC
88729_Eden2009:deployment:0786920,2009-01-13T12:40:00,2009,1,-64.126612956869,116.047951333313,,MachineObservation,,
88725_Eden2009:deployment:0784459,2008-12-08T08:04:00,2008,12,-56.5244866831743,156.625451606971,,MachineObservation,,
88729_Eden2009:deployment:0786851,2009-01-07T18:40:00,2009,1,-64.6938482854591,120.659833507796,,MachineObservation,,
88728_Eden2009:deployment:0785571,2008-12-27T16:51:00,2008,12,-62.3089508561529,155.712050332892,,MachineObservation,,
13440_131190:deployment:0776327,2015-12-01T20:31:20,2015,12,-57.7995223820635,178.693565464164,,MachineObservation,,
88732_Eden2009:deployment:0787457,2008-11-16T23:33:00,2008,11,-45.9084155169044,164.336068975508,,MachineObservation,,
88729_Eden2009:deployment:0786945,2009-01-15T14:40:00,2009,1,-63.7165662190513,114.14983165325,,MachineObservation,,
88728_Eden2009:deployment:0785721,2009-01-09T04:51:00,2009,1,-62.5742930896571,153.987349037251,,MachineObservation,,
88729_Eden2009:deployment:0787049,2009-01-24T06:40:00,2009,1,-63.4998784191576,103.371012734329,,MachineObservation,,
urn:catalog:AADC:SOWS:SOWS-93828,1996-02-25 03:35:00Z,1996,2,-64.08324,112.2617,2,HumanObservation,,AADC
88725_Eden2009:deployment:0784377,2008-12-01T12:04:00,2008,12,-48.8002620867845,152.541478460608,,MachineObservation,,
urn:catalog:AADC:SOWS:SOWS-93556,1998-02-16 06:52:28Z,1998,2,-62.9263,87.5878,2,HumanObservation,,AADC
88723_Eden2009:deployment:0783624,2008-12-19T05:02:00,2008,12,-59.2994349496002,171.898913729247,,MachineObservation,,
644824,2026-01-30T13:21:45,2026,1,-64.088747,173.149559,1,HumanObservation,Happywhale - Humpback whale in Southern Ocean,Happywhale.com
88729_Eden2009:deployment:0786724,2008-12-28T04:40:00,2008,12,-63.3347396037913,119.057246023872,,MachineObservation,,
88741_Eden2009:deployment:0789742,2009-01-21T15:13:00,2009,1,-63.3325675248487,157.731491144586,,MachineObservation,,
88738_Eden2009:deployment:0788388,2008-11-22T03:06:00,2008,11,-48.7761930773996,149.009004896749,,MachineObservation,,
88718_Eden2009:deployment:0782549,2008-12-21T22:34:00,2008,12,-49.5967802714779,158.925130375277,,MachineObservation,,
64235_JIP2010:deployment:0781277,2010-11-10T01:10:00,2010,11,-46.8962816294974,149.108238492051,,MachineObservation,,
88733_Eden2009:deployment:0787851,2008-11-15T13:00:00,2008,11,-49.0903260606621,161.46027860164,,MachineObservation,,
88723_Eden2009:deployment:0783580,2008-12-15T13:02:00,2008,12,-55.2051916153463,173.478328483988,,MachineObservation,,
88729_Eden2009:deployment:0786804,2009-01-03T20:40:00,2009,1,-64.9867367756286,119.926788004517,,MachineObservation,,
88718_Eden2009:deployment:0782571,2008-12-23T18:34:00,2008,12,-51.6492233238872,161.064301186146,,MachineObservation,,
88741_Eden2009:deployment:0789110,2008-11-29T23:13:00,2008,11,-49.165083899466,169.152171061207,,MachineObservation,,
88725_Eden2009:deployment:0784730,2008-12-30T22:04:00,2008,12,-62.3266941371181,152.927873864745,,MachineObservation,,
88725_Eden2009:deployment:0784562,2008-12-16T22:04:00,2008,12,-62.404868594094,156.830842128402,,MachineObservation,,
88728_Eden2009:deployment:0785275,2008-12-03T00:51:00,2008,12,-57.20211858299,156.85860861029,,MachineObservation,,
64235_JIP2010:deployment:0781395,2010-11-19T21:10:00,2010,11,-57.0065636094047,156.659468772283,,MachineObservation,,
395816,1999-02-15,1999,2,-62.24,98.5,1,HumanObservation,Happywhale - Humpback whale in Southern Ocean,Happywhale.com
13440_131178:deployment:0769060,2015-11-22T15:30:49,2015,11,-47.1614008010324,177.388568965298,,MachineObservation,,
88728_Eden2009:deployment:0785730,2009-01-09T22:51:00,2009,1,-62.3625461295015,154.21837453924,,MachineObservation,,
88729_Eden2009:deployment:0786630,2008-12-20T08:40:00,2008,12,-63.2663087441538,119.417483852621,,MachineObservation,,
88741_Eden2009:deployment:0790324,2009-03-11T03:13:00,2009,3,-64.3719334351586,163.581488154401,,MachineObservation,,
88732_Eden2009:deployment:0787552,2008-11-24T21:33:00,2008,11,-48.3184122657818,164.789010824576,,MachineObservation,,
88729_Eden2009:deployment:0786314,2008-11-24T00:40:00,2008,11,-51.6177785711226,132.364031512718,,MachineObservation,,
urn:catalog:AADC:WC:5670,1935-01-01 00:00:00+00,1935,1,-61.5,88.5,2,HumanObservation,,AADC
88725_Eden2009:deployment:0784801,2009-01-05T20:04:00,2009,1,-61.7383696770596,151.520727211808,,MachineObservation,,
88729_Eden2009:deployment:0786904,2009-01-12T04:40:00,2009,1,-64.5607860549747,117.359516670988,,MachineObservation,,
88729_Eden2009:deployment:0786309,2008-11-23T14:40:00,2008,11,-51.2617230705486,132.571277301045,,MachineObservation,,
88729_Eden2009:deployment:0786426,2008-12-03T08:40:00,2008,12,-58.8423220439378,122.77462250993,,MachineObservation,,
88733_Eden2009:deployment:0787823,2008-11-13T05:00:00,2008,11,-47.9835377281929,158.696792815603,,MachineObservation,,
98129_JIP2010:deployment:0791971,2010-12-11T10:44:00,2010,12,-50.1115647757237,156.237818441024,,MachineObservation,,
88741_Eden2009:deployment:0789361,2008-12-20T21:13:00,2008,12,-61.7542550270174,164.14943295707,,MachineObservation,,
98129_JIP2010:deployment:0791845,2010-11-30T22:44:00,2010,11,-45.9246554048623,147.928138492139,,MachineObservation,,
88725_Eden2009:deployment:0784878,2009-01-12T06:04:00,2009,1,-62.3969986552996,150.258619483779,,MachineObservation,,
13440_131190:deployment:0776228,2015-11-23T14:31:20,2015,11,-51.3272906217334,177.68632587424,,MachineObservation,,
98114_JIP2010:deployment:0791211,2010-12-02T18:15:00,2010,12,-61.1247090693546,157.847597930389,,MachineObservation,,
88728_Eden2009:deployment:0785767,2009-01-13T00:51:00,2009,1,-63.0166459321546,155.732002681913,,MachineObservation,,
98114_JIP2010:deployment:0790998,2010-11-15T00:15:00,2010,11,-48.8670058568904,160.260818928248,,MachineObservation,,
98129_JIP2010:deployment:0792194,2010-12-30T00:44:00,2010,12,-59.7669337362834,169.811115665897,,MachineObservation,,
urn:catalog:AADC:WC:5758,1937-01-01 00:00:00+00,1937,1,-61.5,88.5,53,HumanObservation,,AADC
13440_131178:deployment:0769339,2015-12-15T21:30:49,2015,12,-57.9384640493351,177.858449866543,,MachineObservation,,
88741_Eden2009:deployment:0789686,2009-01-16T23:13:00,2009,1,-62.5809413056765,155.681654296368,,MachineObservation,,
88718_Eden2009:deployment:0782743,2009-01-07T02:34:00,2009,1,-64.8395493802719,178.990114351354,,MachineObservation,,
98114_JIP2010:deployment:0791147,2010-11-27T10:15:00,2010,11,-60.778652782081,158.411290723453,,MachineObservation,,
88725_Eden2009:deployment:0784395,2008-12-03T00:04:00,2008,12,-50.9553003068961,153.919353052547,,MachineObservation,,
88733_Eden2009:deployment:0787938,2008-11-22T19:00:00,2008,11,-54.9594788913428,169.195870081645,,MachineObservation,,
urn:swobis:nzwhalenote1970:18,1970-03-07,1970,3,-45.05584145,164.453295,1,HumanObservation,"Cetaceans sighted off the west coast of the south Island, New Zealand, Summer 1987",MaF
88741_Eden2009:deployment:0789924,2009-02-05T19:13:00,2009,2,-64.9310931424883,161.892341434944,,MachineObservation,,
64235_JIP2010:deployment:0781419,2010-11-21T21:10:00,2010,11,-59.7958624777271,157.63630855195,,MachineObservation,,
98114_JIP2010:deployment:0791220,2010-12-03T12:15:00,2010,12,-61.2619988376553,157.625775092082,,MachineObservation,,
88723_Eden2009:deployment:0783610,2008-12-18T01:02:00,2008,12,-58.0000381506322,172.260808787778,,MachineObservation,,
88725_Eden2009:deployment:0784564,2008-12-17T02:04:00,2008,12,-62.4075457319939,156.961214800283,,MachineObservation,,
88741_Eden2009:deployment:0789610,2009-01-10T15:13:00,2009,1,-62.5206500441997,158.181910419762,,MachineObservation,,
88729_Eden2009:deployment:0786393,2008-11-30T14:40:00,2008,11,-56.5312994373675,126.348202697021,,MachineObservation,,
98129_JIP2010:deployment:0792534,2011-01-27T08:44:00,2011,1,-64.8784027766409,165.336912669321,,MachineObservation,,
88738_Eden2009:deployment:0788389,2008-11-22T05:06:00,2008,11,-48.8493246471736,149.049819433187,,MachineObservation,,
88729_Eden2009:deployment:0786407,2008-12-01T18:40:00,2008,12,-57.3396169057513,124.804544747764,,MachineObservation,,
88725_Eden2009:deployment:0784474,2008-12-09T14:04:00,2008,12,-58.1988722090493,157.940864919946,,MachineObservation,,
88723_Eden2009:deployment:0783825,2009-01-04T23:02:00,2009,1,-63.3868711753681,167.491163671241,,MachineObservation,,
88728_Eden2009:deployment:0785838,2009-01-18T22:51:00,2009,1,-64.8116222782217,163.924509822708,,MachineObservation,,
88728_Eden2009:deployment:0785338,2008-12-08T06:51:00,2008,12,-61.7150361126813,156.552538856559,,MachineObservation,,
88723_Eden2009:deployment:0783864,2009-01-08T05:02:00,2009,1,-63.3272998475356,168.350752334884,,MachineObservation,,
88728_Eden2009:deployment:0785073,2008-11-16T04:51:00,2008,11,-45.8808642162488,151.409668433311,,MachineObservation,,
88728_Eden2009:deployment:0786001,2009-02-01T12:51:00,2009,2,-64.6197744980494,158.257722013059,,MachineObservation,,
urn:catalog:AADC:WC:5621,1935-01-01 00:00:00+00,1935,1,-58.5,81.5,5,HumanObservation,,AADC
88741_Eden2009:deployment:0789325,2008-12-17T21:13:00,2008,12,-62.0984655762827,164.309643271412,,MachineObservation,,
88738_Eden2009:deployment:0788454,2008-11-27T15:06:00,2008,11,-55.0650902989027,153.262446539607,,MachineObservation,,
88728_Eden2009:deployment:0785209,2008-11-27T12:51:00,2008,11,-53.4762632607425,156.683578680346,,MachineObservation,,
64235_JIP2010:deployment:0781488,2010-11-27T15:10:00,2010,11,-60.8438833451537,157.981452814535,,MachineObservation,,
urn:catalog:AADC:WC:5697,1936-01-01 00:00:00+00,1936,1,-57.5,89.5,10,HumanObservation,,AADC
88723_Eden2009:deployment:0783505,2008-12-09T07:02:00,2008,12,-48.600757827933,168.121395168443,,MachineObservation,,
88741_Eden2009:deployment:0789158,2008-12-03T23:13:00,2008,12,-51.8685096812907,170.71414483063,,MachineObservation,,
98129_JIP2010:deployment:0792161,2010-12-27T06:44:00,2010,12,-57.7665113816626,168.780987625353,,MachineObservation,,
88732_Eden2009:deployment:0787539,2008-11-23T19:33:00,2008,11,-47.1400755398302,165.240125094385,,MachineObservation,,
98114_JIP2010:deployment:0791261,2010-12-06T22:15:00,2010,12,-61.8931479939524,157.454725888179,,MachineObservation,,
88738_Eden2009:deployment:0788478,2008-11-29T15:06:00,2008,11,-57.644446676231,153.354771894434,,MachineObservation,,
98129_JIP2010:deployment:0792039,2010-12-17T02:44:00,2010,12,-53.6367735121646,160.595870980691,,MachineObservation,,
88723_Eden2009:deployment:0783723,2008-12-27T11:02:00,2008,12,-63.1845762813687,169.647861497742,,MachineObservation,,
88729_Eden2009:deployment:0786835,2009-01-06T10:40:00,2009,1,-64.6299468839776,120.733220759563,,MachineObservation,,
88729_Eden2009:deployment:0786669,2008-12-23T14:40:00,2008,12,-63.6125681546058,119.890185555966,,MachineObservation,,
13440_131190:deployment:0776403,2015-12-08T04:31:20,2015,12,-61.6431476786339,177.562558196202,,MachineObservation,,
98114_JIP2010:deployment:0791025,2010-11-17T06:15:00,2010,11,-51.8088673808828,159.5383481397,,MachineObservation,,
urn:catalog:AADC:WC:5679,1935-01-01 00:00:00+00,1935,1,-62.5,86.5,25,HumanObservation,,AADC
88729_Eden2009:deployment:0786213,2008-11-15T14:40:00,2008,11,-45.8813794110823,138.997979351699,,MachineObservation,,
urn:catalog:AADC:WC:5933,1950-01-01 00:00:00+00,1950,1,-61.5,87.5,8,HumanObservation,,AADC
88728_Eden2009:deployment:0785214,2008-11-27T22:51:00,2008,11,-53.7527894919451,156.8273841159,,MachineObservation,,
88718_Eden2009:deployment:0782513,2008-12-18T22:34:00,2008,12,-47.3056282102023,154.811895293992,,MachineObservation,,
88741_Eden2009:deployment:0789709,2009-01-18T21:13:00,2009,1,-62.9869109768801,155.881823461485,,MachineObservation,,
88733_Eden2009:deployment:0787917,2008-11-21T01:00:00,2008,11,-53.0454052889431,167.336369441143,,MachineObservation,,
88718_Eden2009:deployment:0782566,2008-12-23T08:34:00,2008,12,-51.3829868206389,160.618957158664,,MachineObservation,,
88733_Eden2009:deployment:0788038,2008-12-01T03:00:00,2008,12,-60.8411100285085,174.756818390231,,MachineObservation,,
88728_Eden2009:deployment:0785515,2008-12-23T00:51:00,2008,12,-64.0468976189031,157.161463013648,,MachineObservation,,
88729_Eden2009:deployment:0786474,2008-12-07T08:40:00,2008,12,-61.0471624961612,120.861514099679,,MachineObservation,,
88728_Eden2009:deployment:0785919,2009-01-25T16:51:00,2009,1,-64.2525077358903,158.770958970458,,MachineObservation,,
98129_JIP2010:deployment:0791883,2010-12-04T02:44:00,2010,12,-47.0777981327417,148.812666403712,,MachineObservation,,
88729_Eden2009:deployment:0786403,2008-12-01T10:40:00,2008,12,-57.1236167180705,125.211986781279,,MachineObservation,,
urn:catalog:AADC:WOV:WOV-148769,1991-02-17 03:00:00+00,1991,2,-61.3833,102.0167,2,HumanObservation,,AADC
88718_Eden2009:deployment:0782734,2009-01-06T08:34:00,2009,1,-64.3173252966889,177.874248752181,,MachineObservation,,
88723_Eden2009:deployment:0783795,2009-01-02T11:02:00,2009,1,-63.2911798231593,168.119066623548,,MachineObservation,,
88738_Eden2009:deployment:0788364,2008-11-20T03:06:00,2008,11,-46.5734239164646,147.758332305963,,MachineObservation,,
88732_Eden2009:deployment:0787562,2008-11-25T17:33:00,2008,11,-49.1975349243806,164.276655782832,,MachineObservation,,
13440_88727:deployment:0777142,2015-12-01T02:30:50,2015,12,-63.5188482043331,179.504639437198,,MachineObservation,,
98114_JIP2010:deployment:0791230,2010-12-04T08:15:00,2010,12,-61.3583161820102,157.565795204324,,MachineObservation,,
88728_Eden2009:deployment:0785079,2008-11-16T16:51:00,2008,11,-46.1931367809224,151.683457869068,,MachineObservation,,
88741_Eden2009:deployment:0790325,2009-03-11T05:13:00,2009,3,-64.3576175576584,163.65404900689,,MachineObservation,,
13440_88727:deployment:0777126,2015-11-29T18:30:50,2015,11,-63.2228248288942,179.242382678864,,MachineObservation,,
88728_Eden2009:deployment:0785158,2008-11-23T06:51:00,2008,11,-51.0976536938363,154.465781159687,,MachineObservation,,
88729_Eden2009:deployment:0786900,2009-01-11T20:40:00,2009,1,-64.5797901576534,118.083806528001,,MachineObservation,,
13440_131190:deployment:0776354,2015-12-04T02:31:20,2015,12,-59.5961441775748,178.649432111276,,MachineObservation,,
88741_Eden2009:deployment:0790309,2009-03-09T21:13:00,2009,3,-64.7279604190115,163.496863251983,,MachineObservation,,
88729_Eden2009:deployment:0786858,2009-01-08T08:40:00,2009,1,-64.6960290433068,120.502030439039,,MachineObservation,,
88728_Eden2009:deployment:0785509,2008-12-22T12:51:00,2008,12,-64.1186296544175,157.693411452866,,MachineObservation,,
88728_Eden2009:deployment:0785371,2008-12-11T00:51:00,2008,12,-61.9554460776104,156.803329379603,,MachineObservation,,
88723_Eden2009:deployment:0783482,2008-12-07T09:02:00,2008,12,-46.8956565201001,166.38032107649,,MachineObservation,,
88741_Eden2009:deployment:0789506,2009-01-01T23:13:00,2009,1,-62.5793684283548,159.144226974647,,MachineObservation,,
88729_Eden2009:deployment:0786452,2008-12-05T12:40:00,2008,12,-60.6862249273106,121.019706060228,,MachineObservation,,
98129_JIP2010:deployment:0791859,2010-12-02T02:44:00,2010,12,-46.3676987540841,147.902518847094,,MachineObservation,,
13440_88727:deployment:0777169,2015-12-03T08:30:50,2015,12,-63.9074795981465,179.915854663268,,MachineObservation,,
88738_Eden2009:deployment:0788467,2008-11-28T17:06:00,2008,11,-56.4384135598928,153.513304723421,,MachineObservation,,
88725_Eden2009:deployment:0784832,2009-01-08T10:04:00,2009,1,-62.4282287451465,150.991414550071,,MachineObservation,,
13440_131190:deployment:0776242,2015-11-24T18:31:20,2015,11,-52.4380758565719,177.193954183402,,MachineObservation,,
13440_131190:deployment:0776181,2015-11-19T16:31:20,2015,11,-49.216676656206,179.319665536097,,MachineObservation,,
64235_JIP2010:deployment:0781296,2010-11-11T15:10:00,2010,11,-48.4155460609563,150.265793806924,,MachineObservation,,
98114_JIP2010:deployment:0791021,2010-11-16T22:15:00,2010,11,-51.247431330577,159.706993235013,,MachineObservation,,
88725_Eden2009:deployment:0784495,2008-12-11T08:04:00,2008,12,-60.2650087152427,156.664061816184,,MachineObservation,,
88728_Eden2009:deployment:0785492,2008-12-21T02:51:00,2008,12,-64.1522250895561,158.165734670218,,MachineObservation,,
88725_Eden2009:deployment:0784752,2009-01-01T18:04:00,2009,1,-62.0870384457489,152.477343580889,,MachineObservation,,
13440_131190:deployment:0776315,2015-11-30T20:31:20,2015,11,-56.7946716672504,178.453584233839,,MachineObservation,,
88723_Eden2009:deployment:0783652,2008-12-21T13:02:00,2008,12,-62.4765770701512,171.264702453535,,MachineObservation,,
88741_Eden2009:deployment:0789782,2009-01-24T23:13:00,2009,1,-64.0736994137047,160.896826668647,,MachineObservation,,
88718_Eden2009:deployment:0782665,2008-12-31T14:34:00,2008,12,-58.8573261452243,172.386860355157,,MachineObservation,,
88738_Eden2009:deployment:0788711,2008-12-19T01:06:00,2008,12,-64.111279796078,148.929242463563,,MachineObservation,,
88738_Eden2009:deployment:0788562,2008-12-06T15:06:00,2008,12,-60.7534472637853,149.667011198214,,MachineObservation,,
88729_Eden2009:deployment:0786221,2008-11-16T06:40:00,2008,11,-46.3069676655649,138.449327519847,,MachineObservation,,
88728_Eden2009:deployment:0785380,2008-12-11T18:51:00,2008,12,-62.0574664634988,156.913581553439,,MachineObservation,,
88728_Eden2009:deployment:0785325,2008-12-07T04:51:00,2008,12,-61.0069616564765,156.0388761691,,MachineObservation,,
98129_JIP2010:deployment:0791988,2010-12-12T20:44:00,2010,12,-51.3549053603003,157.535910535249,,MachineObservation,,
urn:catalog:AADC:SOWS:SOWS-93574,1998-02-17 05:30:00Z,1998,2,-60.7178,96.3632,2,HumanObservation,,AADC
in2017_v01_09928,2017-02-06T06:16:00Z,,,-64.65944,118.46694,2,HumanObservation,,Macquarie University
88728_Eden2009:deployment:0785676,2009-01-05T10:51:00,2009,1,-62.2197424604155,155.767163402884,,MachineObservation,,
98129_JIP2010:deployment:0792151,2010-12-26T10:44:00,2010,12,-57.8189742168875,168.120870608013,,MachineObservation,,
urn:catalog:AADC:WC:5620,1935-01-01 00:00:00+00,1935,1,-58.5,80.5,13,HumanObservation,,AADC
urn:catalog:AADC:WC:5748,1937-01-01 00:00:00+00,1937,1,-60.5,92.5,43,HumanObservation,,AADC
13440_131190:deployment:0776323,2015-12-01T12:31:20,2015,12,-57.4007063174397,178.608815267401,,MachineObservation,,
88718_Eden2009:deployment:0782576,2008-12-24T04:34:00,2008,12,-51.8960031357647,161.500166739695,,MachineObservation,,
urn:catalog:AADC:WHALE_LOG:WL-53,1996-04-10 02:00:00+00,1996,4,-63.35,99.417,2,HumanObservation,,AADC
88733_Eden2009:deployment:0787913,2008-11-20T17:00:00,2008,11,-52.4534788852218,166.738710233082,,MachineObservation,,
88729_Eden2009:deployment:0786655,2008-12-22T10:40:00,2008,12,-63.5449309874548,119.906995519773,,MachineObservation,,
13440_131178:deployment:0769102,2015-11-26T03:30:49,2015,11,-48.5971593851141,176.814574545521,,MachineObservation,,
98129_JIP2010:deployment:0792056,2010-12-18T12:44:00,2010,12,-53.8143111080891,162.580824791071,,MachineObservation,,
in2017_v01_09145,2017-01-22T00:18:00Z,,,-64.2508,115.6189,1,HumanObservation,,Macquarie University
88718_Eden2009:deployment:0782613,2008-12-27T06:34:00,2008,12,-54.8416843156122,165.062001325912,,MachineObservation,,
88723_Eden2009:deployment:0783908,2009-01-11T21:02:00,2009,1,-64.0238347599351,168.562245060004,,MachineObservation,,
88729_Eden2009:deployment:0786943,2009-01-15T10:40:00,2009,1,-63.7309803386018,114.277460446595,,MachineObservation,,
88729_Eden2009:deployment:0786936,2009-01-14T20:40:00,2009,1,-63.9487686240631,114.98278115838,,MachineObservation,,
88729_Eden2009:deployment:0786593,2008-12-17T06:40:00,2008,12,-63.2084768770786,119.61527907358,,MachineObservation,,
98114_JIP2010:deployment:0791023,2010-11-17T02:15:00,2010,11,-51.5263527522505,159.624002839057,,MachineObservation,,
88741_Eden2009:deployment:0789828,2009-01-28T19:13:00,2009,1,-64.4289690271976,161.504949399956,,MachineObservation,,
88723_Eden2009:deployment:0783669,2008-12-22T23:02:00,2008,12,-63.0475512147595,170.63451969536,,MachineObservation,,
88741_Eden2009:deployment:0789207,2008-12-08T01:13:00,2008,12,-55.6475189941307,170.756294840118,,MachineObservation,,
88728_Eden2009:deployment:0785977,2009-01-30T12:51:00,2009,1,-64.7780114728244,158.377797669227,,MachineObservation,,
88733_Eden2009:deployment:0787871,2008-11-17T05:00:00,2008,11,-50.0522502746702,163.609630483075,,MachineObservation,,
98129_JIP2010:deployment:0792284,2011-01-06T12:44:00,2011,1,-64.2772933032949,170.442179044535,,MachineObservation,,
88728_Eden2009:deployment:0785679,2009-01-05T16:51:00,2009,1,-62.2043305807297,155.226882600583,,MachineObservation,,
88725_Eden2009:deployment:0784639,2008-12-23T08:04:00,2008,12,-62.8135353549687,157.961223720109,,MachineObservation,,
13440_131178:deployment:0769274,2015-12-10T11:30:49,2015,12,-53.6054682070134,177.92649228742,,MachineObservation,,
urn:catalog:AADC:WC:5967,1956-01-01 00:00:00+00,1956,1,-63.5,82.5,18,HumanObservation,,AADC
88741_Eden2009:deployment:0789562,2009-01-06T15:13:00,2009,1,-62.3537318927631,157.636535499132,,MachineObservation,,
88741_Eden2009:deployment:0789162,2008-12-04T07:13:00,2008,12,-52.1278621806724,170.666394386335,,MachineObservation,,
98114_JIP2010:deployment:0791176,2010-11-29T20:15:00,2010,11,-61.0009639046321,158.170080673413,,MachineObservation,,
88728_Eden2009:deployment:0785648,2009-01-03T02:51:00,2009,1,-62.3576788951741,155.750835698477,,MachineObservation,,
NZHB-125,1997-08-18,,,-46.65,169.1333,1,HumanObservation,Humpback whale sightings around New Zealand 1970-1999,DoC
urn:catalog:AADC:SOWS:SOWS-92572,2002-02-05 04:18:00Z,2002,2,-62.54,93.57,1,HumanObservation,,AADC
64235_JIP2010:deployment:0781333,2010-11-14T17:10:00,2010,11,-50.8627274118612,152.690495188539,,MachineObservation,,
88733_Eden2009:deployment:0787765,2008-11-08T09:00:00,2008,11,-45.6411228619805,153.240490389384,,MachineObservation,,
88725_Eden2009:deployment:0784437,2008-12-06T12:04:00,2008,12,-54.3056495139275,154.501792219033,,MachineObservation,,
88729_Eden2009:deployment:0786752,2008-12-30T12:40:00,2008,12,-64.1582087518539,118.864919795799,,MachineObservation,,
98129_JIP2010:deployment:0791894,2010-12-05T00:44:00,2010,12,-47.3410412568743,149.661239805236,,MachineObservation,,
88741_Eden2009:deployment:0789124,2008-12-01T03:13:00,2008,12,-49.8265891701401,169.697227252585,,MachineObservation,,
88723_Eden2009:deployment:0783481,2008-12-07T07:02:00,2008,12,-46.7730249336577,166.273638781394,,MachineObservation,,
13440_131190:deployment:0776212,2015-11-22T06:31:20,2015,11,-50.2146215950692,178.264125197804,,MachineObservation,,
88729_Eden2009:deployment:0786852,2009-01-07T20:40:00,2009,1,-64.696923944523,120.669459947477,,MachineObservation,,
98129_JIP2010:deployment:0792066,2010-12-19T08:44:00,2010,12,-53.7796572260275,162.782671803769,,MachineObservation,,
88738_Eden2009:deployment:0788459,2008-11-28T01:06:00,2008,11,-55.619881363695,153.364938888347,,MachineObservation,,
88728_Eden2009:deployment:0785690,2009-01-06T14:51:00,2009,1,-62.2189387944548,154.791471325403,,MachineObservation,,
98129_JIP2010:deployment:0791999,2010-12-13T18:44:00,2010,12,-51.599082270858,157.985786452011,,MachineObservation,,
88728_Eden2009:deployment:0785217,2008-11-28T04:51:00,2008,11,-53.9822161403931,156.942147857422,,MachineObservation,,
88741_Eden2009:deployment:0789171,2008-12-05T01:13:00,2008,12,-52.8376950662476,170.551420240685,,MachineObservation,,
88728_Eden2009:deployment:0785334,2008-12-07T22:51:00,2008,12,-61.4779676098053,156.409889642552,,MachineObservation,,
88728_Eden2009:deployment:0785910,2009-01-24T22:51:00,2009,1,-64.6774236320641,159.828927514354,,MachineObservation,,
13440_131178:deployment:0769075,2015-11-23T21:30:49,2015,11,-47.557336280251,177.079761357939,,MachineObservation,,
88733_Eden2009:deployment:0788070,2008-12-03T19:00:00,2008,12,-63.3440427682875,175.919075859531,,MachineObservation,,
88723_Eden2009:deployment:0783687,2008-12-24T11:02:00,2008,12,-62.9372192908772,170.716948026741,,MachineObservation,,
13440_131190:deployment:0776200,2015-11-21T06:31:20,2015,11,-49.6182696508928,178.702215636734,,MachineObservation,,
88728_Eden2009:deployment:0785810,2009-01-16T14:51:00,2009,1,-63.6748095273926,159.401571255661,,MachineObservation,,
13440_131190:deployment:0776257,2015-11-26T00:31:20,2015,11,-53.6739380294056,177.595689681584,,MachineObservation,,
88729_Eden2009:deployment:0786252,2008-11-18T20:40:00,2008,11,-47.7254866695745,136.076511397131,,MachineObservation,,
98114_JIP2010:deployment:0791009,2010-11-15T22:15:00,2010,11,-49.988104206199,160.027646815749,,MachineObservation,,
88741_Eden2009:deployment:0789196,2008-12-07T03:13:00,2008,12,-55.0620314144785,170.946847666992,,MachineObservation,,
88741_Eden2009:deployment:0789288,2008-12-14T19:13:00,2008,12,-61.2805673707483,166.597949259891,,MachineObservation,,
88723_Eden2009:deployment:0783486,2008-12-07T17:02:00,2008,12,-47.1018009853089,166.945981375686,,MachineObservation,,
13440_131178:deployment:0769237,2015-12-07T09:30:49,2015,12,-50.9292039082013,177.759512248678,,MachineObservation,,
88732_Eden2009:deployment:0787534,2008-11-23T09:33:00,2008,11,-46.832882280627,165.189294935997,,MachineObservation,,
64235_JIP2010:deployment:0781401,2010-11-20T09:10:00,2010,11,-57.7600225124099,157.138256762352,,MachineObservation,,
88729_Eden2009:deployment:0786684,2008-12-24T20:40:00,2008,12,-63.3630410427901,119.673192677887,,MachineObservation,,
urn:catalog:AADC:SOWS:SOWS-92819,2001-01-30 00:00:00Z,2001,1,-63.412,99.774,1,HumanObservation,,AADC
13440_131190:deployment:0776265,2015-11-26T16:31:20,2015,11,-54.5989054709012,177.805164209941,,MachineObservation,,
88729_Eden2009:deployment:0787014,2009-01-21T08:40:00,2009,1,-63.082687962364,104.849086502458,,MachineObservation,,
urn:catalog:AADC:WC:5960,1956-01-01 00:00:00+00,1956,1,-61.5,95.5,2,HumanObservation,,AADC
88738_Eden2009:deployment:0788662,2008-12-14T23:06:00,2008,12,-63.7094785116107,149.490246381752,,MachineObservation,,
88718_Eden2009:deployment:0782687,2009-01-02T10:34:00,2009,1,-60.7402074603699,174.562476409495,,MachineObservation,,
88732_Eden2009:deployment:0787546,2008-11-24T09:33:00,2008,11,-47.8316419706655,165.127270827248,,MachineObservation,,
88718_Eden2009:deployment:0782686,2009-01-02T08:34:00,2009,1,-60.6231215483561,174.433499035915,,MachineObservation,,
88741_Eden2009:deployment:0789644,2009-01-13T11:13:00,2009,1,-62.62677862054,156.031434748718,,MachineObservation,,
88725_Eden2009:deployment:0784439,2008-12-06T16:04:00,2008,12,-54.5058441035533,154.736357723902,,MachineObservation,,
98129_JIP2010:deployment:0791996,2010-12-13T12:44:00,2010,12,-51.4848368472978,157.827226469438,,MachineObservation,,
88733_Eden2009:deployment:0787964,2008-11-24T23:00:00,2008,11,-55.967514782203,171.631788435658,,MachineObservation,,
urn:catalog:AADC:WC:5705,1936-01-01 00:00:00+00,1936,1,-58.5,92.5,15,HumanObservation,,AADC
98129_JIP2010:deployment:0791840,2010-11-30T12:44:00,2010,11,-45.6521197399607,147.682451913006,,MachineObservation,,
98129_JIP2010:deployment:0791887,2010-12-04T10:44:00,2010,12,-47.2581287191001,149.054091827423,,MachineObservation,,
88718_Eden2009:deployment:0782589,2008-12-25T06:34:00,2008,12,-52.6021503107625,162.561229169895,,MachineObservation,,
88728_Eden2009:deployment:0785902,2009-01-24T06:51:00,2009,1,-64.7700688789599,159.718942568196,,MachineObservation,,
88733_Eden2009:deployment:0787975,2008-11-25T21:00:00,2008,11,-56.5448673852643,171.60557386162,,MachineObservation,,
98114_JIP2010:deployment:0791069,2010-11-20T22:15:00,2010,11,-55.9465822718459,159.609952072988,,MachineObservation,,
88741_Eden2009:deployment:0789633,2009-01-12T13:13:00,2009,1,-62.6553694686587,156.030167633657,,MachineObservation,,
88732_Eden2009:deployment:0787455,2008-11-16T19:33:00,2008,11,-45.9124278808783,164.334334668879,,MachineObservation,,
88725_Eden2009:deployment:0784358,2008-11-29T22:04:00,2008,11,-46.8045470412569,151.234685540008,,MachineObservation,,
13440_131190:deployment:0776494,2015-12-15T18:31:20,2015,12,-63.6765817754243,179.200106962487,,MachineObservation,,
88725_Eden2009:deployment:0784765,2009-01-02T20:04:00,2009,1,-62.070585396762,152.294535787342,,MachineObservation,,
13440_131190:deployment:0776400,2015-12-07T22:31:20,2015,12,-61.6127851840765,177.662179877635,,MachineObservation,,
88741_Eden2009:deployment:0789332,2008-12-18T11:13:00,2008,12,-61.9605667631182,164.282034264826,,MachineObservation,,
88723_Eden2009:deployment:0783838,2009-01-06T01:02:00,2009,1,-63.1851751308125,167.779431424638,,MachineObservation,,
88741_Eden2009:deployment:0789249,2008-12-11T13:13:00,2008,12,-57.8811828917629,168.79429102806,,MachineObservation,,
88718_Eden2009:deployment:0782527,2008-12-20T02:34:00,2008,12,-48.1408079564498,156.030383512386,,MachineObservation,,
88725_Eden2009:deployment:0784848,2009-01-09T18:04:00,2009,1,-62.3674606943326,150.195986403956,,MachineObservation,,
88741_Eden2009:deployment:0789921,2009-02-05T13:13:00,2009,2,-64.8952524959361,161.888452197148,,MachineObservation,,
98114_JIP2010:deployment:0791062,2010-11-20T08:15:00,2010,11,-55.3670340737529,159.391539309385,,MachineObservation,,
88741_Eden2009:deployment:0789758,2009-01-22T23:13:00,2009,1,-63.8046375515156,159.920345678764,,MachineObservation,,
13440_131190:deployment:0776219,2015-11-22T20:31:20,2015,11,-50.6075636634727,177.873289453774,,MachineObservation,,
urn:catalog:AADC:WC:5986,1960-01-01 00:00:00+00,1960,1,-57.5,104.5,3,HumanObservation,,AADC
88741_Eden2009:deployment:0789326,2008-12-17T23:13:00,2008,12,-62.0842889060544,164.312054070145,,MachineObservation,,
64235_JIP2010:deployment:0781433,2010-11-23T01:10:00,2010,11,-60.1361991781327,157.534659176845,,MachineObservation,,
88741_Eden2009:deployment:0789706,2009-01-18T15:13:00,2009,1,-62.899922164103,155.625029746085,,MachineObservation,,
88728_Eden2009:deployment:0785400,2008-12-13T10:51:00,2008,12,-62.0022410841936,157.048494912649,,MachineObservation,,
88741_Eden2009:deployment:0789350,2008-12-19T23:13:00,2008,12,-61.9208121661814,164.024248139776,,MachineObservation,,
88732_Eden2009:deployment:0787524,2008-11-22T13:33:00,2008,11,-46.5467282707855,165.034051251085,,MachineObservation,,
885_4432,1785/1913,,10,-47.42588,167.57693,1,HumanObservation,Historical distribution of whales shown by logbook records 1785-1913,Wildlife Conservation Society
98129_JIP2010:deployment:0792532,2011-01-27T04:44:00,2011,1,-64.8619023811041,165.324535235867,,MachineObservation,,
13440_131190:deployment:0776210,2015-11-22T02:31:20,2015,11,-50.0798989520407,178.322985451674,,MachineObservation,,
88725_Eden2009:deployment:0784375,2008-12-01T08:04:00,2008,12,-48.5442488309063,152.366019424011,,MachineObservation,,
88718_Eden2009:deployment:0782560,2008-12-22T20:34:00,2008,12,-50.8162143105458,160.225639774151,,MachineObservation,,
88741_Eden2009:deployment:0789502,2009-01-01T15:13:00,2009,1,-62.6318953932928,159.425967966059,,MachineObservation,,
urn:catalog:AADC:WC:5896,1939-01-01 00:00:00+00,1939,1,-60.5,105.5,2,HumanObservation,,AADC
88723_Eden2009:deployment:0783637,2008-12-20T07:02:00,2008,12,-60.6122389533533,171.796772044774,,MachineObservation,,
88728_Eden2009:deployment:0785307,2008-12-05T16:51:00,2008,12,-59.2523601307429,156.275866739836,,MachineObservation,,
88728_Eden2009:deployment:0785500,2008-12-21T18:51:00,2008,12,-64.0829094562002,157.938189611222,,MachineObservation,,
88725_Eden2009:deployment:0784598,2008-12-19T22:04:00,2008,12,-62.8391147194323,157.472530917424,,MachineObservation,,
88728_Eden2009:deployment:0785456,2008-12-18T02:51:00,2008,12,-63.3524605238937,158.502792231035,,MachineObservation,,
88729_Eden2009:deployment:0786337,2008-11-25T22:40:00,2008,11,-52.9776244335839,131.345220812356,,MachineObservation,,
88729_Eden2009:deployment:0787035,2009-01-23T02:40:00,2009,1,-63.3598952086717,103.996614588457,,MachineObservation,,
13440_131190:deployment:0776440,2015-12-11T06:31:20,2015,12,-63.4338830532405,175.418044644313,,MachineObservation,,
88738_Eden2009:deployment:0788763,2008-12-23T09:06:00,2008,12,-64.4169799011833,148.383126556753,,MachineObservation,,
64235_JIP2010:deployment:0781344,2010-11-15T15:10:00,2010,11,-51.6634863276351,153.071680409032,,MachineObservation,,
13440_88727:deployment:0777096,2015-11-27T06:30:50,2015,11,-61.9159273898988,179.99160514133,,MachineObservation,,
88723_Eden2009:deployment:0783709,2008-12-26T07:02:00,2008,12,-63.4536365813434,170.111762195982,,MachineObservation,,
13440_88727:deployment:0777105,2015-11-28T00:30:50,2015,11,-62.2201877883548,179.870930838503,,MachineObservation,,
88733_Eden2009:deployment:0787825,2008-11-13T09:00:00,2008,11,-48.0565181983205,158.817572786934,,MachineObservation,,
88728_Eden2009:deployment:0785235,2008-11-29T16:51:00,2008,11,-54.947964470459,156.902351988798,,MachineObservation,,
88725_Eden2009:deployment:0784381,2008-12-01T20:04:00,2008,12,-49.3578315717901,152.732506025147,,MachineObservation,,
98114_JIP2010:deployment:0791137,2010-11-26T14:15:00,2010,11,-60.5425306957424,158.900207754007,,MachineObservation,,
88732_Eden2009:deployment:0787547,2008-11-24T11:33:00,2008,11,-47.9225903591667,165.085303131485,,MachineObservation,,
98114_JIP2010:deployment:0791072,2010-11-21T04:15:00,2010,11,-56.2714883505596,159.7570789593,,MachineObservation,,
88718_Eden2009:deployment:0782557,2008-12-22T14:34:00,2008,12,-50.3710228550223,159.932976034237,,MachineObservation,,
88728_Eden2009:deployment:0785365,2008-12-10T12:51:00,2008,12,-62.0091494223275,156.898730487128,,MachineObservation,,
88732_Eden2009:deployment:0787548,2008-11-24T13:33:00,2008,11,-48.0044391568755,165.034180018427,,MachineObservation,,
88729_Eden2009:deployment:0786317,2008-11-24T06:40:00,2008,11,-51.8062162335553,132.240608399094,,MachineObservation,,
88728_Eden2009:deployment:0785928,2009-01-26T10:51:00,2009,1,-64.0364564461351,158.459882794827,,MachineObservation,,
88738_Eden2009:deployment:0788369,2008-11-20T13:06:00,2008,11,-46.9286266776921,148.135043964047,,MachineObservation,,
88725_Eden2009:deployment:0784436,2008-12-06T10:04:00,2008,12,-54.2005653760917,154.454658998488,,MachineObservation,,
88718_Eden2009:deployment:0782612,2008-12-27T04:34:00,2008,12,-54.7573473251169,164.934396912613,,MachineObservation,,
88723_Eden2009:deployment:0783898,2009-01-11T01:02:00,2009,1,-63.937863613902,168.594605217092,,MachineObservation,,
urn:catalog:AADC:SOWS:SOWS-93572,1998-02-17 01:39:50Z,1998,2,-61.1145,94.8582,3,HumanObservation,,AADC
88718_Eden2009:deployment:0782670,2009-01-01T00:34:00,2009,1,-59.2560711915375,172.933672037793,,MachineObservation,,
98129_JIP2010:deployment:0791973,2010-12-11T14:44:00,2010,12,-50.270929032133,156.449330577026,,MachineObservation,,
88741_Eden2009:deployment:0789722,2009-01-19T23:13:00,2009,1,-63.688495869805,155.357730526544,,MachineObservation,,
88732_Eden2009:deployment:0787480,2008-11-18T21:33:00,2008,11,-45.919444670312,164.111722785604,,MachineObservation,,
88738_Eden2009:deployment:0788664,2008-12-15T03:06:00,2008,12,-63.7439508334645,149.455398691657,,MachineObservation,,
98129_JIP2010:deployment:0791843,2010-11-30T18:44:00,2010,11,-45.8379568440598,147.890742569279,,MachineObservation,,
13440_131190:deployment:0776230,2015-11-23T18:31:20,2015,11,-51.4340121176484,177.655947762013,,MachineObservation,,
88728_Eden2009:deployment:0785921,2009-01-25T20:51:00,2009,1,-64.1514012994802,158.688662980848,,MachineObservation,,
88738_Eden2009:deployment:0788647,2008-12-13T17:06:00,2008,12,-63.6162500203941,150.16127546598,,MachineObservation,,
98129_JIP2010:deployment:0792281,2011-01-06T06:44:00,2011,1,-64.3231420679667,170.251524102675,,MachineObservation,,
88723_Eden2009:deployment:0783741,2008-12-28T23:02:00,2008,12,-63.0551353409637,169.513742035217,,MachineObservation,,
88723_Eden2009:deployment:0783779,2009-01-01T03:02:00,2009,1,-63.020577396743,168.888728064164,,MachineObservation,,
88725_Eden2009:deployment:0784357,2008-11-29T20:04:00,2008,11,-46.7367911894161,151.175525996073,,MachineObservation,,
88741_Eden2009:deployment:0789839,2009-01-29T17:13:00,2009,1,-64.7308183138761,161.86657901123,,MachineObservation,,
88741_Eden2009:deployment:0789415,2008-12-25T09:13:00,2008,12,-63.1693114688012,162.844448774321,,MachineObservation,,
88729_Eden2009:deployment:0786290,2008-11-22T00:40:00,2008,11,-50.2176820955436,133.798330946336,,MachineObservation,,
88728_Eden2009:deployment:0785952,2009-01-28T10:51:00,2009,1,-64.5163676084672,158.167821155834,,MachineObservation,,
88728_Eden2009:deployment:0785232,2008-11-29T10:51:00,2008,11,-54.8433029270146,156.899931197919,,MachineObservation,,
urn:catalog:AADC:SOWS:SOWS-92581,2002-02-05 11:51:00Z,2002,2,-62.91,89.02,3,HumanObservation,,AADC
88728_Eden2009:deployment:0785566,2008-12-27T06:51:00,2008,12,-62.3030169035694,156.251215386058,,MachineObservation,,
88728_Eden2009:deployment:0785267,2008-12-02T08:51:00,2008,12,-56.7771376825865,156.656146099083,,MachineObservation,,
88729_Eden2009:deployment:0787055,2009-01-24T18:40:00,2009,1,-63.1346395397188,103.344953530441,,MachineObservation,,
88723_Eden2009:deployment:0783658,2008-12-22T01:02:00,2008,12,-62.8136005709644,170.604375720659,,MachineObservation,,
13440_131178:deployment:0769110,2015-11-26T19:30:49,2015,11,-48.9387953293321,176.811584218509,,MachineObservation,,
98129_JIP2010:deployment:0792192,2010-12-29T20:44:00,2010,12,-59.5232397489884,169.91205061581,,MachineObservation,,
88729_Eden2009:deployment:0787162,2009-02-02T16:40:00,2009,2,-61.1457873245921,101.427019701697,,MachineObservation,,
88733_Eden2009:deployment:0787785,2008-11-10T01:00:00,2008,11,-46.7639843182058,155.671495871638,,MachineObservation,,
98114_JIP2010:deployment:0791243,2010-12-05T10:15:00,2010,12,-61.606127936733,157.450975774408,,MachineObservation,,
98114_JIP2010:deployment:0791126,2010-11-25T16:15:00,2010,11,-60.5021951323732,158.837794472794,,MachineObservation,,
98129_JIP2010:deployment:0791892,2010-12-04T20:44:00,2010,12,-47.2690033310336,149.477154245691,,MachineObservation,,
urn:catalog:AADC:WC:5680,1935-01-01 00:00:00+00,1935,1,-62.5,88.5,2,HumanObservation,,AADC
64235_JIP2010:deployment:0781389,2010-11-19T09:10:00,2010,11,-56.1590444599259,155.924719702699,,MachineObservation,,
88741_Eden2009:deployment:0789355,2008-12-20T09:13:00,2008,12,-61.972169742044,163.937542922505,,MachineObservation,,
64235_JIP2010:deployment:0781353,2010-11-16T09:10:00,2010,11,-52.5356788819239,153.808651075701,,MachineObservation,,
88738_Eden2009:deployment:0788541,2008-12-04T21:06:00,2008,12,-59.9095346758182,150.384419888043,,MachineObservation,,
88741_Eden2009:deployment:0789662,2009-01-14T23:13:00,2009,1,-62.8731039690617,156.162562420983,,MachineObservation,,
88729_Eden2009:deployment:0787027,2009-01-22T10:40:00,2009,1,-63.2308597425898,104.438371699357,,MachineObservation,,
88718_Eden2009:deployment:0782635,2008-12-29T02:34:00,2008,12,-56.4400938965166,168.273502496603,,MachineObservation,,
88718_Eden2009:deployment:0782682,2009-01-02T00:34:00,2009,1,-60.1921922552881,173.896645973914,,MachineObservation,,
98114_JIP2010:deployment:0791200,2010-12-01T20:15:00,2010,12,-61.0994168187178,157.94656099388,,MachineObservation,,
88725_Eden2009:deployment:0784648,2008-12-24T02:04:00,2008,12,-62.95688151,157.266229206402,,MachineObservation,,
88732_Eden2009:deployment:0787430,2008-11-14T17:33:00,2008,11,-45.9205314997394,164.123034595401,,MachineObservation,,
88729_Eden2009:deployment:0786545,2008-12-13T06:40:00,2008,12,-62.9990956634572,119.252048036887,,MachineObservation,,
88728_Eden2009:deployment:0785618,2008-12-31T14:51:00,2008,12,-62.3024892875054,155.722593435582,,MachineObservation,,
88738_Eden2009:deployment:0788733,2008-12-20T21:06:00,2008,12,-64.1485697964017,148.468969880811,,MachineObservation,,
88723_Eden2009:deployment:0783791,2009-01-02T03:02:00,2009,1,-63.2631481534789,168.097193688691,,MachineObservation,,
13440_88727:deployment:0777151,2015-12-01T20:30:50,2015,12,-63.6826403736343,179.803019453269,,MachineObservation,,
88729_Eden2009:deployment:0786284,2008-11-21T12:40:00,2008,11,-49.9016834718189,134.169558226759,,MachineObservation,,
13440_88727:deployment:0777170,2015-12-03T10:30:50,2015,12,-63.9686895831717,179.870786777816,,MachineObservation,,
88741_Eden2009:deployment:0789151,2008-12-03T09:13:00,2008,12,-51.1802542451026,170.660204608318,,MachineObservation,,
88729_Eden2009:deployment:0786564,2008-12-14T20:40:00,2008,12,-62.9942194884605,119.489247168548,,MachineObservation,,
98129_JIP2010:deployment:0792228,2011-01-01T20:44:00,2011,1,-62.1415133415843,169.370050049131,,MachineObservation,,
in2017_v01_09917,2017-02-04T01:01:00Z,,,-64.8853,119.1742,1,HumanObservation,,Macquarie University
88728_Eden2009:deployment:0785173,2008-11-24T12:51:00,2008,11,-51.7527826139487,155.251170639476,,MachineObservation,,
88741_Eden2009:deployment:0789076,2008-11-27T03:13:00,2008,11,-47.0516820944235,167.113221162109,,MachineObservation,,
88723_Eden2009:deployment:0783500,2008-12-08T21:02:00,2008,12,-48.1669595219701,167.751614372061,,MachineObservation,,
88729_Eden2009:deployment:0786725,2008-12-28T06:40:00,2008,12,-63.3201629764705,118.852813800441,,MachineObservation,,
88728_Eden2009:deployment:0785273,2008-12-02T20:51:00,2008,12,-57.1161297514271,156.88830766185,,MachineObservation,,
88741_Eden2009:deployment:0789406,2008-12-24T15:13:00,2008,12,-62.9511764980575,163.094915622319,,MachineObservation,,
88725_Eden2009:deployment:0784864,2009-01-11T02:04:00,2009,1,-62.2017035415279,150.371562651962,,MachineObservation,,
urn:catalog:AADC:SOWS:SOWS-93242,2000-01-14 04:24:00Z,2000,1,-59.72,101.53,2,HumanObservation,,AADC
88728_Eden2009:deployment:0785398,2008-12-13T06:51:00,2008,12,-62.0006031047706,157.02332622624,,MachineObservation,,
13440_131178:deployment:0769335,2015-12-15T13:30:49,2015,12,-57.6581059946321,177.764357905808,,MachineObservation,,
88725_Eden2009:deployment:0784886,2009-01-12T22:04:00,2009,1,-62.5445726716233,150.461631370341,,MachineObservation,,
98114_JIP2010:deployment:0791015,2010-11-16T10:15:00,2010,11,-50.5141523469404,159.920969843969,,MachineObservation,,
64235_JIP2010:deployment:0781292,2010-11-11T07:10:00,2010,11,-48.1084527422629,150.019591500859,,MachineObservation,,
88729_Eden2009:deployment:0786525,2008-12-11T14:40:00,2008,12,-62.8143173592635,118.757172819996,,MachineObservation,,
88729_Eden2009:deployment:0787111,2009-01-29T10:40:00,2009,1,-62.6373240883365,102.503987840716,,MachineObservation,,
88718_Eden2009:deployment:0782490,2008-12-17T00:34:00,2008,12,-45.942174140172,152.987591230129,,MachineObservation,,
88732_Eden2009:deployment:0787504,2008-11-20T21:33:00,2008,11,-45.9329687376543,164.807718987408,,MachineObservation,,
88728_Eden2009:deployment:0785612,2008-12-31T02:51:00,2008,12,-62.0926485038078,155.648203757417,,MachineObservation,,
88738_Eden2009:deployment:0788539,2008-12-04T17:06:00,2008,12,-59.9215933644816,150.577532871277,,MachineObservation,,
13440_131190:deployment:0776196,2015-11-20T22:31:20,2015,11,-49.5083669515818,179.060377532512,,MachineObservation,,
88733_Eden2009:deployment:0787941,2008-11-23T01:00:00,2008,11,-55.1557276419288,169.610500141124,,MachineObservation,,
88725_Eden2009:deployment:0784575,2008-12-18T00:04:00,2008,12,-62.7513334296284,157.043385848736,,MachineObservation,,
in2017_v01_09303,2017-01-27T06:08:00Z,,,-64.63889,114.85167,2,HumanObservation,,Macquarie University
13440_131178:deployment:0769357,2015-12-17T09:30:49,2015,12,-59.7081969836855,178.995158500077,,MachineObservation,,
88741_Eden2009:deployment:0789048,2008-11-24T19:13:00,2008,11,-45.269505002633,166.403179369646,,MachineObservation,,
88729_Eden2009:deployment:0786475,2008-12-07T10:40:00,2008,12,-61.0893496191223,120.857983573453,,MachineObservation,,
13440_131178:deployment:0769189,2015-12-03T09:30:49,2015,12,-50.0450675118906,176.708165100307,,MachineObservation,,
88728_Eden2009:deployment:0785925,2009-01-26T04:51:00,2009,1,-64.0215831673841,158.547028823868,,MachineObservation,,
88729_Eden2009:deployment:0786635,2008-12-20T18:40:00,2008,12,-63.2189924783843,119.836863073456,,MachineObservation,,
88729_Eden2009:deployment:0786377,2008-11-29T06:40:00,2008,11,-55.8493020736089,128.041121050525,,MachineObservation,,
88725_Eden2009:deployment:0784392,2008-12-02T18:04:00,2008,12,-50.6561758485145,153.6816494032,,MachineObservation,,
88723_Eden2009:deployment:0783657,2008-12-21T23:02:00,2008,12,-62.7816206027818,170.662131217192,,MachineObservation,,
88723_Eden2009:deployment:0783472,2008-12-06T13:02:00,2008,12,-45.2167806185877,166.51104203947,,MachineObservation,,
88733_Eden2009:deployment:0788019,2008-11-29T13:00:00,2008,11,-59.6586588210777,174.01984681954,,MachineObservation,,
229460,2020-11-22T21:57:04,2020,11,-45.46,166.71,1,HumanObservation,Happywhale - Humpback whale in South Pacific Ocean,Happywhale.com
88741_Eden2009:deployment:0789526,2009-01-03T15:13:00,2009,1,-62.4648941285566,158.456937065976,,MachineObservation,,
88729_Eden2009:deployment:0786315,2008-11-24T02:40:00,2008,11,-51.6824529032679,132.324203892255,,MachineObservation,,
88738_Eden2009:deployment:0788643,2008-12-13T09:06:00,2008,12,-63.6330197555453,150.272084172591,,MachineObservation,,
88728_Eden2009:deployment:0785362,2008-12-10T06:51:00,2008,12,-62.0070206183856,156.842023186525,,MachineObservation,,
88728_Eden2009:deployment:0785722,2009-01-09T06:51:00,2009,1,-62.5539183600884,153.986988111881,,MachineObservation,,
urn:catalog:AADC:WOV:WOV-148360,1992-02-18 00:00:00+00,1992,2,-61.5167,80.95,3,HumanObservation,,AADC
88728_Eden2009:deployment:0785466,2008-12-18T22:51:00,2008,12,-63.5738125429771,158.724954620225,,MachineObservation,,
88729_Eden2009:deployment:0786428,2008-12-03T12:40:00,2008,12,-59.0342553554538,122.487750529038,,MachineObservation,,
13440_131190:deployment:0776481,2015-12-14T16:31:20,2015,12,-63.5001798756863,178.425081306121,,MachineObservation,,
88728_Eden2009:deployment:0785431,2008-12-16T00:51:00,2008,12,-62.2967467125153,157.769051035845,,MachineObservation,,
88723_Eden2009:deployment:0783772,2008-12-31T13:02:00,2008,12,-63.0150448061564,169.515203940071,,MachineObservation,,
13440_131178:deployment:0769076,2015-11-23T23:30:49,2015,11,-47.5809660792922,177.088227117975,,MachineObservation,,
88728_Eden2009:deployment:0785768,2009-01-13T02:51:00,2009,1,-63.0552331401773,155.87969334115,,MachineObservation,,
13440_131178:deployment:0769138,2015-11-29T03:30:49,2015,11,-49.3409056070453,177.037073111796,,MachineObservation,,
88741_Eden2009:deployment:0789349,2008-12-19T21:13:00,2008,12,-61.8932307460401,164.053177130223,,MachineObservation,,
88729_Eden2009:deployment:0787024,2009-01-22T04:40:00,2009,1,-63.2783169344738,104.436883766783,,MachineObservation,,
88729_Eden2009:deployment:0786843,2009-01-07T02:40:00,2009,1,-64.6509668460158,120.86436615312,,MachineObservation,,
13440_131190:deployment:0776169,2015-11-18T16:31:20,2015,11,-49.0348873113387,179.755943665891,,MachineObservation,,
urn:catalog:AADC:SOWS:SOWS-92561,2002-02-05 01:31:00Z,2002,2,-62.41,94.31,2,HumanObservation,,AADC
88741_Eden2009:deployment:0789359,2008-12-20T17:13:00,2008,12,-61.7836028777241,164.08581063511,,MachineObservation,,
88738_Eden2009:deployment:0788692,2008-12-17T11:06:00,2008,12,-63.9536561220568,149.103038111973,,MachineObservation,,
88728_Eden2009:deployment:0785252,2008-12-01T02:51:00,2008,12,-55.8192168949234,156.447289845245,,MachineObservation,,
13440_131190:deployment:0776386,2015-12-06T18:31:20,2015,12,-61.4573564056888,177.757839132314,,MachineObservation,,
88728_Eden2009:deployment:0785276,2008-12-03T02:51:00,2008,12,-57.2359211995632,156.829866023589,,MachineObservation,,
98129_JIP2010:deployment:0792148,2010-12-26T04:44:00,2010,12,-57.8474060804227,167.702779644767,,MachineObservation,,
64235_JIP2010:deployment:0781347,2010-11-15T21:10:00,2010,11,-51.8529358708285,153.348223849724,,MachineObservation,,
88729_Eden2009:deployment:0786667,2008-12-23T10:40:00,2008,12,-63.6885788667167,119.765612191994,,MachineObservation,,
627809,2012-01-06T09:55:02,2012,1,-61.67385,152.673017,1,HumanObservation,Happywhale - Humpback whale in Southern Ocean,Happywhale.com
98114_JIP2010:deployment:0791240,2010-12-05T04:15:00,2010,12,-61.532619784684,157.503487442104,,MachineObservation,,
88732_Eden2009:deployment:0787429,2008-11-14T15:33:00,2008,11,-45.8924027554277,164.103659615086,,MachineObservation,,
88729_Eden2009:deployment:0786274,2008-11-20T16:40:00,2008,11,-49.2342243565587,134.810579458224,,MachineObservation,,
88741_Eden2009:deployment:0789319,2008-12-17T09:13:00,2008,12,-62.1237585136264,164.384101316298,,MachineObservation,,
urn:catalog:AADC:WC:5656,1935-01-01 00:00:00+00,1935,1,-60.5,92.5,6,HumanObservation,,AADC
88729_Eden2009:deployment:0786363,2008-11-28T02:40:00,2008,11,-54.7617250166468,129.338375874929,,MachineObservation,,
88741_Eden2009:deployment:0789812,2009-01-27T11:13:00,2009,1,-64.1381948083957,160.847702559308,,MachineObservation,,
98129_JIP2010:deployment:0792090,2010-12-21T08:44:00,2010,12,-54.6021967777675,163.433145706243,,MachineObservation,,
88729_Eden2009:deployment:0786244,2008-11-18T04:40:00,2008,11,-47.4293246790525,136.854309345751,,MachineObservation,,
88725_Eden2009:deployment:0784404,2008-12-03T18:04:00,2008,12,-51.6582985873461,154.112076340552,,MachineObservation,,
88741_Eden2009:deployment:0789516,2009-01-02T19:13:00,2009,1,-62.461830378931,158.396172292972,,MachineObservation,,
64235_JIP2010:deployment:0781497,2010-11-28T09:10:00,2010,11,-60.9809790675275,157.899646040292,,MachineObservation,,
88741_Eden2009:deployment:0790310,2009-03-09T23:13:00,2009,3,-64.733671524521,163.406933886196,,MachineObservation,,
88728_Eden2009:deployment:0785899,2009-01-24T00:51:00,2009,1,-64.913220665092,159.974299945301,,MachineObservation,,
13440_131190:deployment:0776254,2015-11-25T18:31:20,2015,11,-53.4117913907219,177.571393083826,,MachineObservation,,
88728_Eden2009:deployment:0785421,2008-12-15T04:51:00,2008,12,-62.0691465727202,157.428288320633,,MachineObservation,,
218701,2008-01-02T17:00:39,2008,1,-63.33,112.51,1,HumanObservation,Happywhale - Humpback whale in Southern Ocean,Happywhale.com
88738_Eden2009:deployment:0788432,2008-11-25T19:06:00,2008,11,-52.590111956332,151.882455643457,,MachineObservation,,
88738_Eden2009:deployment:0788566,2008-12-06T23:06:00,2008,12,-61.16113584794,148.99830846371,,MachineObservation,,
88738_Eden2009:deployment:0788433,2008-11-25T21:06:00,2008,11,-52.6771590529884,151.951714787571,,MachineObservation,,
88725_Eden2009:deployment:0784374,2008-12-01T06:04:00,2008,12,-48.4110775661036,152.241642397172,,MachineObservation,,
88741_Eden2009:deployment:0789278,2008-12-13T23:13:00,2008,12,-60.5477100473339,167.123825921644,,MachineObservation,,
urn:catalog:AADC:WC:5770,1937-01-01 00:00:00+00,1937,1,-61.5,102.5,2,HumanObservation,,AADC
98129_JIP2010:deployment:0792297,2011-01-07T14:44:00,2011,1,-64.4072194115786,170.200252670049,,MachineObservation,,
88729_Eden2009:deployment:0787091,2009-01-27T18:40:00,2009,1,-62.6738826717316,103.289571600119,,MachineObservation,,
88718_Eden2009:deployment:0782669,2008-12-31T22:34:00,2008,12,-59.1714496309549,172.84245300315,,MachineObservation,,
88728_Eden2009:deployment:0785989,2009-01-31T12:51:00,2009,1,-64.8748462580503,158.598326269414,,MachineObservation,,
88728_Eden2009:deployment:0785224,2008-11-28T18:51:00,2008,11,-54.5950369309944,156.987063299614,,MachineObservation,,
98129_JIP2010:deployment:0791831,2010-11-29T18:44:00,2010,11,-45.2101423153645,147.576151061863,,MachineObservation,,
88728_Eden2009:deployment:0785169,2008-11-24T04:51:00,2008,11,-51.5873993313805,155.130196778971,,MachineObservation,,
88728_Eden2009:deployment:0785392,2008-12-12T18:51:00,2008,12,-61.9886463487505,156.849207758836,,MachineObservation,,
64235_JIP2010:deployment:0781470,2010-11-26T03:10:00,2010,11,-60.5680859864685,157.949510313762,,MachineObservation,,
13440_131190:deployment:0776343,2015-12-03T04:31:20,2015,12,-58.7131330150839,178.726583769132,,MachineObservation,,
88728_Eden2009:deployment:0785931,2009-01-26T16:51:00,2009,1,-64.0952567098507,158.298506502918,,MachineObservation,,
88741_Eden2009:deployment:0789252,2008-12-11T19:13:00,2008,12,-58.2529388621086,168.531492910778,,MachineObservation,,
88741_Eden2009:deployment:0790127,2009-02-22T17:13:00,2009,2,-64.9029387663124,163.45105198058,,MachineObservation,,
88733_Eden2009:deployment:0787939,2008-11-22T21:00:00,2008,11,-55.0338362711363,169.330126934762,,MachineObservation,,
urn:catalog:AADC:WC:5879,1939-01-01 00:00:00+00,1939,1,-58.5,100.5,1,HumanObservation,,AADC
88741_Eden2009:deployment:0789543,2009-01-05T01:13:00,2009,1,-62.4059795107544,157.704214179788,,MachineObservation,,
98114_JIP2010:deployment:0791020,2010-11-16T20:15:00,2010,11,-51.1115713213963,159.748397325482,,MachineObservation,,
64235_JIP2010:deployment:0781348,2010-11-15T23:10:00,2010,11,-51.9421419909578,153.438960756945,,MachineObservation,,
88728_Eden2009:deployment:0785233,2008-11-29T12:51:00,2008,11,-54.8745113979176,156.909995428372,,MachineObservation,,
88725_Eden2009:deployment:0784831,2009-01-08T08:04:00,2009,1,-62.4484705802286,150.968381359208,,MachineObservation,,
88728_Eden2009:deployment:0785323,2008-12-07T00:51:00,2008,12,-60.7761792058172,155.95849220608,,MachineObservation,,
13440_131190:deployment:0776449,2015-12-12T00:31:20,2015,12,-63.592447130824,175.923297474816,,MachineObservation,,
urn:catalog:AADC:WC:5909,1939-01-01 00:00:00+00,1939,1,-61.5,104.5,3,HumanObservation,,AADC
88718_Eden2009:deployment:0782677,2009-01-01T14:34:00,2009,1,-59.7928642300781,173.426448028257,,MachineObservation,,
88729_Eden2009:deployment:0786647,2008-12-21T18:40:00,2008,12,-63.4089672169529,119.870697504539,,MachineObservation,,
88728_Eden2009:deployment:0785368,2008-12-10T18:51:00,2008,12,-61.9664209989328,156.931206026723,,MachineObservation,,
229468,2012-11-14T15:58:23,2012,11,-45.46,166.71,1,HumanObservation,Happywhale - Humpback whale in South Pacific Ocean,Happywhale.com
88723_Eden2009:deployment:0783678,2008-12-23T17:02:00,2008,12,-62.9814738219861,170.501885953159,,MachineObservation,,
88725_Eden2009:deployment:0784433,2008-12-06T04:04:00,2008,12,-53.8555014034822,154.516276633663,,MachineObservation,,
88725_Eden2009:deployment:0784828,2009-01-08T02:04:00,2009,1,-62.4212854469733,150.745495237262,,MachineObservation,,
88738_Eden2009:deployment:0788690,2008-12-17T07:06:00,2008,12,-63.9193320186272,149.028688652795,,MachineObservation,,
urn:catalog:AADC:SOWS:SOWS-92510,2003-02-24 04:25:20Z,2003,2,-59.33,80.36,1,HumanObservation,,AADC
88733_Eden2009:deployment:0788045,2008-12-01T17:00:00,2008,12,-61.5724260578329,174.861737303603,,MachineObservation,,
13440_131178:deployment:0769292,2015-12-11T23:30:49,2015,12,-54.4855022790972,176.982684662391,,MachineObservation,,
urn:catalog:AADC:WC:5595,1934-01-01 00:00:00+00,1934,1,-58.5,96.5,5,HumanObservation,,AADC
98129_JIP2010:deployment:0792155,2010-12-26T18:44:00,2010,12,-57.8396835145818,168.505047078419,,MachineObservation,,
88723_Eden2009:deployment:0783656,2008-12-21T21:02:00,2008,12,-62.7426060943318,170.740100535334,,MachineObservation,,
88741_Eden2009:deployment:0789625,2009-01-11T21:13:00,2009,1,-62.7927296967131,156.514691422916,,MachineObservation,,
88718_Eden2009:deployment:0782492,2008-12-17T04:34:00,2008,12,-46.0720640697198,153.362516044494,,MachineObservation,,
13440_131178:deployment:0769108,2015-11-26T15:30:49,2015,11,-48.8646102596101,176.803845392686,,MachineObservation,,
88718_Eden2009:deployment:0782508,2008-12-18T12:34:00,2008,12,-46.9482997168684,154.373188423828,,MachineObservation,,
88738_Eden2009:deployment:0788727,2008-12-20T09:06:00,2008,12,-64.1735901560919,148.597888347375,,MachineObservation,,
urn:catalog:AADC:SOWS:SOWS-92856,2001-02-05 00:00:00Z,2001,2,-63.765,105.268,2,HumanObservation,,AADC
88733_Eden2009:deployment:0788063,2008-12-03T05:00:00,2008,12,-62.7560962825855,175.263068473946,,MachineObservation,,
88741_Eden2009:deployment:0789219,2008-12-09T01:13:00,2008,12,-55.9495270716497,170.17862934591,,MachineObservation,,
98129_JIP2010:deployment:0791913,2010-12-06T14:44:00,2010,12,-47.7320534945283,151.196054283815,,MachineObservation,,
88725_Eden2009:deployment:0784720,2008-12-30T02:04:00,2008,12,-62.6346711687651,153.517904620345,,MachineObservation,,
88741_Eden2009:deployment:0789786,2009-01-25T07:13:00,2009,1,-64.0036223918889,160.799095997528,,MachineObservation,,
urn:catalog:AADC:WC:5769,1937-01-01 00:00:00+00,1937,1,-61.5,101.5,7,HumanObservation,,AADC
88723_Eden2009:deployment:0783855,2009-01-07T11:02:00,2009,1,-63.1635593789224,168.154106517543,,MachineObservation,,
88718_Eden2009:deployment:0782552,2008-12-22T04:34:00,2008,12,-49.8425489511643,159.268337636396,,MachineObservation,,
88741_Eden2009:deployment:0789144,2008-12-02T19:13:00,2008,12,-50.7727309210293,170.681507152067,,MachineObservation,,
urn:catalog:AADC:SOWS:SOWS-100595,2003-02-25 13:53:00Z,2003,2,-62.71,80.81,4,HumanObservation,,AADC
88729_Eden2009:deployment:0786855,2009-01-08T02:40:00,2009,1,-64.7001297343986,120.607097663286,,MachineObservation,,
88741_Eden2009:deployment:0789755,2009-01-22T17:13:00,2009,1,-63.3812252911296,159.33917264562,,MachineObservation,,
88741_Eden2009:deployment:0789372,2008-12-21T19:13:00,2008,12,-61.806086840411,164.439296601378,,MachineObservation,,
98129_JIP2010:deployment:0792061,2010-12-18T22:44:00,2010,12,-53.7785705290392,162.669777459477,,MachineObservation,,
88733_Eden2009:deployment:0787838,2008-11-14T11:00:00,2008,11,-48.5053095301522,159.947621794877,,MachineObservation,,
88729_Eden2009:deployment:0786877,2009-01-09T22:40:00,2009,1,-64.3088973815325,119.094385230645,,MachineObservation,,
64235_JIP2010:deployment:0781334,2010-11-14T19:10:00,2010,11,-50.9251213472272,152.695462425468,,MachineObservation,,
88718_Eden2009:deployment:0782648,2008-12-30T04:34:00,2008,12,-57.7201922865377,170.22195843361,,MachineObservation,,
88729_Eden2009:deployment:0786224,2008-11-16T12:40:00,2008,11,-46.4340258244434,138.184229335981,,MachineObservation,,
88733_Eden2009:deployment:0787885,2008-11-18T09:00:00,2008,11,-50.8485812433038,164.683179706121,,MachineObservation,,
88725_Eden2009:deployment:0784744,2009-01-01T02:04:00,2009,1,-62.4094343075225,152.862291436912,,MachineObservation,,
88732_Eden2009:deployment:0787538,2008-11-23T17:33:00,2008,11,-47.0616724672381,165.23844384725,,MachineObservation,,
88741_Eden2009:deployment:0789836,2009-01-29T11:13:00,2009,1,-64.5965916375559,161.575089641419,,MachineObservation,,
urn:catalog:AADC:WC:5725,1936-01-01 00:00:00+00,1936,1,-62.5,94.5,4,HumanObservation,,AADC
88729_Eden2009:deployment:0786626,2008-12-20T00:40:00,2008,12,-63.4296620354789,119.362981798834,,MachineObservation,,
13440_131178:deployment:0769113,2015-11-27T01:30:49,2015,11,-48.9376495911493,176.845290830611,,MachineObservation,,
urn:catalog:AADC:WC:5615,1934-01-01 00:00:00+00,1934,1,-63.5,91.5,1,HumanObservation,,AADC
98114_JIP2010:deployment:0791195,2010-12-01T10:15:00,2010,12,-61.0690450608004,157.956085242192,,MachineObservation,,
urn:catalog:AADC:WC:5776,1937-01-01 00:00:00+00,1937,1,-62.5,87.5,8,HumanObservation,,AADC
98129_JIP2010:deployment:0792240,2011-01-02T20:44:00,2011,1,-62.343280386408,169.681785073305,,MachineObservation,,
88723_Eden2009:deployment:0783591,2008-12-16T11:02:00,2008,12,-56.3559150900443,173.156048425685,,MachineObservation,,
88741_Eden2009:deployment:0789609,2009-01-10T13:13:00,2009,1,-62.5263846857017,158.070081805398,,MachineObservation,,
88741_Eden2009:deployment:0789734,2009-01-20T23:13:00,2009,1,-63.2265367719462,156.52867635375,,MachineObservation,,
88729_Eden2009:deployment:0786965,2009-01-17T06:40:00,2009,1,-63.2827708146096,110.434250322196,,MachineObservation,,
13440_131190:deployment:0776207,2015-11-21T20:31:20,2015,11,-49.9096704235241,178.563298200876,,MachineObservation,,
88728_Eden2009:deployment:0785833,2009-01-18T12:51:00,2009,1,-64.4461284350402,163.186586071041,,MachineObservation,,
88728_Eden2009:deployment:0785564,2008-12-27T02:51:00,2008,12,-62.2044667436,156.280027213391,,MachineObservation,,
88741_Eden2009:deployment:0790351,2009-03-13T09:13:00,2009,3,-64.1880468962967,164.902081844568,,MachineObservation,,
88738_Eden2009:deployment:0788768,2008-12-23T19:06:00,2008,12,-64.421642477045,148.269746296819,,MachineObservation,,
13440_131190:deployment:0776175,2015-11-19T04:31:20,2015,11,-49.1040554541528,179.471571291631,,MachineObservation,,
88729_Eden2009:deployment:0786501,2008-12-09T14:40:00,2008,12,-62.1613336698432,118.866348687937,,MachineObservation,,
88729_Eden2009:deployment:0786768,2008-12-31T20:40:00,2008,12,-64.5878984989351,119.780938847983,,MachineObservation,,
urn:catalog:AADC:WC:5845,1938-01-01 00:00:00+00,1938,1,-61.5,82.5,3,HumanObservation,,AADC
88733_Eden2009:deployment:0787759,2008-11-07T21:00:00,2008,11,-45.1614619842895,152.550591233,,MachineObservation,,
88729_Eden2009:deployment:0786708,2008-12-26T20:40:00,2008,12,-63.4608959079744,119.740027714366,,MachineObservation,,
88741_Eden2009:deployment:0789701,2009-01-18T05:13:00,2009,1,-62.5934808297239,155.968191790447,,MachineObservation,,
88741_Eden2009:deployment:0790377,2009-03-15T13:13:00,2009,3,-64.8853873930329,165.093243756543,,MachineObservation,,
13440_131190:deployment:0776183,2015-11-19T20:31:20,2015,11,-49.2886252209451,179.27998257559,,MachineObservation,,
88728_Eden2009:deployment:0785467,2008-12-19T00:51:00,2008,12,-63.6066906685047,158.810185027564,,MachineObservation,,
13440_131190:deployment:0776287,2015-11-28T12:31:20,2015,11,-56.1411245901441,178.449375666894,,MachineObservation,,
urn:catalog:AADC:WC:5565,1933-01-01 00:00:00+00,1933,1,-57.5,81.5,6,HumanObservation,,AADC
88738_Eden2009:deployment:0788759,2008-12-23T01:06:00,2008,12,-64.3252186221192,148.320132114508,,MachineObservation,,
98114_JIP2010:deployment:0791179,2010-11-30T02:15:00,2010,11,-60.9869633598048,158.121730533328,,MachineObservation,,
88741_Eden2009:deployment:0789043,2008-11-24T09:13:00,2008,11,-45.0313526662324,166.243947238736,,MachineObservation,,
88741_Eden2009:deployment:0789723,2009-01-20T01:13:00,2009,1,-63.7054596008747,155.353309261346,,MachineObservation,,
13440_131190:deployment:0776253,2015-11-25T16:31:20,2015,11,-53.3174507891906,177.535142383799,,MachineObservation,,
urn:catalog:AADC:WC:5852,1938-01-01 00:00:00+00,1938,1,-61.5,95.5,4,HumanObservation,,AADC
88741_Eden2009:deployment:0789693,2009-01-17T13:13:00,2009,1,-62.4322898916294,155.693829377679,,MachineObservation,,
88725_Eden2009:deployment:0784840,2009-01-09T02:04:00,2009,1,-62.2765208226009,150.781501035306,,MachineObservation,,
88733_Eden2009:deployment:0787934,2008-11-22T11:00:00,2008,11,-54.6186656761841,168.764583124449,,MachineObservation,,
https://www.inaturalist.org/observations/128196232,2022-07-25T14:52:46+12:00,,,-45.698821,170.6099017997,,HumanObservation,iNaturalist research-grade observations,iNaturalist
88741_Eden2009:deployment:0789716,2009-01-19T11:13:00,2009,1,-63.2933074999183,155.400613179214,,MachineObservation,,
88741_Eden2009:deployment:0789287,2008-12-14T17:13:00,2008,12,-61.234480506007,166.597009597552,,MachineObservation,,
13440_131190:deployment:0776460,2015-12-12T22:31:20,2015,12,-63.7364355072498,176.542975081381,,MachineObservation,,
88728_Eden2009:deployment:0785996,2009-02-01T02:51:00,2009,2,-64.7866228485471,158.198479911339,,MachineObservation,,
88728_Eden2009:deployment:0785152,2008-11-22T18:51:00,2008,11,-50.6566564647371,154.088472277823,,MachineObservation,,
98129_JIP2010:deployment:0791989,2010-12-12T22:44:00,2010,12,-51.3756671686446,157.58302226926,,MachineObservation,,
urn:catalog:AADC:SOWS:SOWS-93702,1996-02-06 00:48:15Z,1996,2,-63.01045,88.76116,1,HumanObservation,,AADC
88741_Eden2009:deployment:0789286,2008-12-14T15:13:00,2008,12,-61.2080187827428,166.559184662387,,MachineObservation,,
88733_Eden2009:deployment:0788079,2008-12-04T13:00:00,2008,12,-63.966332297192,176.413130148157,,MachineObservation,,
88728_Eden2009:deployment:0785106,2008-11-18T22:51:00,2008,11,-47.6332193313446,151.910363820812,,MachineObservation,,
88723_Eden2009:deployment:0783682,2008-12-24T01:02:00,2008,12,-62.927524415237,170.643417127028,,MachineObservation,,
88725_Eden2009:deployment:0784876,2009-01-12T02:04:00,2009,1,-62.3615746563814,150.23913019721,,MachineObservation,,
88718_Eden2009:deployment:0782750,2009-01-07T16:34:00,2009,1,-64.9233652690182,179.376843371379,,MachineObservation,,
88725_Eden2009:deployment:0784715,2008-12-29T16:04:00,2008,12,-62.6841146337129,153.329289332086,,MachineObservation,,
88741_Eden2009:deployment:0789814,2009-01-27T15:13:00,2009,1,-64.2009878676813,160.802708155595,,MachineObservation,,
88738_Eden2009:deployment:0788573,2008-12-07T13:06:00,2008,12,-62.0213894375451,149.364042631538,,MachineObservation,,
88741_Eden2009:deployment:0789767,2009-01-23T17:13:00,2009,1,-64.2441309676982,160.132505860934,,MachineObservation,,
98129_JIP2010:deployment:0791875,2010-12-03T10:44:00,2010,12,-46.7967405020003,148.606053733838,,MachineObservation,,
98114_JIP2010:deployment:0791014,2010-11-16T08:15:00,2010,11,-50.4195052434787,159.939999139758,,MachineObservation,,
88725_Eden2009:deployment:0784424,2008-12-05T10:04:00,2008,12,-52.993493995656,154.634794102542,,MachineObservation,,
88729_Eden2009:deployment:0786922,2009-01-13T16:40:00,2009,1,-63.9825585367017,115.718793072242,,MachineObservation,,
88725_Eden2009:deployment:0784802,2009-01-05T22:04:00,2009,1,-61.748440085556,151.400036951879,,MachineObservation,,
urn:catalog:AADC:WC:5914,1939-01-01 00:00:00+00,1939,1,-62.5,101.5,11,HumanObservation,,AADC
98114_JIP2010:deployment:0790963,2010-11-12T02:15:00,2010,11,-45.5132463067896,160.21282936978,,MachineObservation,,
88729_Eden2009:deployment:0786305,2008-11-23T06:40:00,2008,11,-50.9510724056655,132.853020978145,,MachineObservation,,
88741_Eden2009:deployment:0789089,2008-11-28T05:13:00,2008,11,-48.1025520716083,168.020798359247,,MachineObservation,,
https://www.inaturalist.org/observations/103131504,2021-12-07T17:40:00+13:00,,,-45.2806683333,166.9184166667,,HumanObservation,iNaturalist research-grade observations,iNaturalist
88733_Eden2009:deployment:0787872,2008-11-17T07:00:00,2008,11,-50.1067116006259,163.735361038253,,MachineObservation,,
88738_Eden2009:deployment:0788707,2008-12-18T17:06:00,2008,12,-64.0528665730474,148.993228934909,,MachineObservation,,
88723_Eden2009:deployment:0783691,2008-12-24T19:02:00,2008,12,-62.9827825820653,170.719635394927,,MachineObservation,,
98129_JIP2010:deployment:0792191,2010-12-29T18:44:00,2010,12,-59.4022875448483,169.993019822095,,MachineObservation,,
88729_Eden2009:deployment:0786959,2009-01-16T18:40:00,2009,1,-63.5751690813738,111.653596498495,,MachineObservation,,
88729_Eden2009:deployment:0786760,2008-12-31T04:40:00,2008,12,-64.3203552502433,119.63087762833,,MachineObservation,,
88728_Eden2009:deployment:0785980,2009-01-30T18:51:00,2009,1,-64.7406033360829,158.502053634171,,MachineObservation,,
88733_Eden2009:deployment:0787935,2008-11-22T13:00:00,2008,11,-54.6991745096905,168.860117042341,,MachineObservation,,
88723_Eden2009:deployment:0783782,2009-01-01T09:02:00,2009,1,-63.0773664150054,168.290463825107,,MachineObservation,,
88718_Eden2009:deployment:0782679,2009-01-01T18:34:00,2009,1,-59.9397575127276,173.55587920909,,MachineObservation,,
88741_Eden2009:deployment:0789476,2008-12-30T11:13:00,2008,12,-63.0191074432348,160.485665792649,,MachineObservation,,
88738_Eden2009:deployment:0788560,2008-12-06T11:06:00,2008,12,-60.5200733001521,149.824880191913,,MachineObservation,,
88741_Eden2009:deployment:0789251,2008-12-11T17:13:00,2008,12,-58.1059529396307,168.574675983472,,MachineObservation,,
88741_Eden2009:deployment:0789391,2008-12-23T09:13:00,2008,12,-62.3492782270145,163.625301738262,,MachineObservation,,
88741_Eden2009:deployment:0789818,2009-01-27T23:13:00,2009,1,-64.2516317659506,160.998449355543,,MachineObservation,,
88729_Eden2009:deployment:0787123,2009-01-30T10:40:00,2009,1,-62.2401520988642,102.451746850775,,MachineObservation,,
urn:catalog:AADC:SOWS:SOWS-100796,2003-01-12 01:23:41Z,2003,1,-61.53883,101.84833,2,HumanObservation,,AADC
88725_Eden2009:deployment:0784703,2008-12-28T16:04:00,2008,12,-62.948539014705,154.725096778785,,MachineObservation,,
13440_131178:deployment:0769124,2015-11-27T23:30:49,2015,11,-49.1009366688191,177.028214269115,,MachineObservation,,
64235_JIP2010:deployment:0781392,2010-11-19T15:10:00,2010,11,-56.5704875842051,156.287620763409,,MachineObservation,,
88725_Eden2009:deployment:0784441,2008-12-06T20:04:00,2008,12,-54.6902207554174,154.98807865587,,MachineObservation,,
88718_Eden2009:deployment:0782642,2008-12-29T16:34:00,2008,12,-57.1609786638852,169.515095505258,,MachineObservation,,
88741_Eden2009:deployment:0789926,2009-02-05T23:13:00,2009,2,-64.9713855443444,162.054695058863,,MachineObservation,,
98114_JIP2010:deployment:0791185,2010-11-30T14:15:00,2010,11,-61.1008898777225,158.021486605279,,MachineObservation,,
88741_Eden2009:deployment:0789271,2008-12-13T09:13:00,2008,12,-59.9209303004042,167.569247676311,,MachineObservation,,
88723_Eden2009:deployment:0783527,2008-12-11T03:02:00,2008,12,-50.8306053550882,169.606817525047,,MachineObservation,,
88728_Eden2009:deployment:0785429,2008-12-15T20:51:00,2008,12,-62.2472798352337,157.615516250439,,MachineObservation,,
88733_Eden2009:deployment:0788008,2008-11-28T15:00:00,2008,11,-59.1217732725795,173.047125181783,,MachineObservation,,
13440_131178:deployment:0769353,2015-12-17T01:30:49,2015,12,-59.2354926407935,178.617369565665,,MachineObservation,,
98129_JIP2010:deployment:0792269,2011-01-05T06:44:00,2011,1,-63.8370725852939,170.164732973812,,MachineObservation,,
urn:catalog:AADC:WC:5938,1951-01-01 00:00:00+00,1951,1,-59.5,86.5,65,HumanObservation,,AADC
urn:catalog:AADC:WC:5572,1933-01-01 00:00:00+00,1933,1,-60.5,86.5,1,HumanObservation,,AADC
88728_Eden2009:deployment:0785993,2009-01-31T20:51:00,2009,1,-64.8565815580424,158.368117284058,,MachineObservation,,
88723_Eden2009:deployment:0783649,2008-12-21T07:02:00,2008,12,-62.0742650908871,171.508359230233,,MachineObservation,,
13440_88727:deployment:0777136,2015-11-30T14:30:50,2015,11,-63.4191734336373,179.418733797918,,MachineObservation,,
88728_Eden2009:deployment:0786003,2009-02-01T16:51:00,2009,2,-64.527713378713,158.323875238161,,MachineObservation,,
13440_131190:deployment:0776472,2015-12-13T22:31:20,2015,12,-63.6085356525655,177.541133004516,,MachineObservation,,
88741_Eden2009:deployment:0789635,2009-01-12T17:13:00,2009,1,-62.6968744003412,156.021481505863,,MachineObservation,,
88741_Eden2009:deployment:0789414,2008-12-25T07:13:00,2008,12,-63.150158837062,162.868009012964,,MachineObservation,,
urn:catalog:AADC:WC:5984,1960-01-01 00:00:00+00,1960,1,-57.5,92.5,8,HumanObservation,,AADC
88728_Eden2009:deployment:0785638,2009-01-02T06:51:00,2009,1,-62.332889727668,155.592230622029,,MachineObservation,,
88729_Eden2009:deployment:0787088,2009-01-27T12:40:00,2009,1,-62.7590082164534,103.615567563447,,MachineObservation,,
98129_JIP2010:deployment:0791877,2010-12-03T14:44:00,2010,12,-46.8354711337039,148.698116360057,,MachineObservation,,
88728_Eden2009:deployment:0785186,2008-11-25T14:51:00,2008,11,-52.2493045645187,155.838661398905,,MachineObservation,,
88725_Eden2009:deployment:0784372,2008-12-01T02:04:00,2008,12,-48.1450542738783,151.968866407963,,MachineObservation,,
https://www.inaturalist.org/observations/282572596,2010-01-14T16:18:00+06:00,,,-61.1141,85.155635,,HumanObservation,iNaturalist research-grade observations,iNaturalist
64235_JIP2010:deployment:0781300,2010-11-11T23:10:00,2010,11,-48.7329897380182,150.519449331988,,MachineObservation,,
88741_Eden2009:deployment:0789382,2008-12-22T15:13:00,2008,12,-61.8041031609529,164.443128750464,,MachineObservation,,
88741_Eden2009:deployment:0789577,2009-01-07T21:13:00,2009,1,-62.3993934919005,157.718163241082,,MachineObservation,,
88723_Eden2009:deployment:0783606,2008-12-17T17:02:00,2008,12,-57.7512110400962,172.561398122749,,MachineObservation,,
urn:catalog:AADC:WC:5596,1934-01-01 00:00:00+00,1934,1,-59.5,80.5,15,HumanObservation,,AADC
88725_Eden2009:deployment:0784700,2008-12-28T10:04:00,2008,12,-63.0794905842661,155.2984949652,,MachineObservation,,
88725_Eden2009:deployment:0784507,2008-12-12T08:04:00,2008,12,-61.275594603956,156.169615350349,,MachineObservation,,
88741_Eden2009:deployment:0789593,2009-01-09T05:13:00,2009,1,-62.3123931577686,158.014873120315,,MachineObservation,,
88729_Eden2009:deployment:0786642,2008-12-21T08:40:00,2008,12,-63.3071216164525,119.818133295258,,MachineObservation,,
13440_131190:deployment:0776387,2015-12-06T20:31:20,2015,12,-61.4582108525384,177.770078421146,,MachineObservation,,
88733_Eden2009:deployment:0787784,2008-11-09T23:00:00,2008,11,-46.7265148049887,155.598874987501,,MachineObservation,,
13440_131190:deployment:0776405,2015-12-08T08:31:20,2015,12,-61.6286449795733,177.602680976418,,MachineObservation,,
88725_Eden2009:deployment:0784798,2009-01-05T14:04:00,2009,1,-61.8088753998169,151.765212509731,,MachineObservation,,
88725_Eden2009:deployment:0784780,2009-01-04T02:04:00,2009,1,-62.1043326880797,152.271562187172,,MachineObservation,,
88725_Eden2009:deployment:0784872,2009-01-11T18:04:00,2009,1,-62.3144635210039,150.278707160719,,MachineObservation,,
88728_Eden2009:deployment:0785805,2009-01-16T04:51:00,2009,1,-63.6606681455503,159.142587681084,,MachineObservation,,
urn:catalog:AADC:WC:5943,1951-01-01 00:00:00+00,1951,1,-61.5,95.5,286,HumanObservation,,AADC
98129_JIP2010:deployment:0792078,2010-12-20T08:44:00,2010,12,-54.06847523224,163.270458647277,,MachineObservation,,
88723_Eden2009:deployment:0783736,2008-12-28T13:02:00,2008,12,-63.1192071466419,169.51598135601,,MachineObservation,,
88729_Eden2009:deployment:0786960,2009-01-16T20:40:00,2009,1,-63.5259279839606,111.445202669451,,MachineObservation,,
88741_Eden2009:deployment:0789067,2008-11-26T09:13:00,2008,11,-46.466791068257,166.632994195296,,MachineObservation,,
13440_131190:deployment:0776432,2015-12-10T14:31:20,2015,12,-63.2586889064273,175.314547584214,,MachineObservation,,
13440_131178:deployment:0769234,2015-12-07T03:30:49,2015,12,-50.8101427978299,177.7017427268,,MachineObservation,,
urn:catalog:AADC:WC:5661,1935-01-01 00:00:00+00,1935,1,-60.5,101.5,6,HumanObservation,,AADC
88725_Eden2009:deployment:0784892,2009-01-13T10:04:00,2009,1,-62.5919089657119,150.297330249748,,MachineObservation,,
88741_Eden2009:deployment:0789614,2009-01-10T23:13:00,2009,1,-62.5247861526765,157.893077761124,,MachineObservation,,
88729_Eden2009:deployment:0787061,2009-01-25T06:40:00,2009,1,-62.8796632924546,103.386733814003,,MachineObservation,,
urn:catalog:AADC:WC:5831,1938-01-01 00:00:00+00,1938,1,-59.5,105.5,4,HumanObservation,,AADC
88728_Eden2009:deployment:0785587,2008-12-29T00:51:00,2008,12,-61.8363967653465,155.664211551487,,MachineObservation,,
88728_Eden2009:deployment:0785301,2008-12-05T04:51:00,2008,12,-58.832673238595,156.65469729243,,MachineObservation,,
262285,2021-11-22T16:04:03,2021,11,-45.740829,166.572442,1,HumanObservation,Happywhale - Humpback whale in South Pacific Ocean,Happywhale.com
in2017_v01_09944,2017-02-24T06:27:00Z,,,-64.70167,118.78639,1,HumanObservation,,Macquarie University
88732_Eden2009:deployment:0787545,2008-11-24T07:33:00,2008,11,-47.7340221133407,165.161130262251,,MachineObservation,,
98129_JIP2010:deployment:0792213,2010-12-31T14:44:00,2010,12,-61.5518507687104,169.253018977632,,MachineObservation,,
88725_Eden2009:deployment:0784808,2009-01-06T10:04:00,2009,1,-61.8186157630185,150.796786061029,,MachineObservation,,
88732_Eden2009:deployment:0787583,2008-11-27T11:33:00,2008,11,-50.774986350203,163.467647317884,,MachineObservation,,
88728_Eden2009:deployment:0785464,2008-12-18T18:51:00,2008,12,-63.545400087001,158.597915600176,,MachineObservation,,
88733_Eden2009:deployment:0787847,2008-11-15T05:00:00,2008,11,-48.8688532656027,160.940032485569,,MachineObservation,,
88741_Eden2009:deployment:0789222,2008-12-09T07:13:00,2008,12,-56.1275105366724,170.030403742901,,MachineObservation,,
88741_Eden2009:deployment:0790400,2009-03-17T11:13:00,2009,3,-64.9995300998878,165.080769963861,,MachineObservation,,
98129_JIP2010:deployment:0791893,2010-12-04T22:44:00,2010,12,-47.3078941872315,149.571964046402,,MachineObservation,,
88728_Eden2009:deployment:0785265,2008-12-02T04:51:00,2008,12,-56.700079113409,156.55289990879,,MachineObservation,,
88732_Eden2009:deployment:0787499,2008-11-20T11:33:00,2008,11,-45.8581435726111,164.527884121636,,MachineObservation,,
98129_JIP2010:deployment:0792058,2010-12-18T16:44:00,2010,12,-53.7927773555402,162.642165089552,,MachineObservation,,
13440_131178:deployment:0769248,2015-12-08T07:30:49,2015,12,-51.6985448763091,177.283476859707,,MachineObservation,,
88729_Eden2009:deployment:0786269,2008-11-20T06:40:00,2008,11,-48.8269014256736,134.991156450908,,MachineObservation,,
98114_JIP2010:deployment:0791289,2010-12-09T06:15:00,2010,12,-62.1242082121913,157.714424231042,,MachineObservation,,
88728_Eden2009:deployment:0785089,2008-11-17T12:51:00,2008,11,-46.6616668203201,151.76501276575,,MachineObservation,,
88728_Eden2009:deployment:0785508,2008-12-22T10:51:00,2008,12,-64.1005415011686,157.767204755295,,MachineObservation,,
88728_Eden2009:deployment:0785228,2008-11-29T02:51:00,2008,11,-54.7456910105587,156.902178846604,,MachineObservation,,
88729_Eden2009:deployment:0786279,2008-11-21T02:40:00,2008,11,-49.5946923456526,134.533782178811,,MachineObservation,,
88725_Eden2009:deployment:0784540,2008-12-15T02:04:00,2008,12,-62.0913244604405,156.138558320369,,MachineObservation,,
13440_131190:deployment:0776456,2015-12-12T14:31:20,2015,12,-63.7028012455481,176.475987156671,,MachineObservation,,
in2017_v01_09299,2017-01-27T09:57:00Z,,,-64.54028,115.285,3,HumanObservation,,Macquarie University
98129_JIP2010:deployment:0792121,2010-12-23T22:44:00,2010,12,-56.6011105965718,165.60375418123,,MachineObservation,,
urn:catalog:AADC:WC:5820,1938-01-01 00:00:00+00,1938,1,-59.5,87.5,23,HumanObservation,,AADC
13440_131178:deployment:0769298,2015-12-12T11:30:49,2015,12,-54.7640066391082,177.128492065576,,MachineObservation,,
98129_JIP2010:deployment:0791947,2010-12-09T10:44:00,2010,12,-49.0020231472883,154.030841223943,,MachineObservation,,
urn:catalog:AADC:SOWS:SOWS-92826,2001-01-30 00:00:00Z,2001,1,-63.514,100.587,2,HumanObservation,,AADC
88733_Eden2009:deployment:0787877,2008-11-17T17:00:00,2008,11,-50.4425692940137,164.240361592058,,MachineObservation,,
88741_Eden2009:deployment:0789404,2008-12-24T11:13:00,2008,12,-62.8972562465537,163.153507449563,,MachineObservation,,
88729_Eden2009:deployment:0786534,2008-12-12T08:40:00,2008,12,-62.9102195641983,119.073459623591,,MachineObservation,,
88741_Eden2009:deployment:0789434,2008-12-26T23:13:00,2008,12,-63.5591868557134,162.694472352436,,MachineObservation,,
98114_JIP2010:deployment:0791104,2010-11-23T20:15:00,2010,11,-60.2735203124856,158.522385096729,,MachineObservation,,
88729_Eden2009:deployment:0786271,2008-11-20T10:40:00,2008,11,-48.9801408311324,134.926128852867,,MachineObservation,,
88728_Eden2009:deployment:0785292,2008-12-04T10:51:00,2008,12,-58.1660477284875,156.773410807525,,MachineObservation,,
88729_Eden2009:deployment:0786489,2008-12-08T14:40:00,2008,12,-61.6362814212821,119.372319149055,,MachineObservation,,
88728_Eden2009:deployment:0785386,2008-12-12T06:51:00,2008,12,-62.0380684541182,156.955919243325,,MachineObservation,,
88728_Eden2009:deployment:0785207,2008-11-27T08:51:00,2008,11,-53.3770875410727,156.561629174364,,MachineObservation,,
64235_JIP2010:deployment:0781351,2010-11-16T05:10:00,2010,11,-52.3234925368166,153.666773308781,,MachineObservation,,
88729_Eden2009:deployment:0786306,2008-11-23T08:40:00,2008,11,-51.0277173717362,132.787858984949,,MachineObservation,,
98129_JIP2010:deployment:0792165,2010-12-27T14:44:00,2010,12,-57.736113822872,169.15248823438,,MachineObservation,,
88741_Eden2009:deployment:0790120,2009-02-22T03:13:00,2009,2,-64.7682544657467,163.965120618111,,MachineObservation,,
88725_Eden2009:deployment:0784366,2008-11-30T14:04:00,2008,11,-47.4411710372862,151.614010888706,,MachineObservation,,
88728_Eden2009:deployment:0785905,2009-01-24T12:51:00,2009,1,-64.6895415845982,159.667386188176,,MachineObservation,,
88728_Eden2009:deployment:0785381,2008-12-11T20:51:00,2008,12,-62.0654385803578,156.933260868566,,MachineObservation,,
88723_Eden2009:deployment:0783744,2008-12-29T05:02:00,2008,12,-63.02226903206,169.534175092749,,MachineObservation,,
88729_Eden2009:deployment:0786439,2008-12-04T10:40:00,2008,12,-60.1726137043674,121.288082373212,,MachineObservation,,
88729_Eden2009:deployment:0786652,2008-12-22T04:40:00,2008,12,-63.5048972594603,119.857338072412,,MachineObservation,,
88738_Eden2009:deployment:0788520,2008-12-03T03:06:00,2008,12,-59.9328317751688,151.069009657133,,MachineObservation,,
https://www.inaturalist.org/observations/250080168,2018-02-12T20:47:00+09:00,,,-64.9882557949,132.0377660026,,HumanObservation,iNaturalist research-grade observations,iNaturalist
98114_JIP2010:deployment:0791232,2010-12-04T12:15:00,2010,12,-61.3925228055295,157.504571661389,,MachineObservation,,
98114_JIP2010:deployment:0791181,2010-11-30T06:15:00,2010,11,-60.9948234631021,158.068931778533,,MachineObservation,,
218730,2008-01-09T06:20:26,2008,1,-64.14,80.01,1,HumanObservation,Happywhale - Humpback whale in Southern Ocean,Happywhale.com
88728_Eden2009:deployment:0785208,2008-11-27T10:51:00,2008,11,-53.4222688487891,156.619449753097,,MachineObservation,,
88728_Eden2009:deployment:0785105,2008-11-18T20:51:00,2008,11,-47.5637812895437,151.910110208697,,MachineObservation,,
88725_Eden2009:deployment:0784549,2008-12-15T20:04:00,2008,12,-62.342240052277,156.227553636618,,MachineObservation,,
88738_Eden2009:deployment:0788505,2008-12-01T21:06:00,2008,12,-59.6363011746616,151.509348170178,,MachineObservation,,
88728_Eden2009:deployment:0785075,2008-11-16T08:51:00,2008,11,-45.9938159358383,151.498146239716,,MachineObservation,,
88723_Eden2009:deployment:0783700,2008-12-25T13:02:00,2008,12,-63.1368457187933,170.622037275212,,MachineObservation,,
64235_JIP2010:deployment:0781289,2010-11-11T01:10:00,2010,11,-47.8319160189724,149.842777438637,,MachineObservation,,
88729_Eden2009:deployment:0786571,2008-12-15T10:40:00,2008,12,-63.0322005014316,119.518766560979,,MachineObservation,,
88723_Eden2009:deployment:0783824,2009-01-04T21:02:00,2009,1,-63.3875425043152,167.484581960452,,MachineObservation,,
98129_JIP2010:deployment:0792043,2010-12-17T10:44:00,2010,12,-53.7304581077019,161.170927300024,,MachineObservation,,
88741_Eden2009:deployment:0790614,2009-04-04T07:13:00,2009,4,-64.9522830315451,168.235768251417,,MachineObservation,,
88728_Eden2009:deployment:0785067,2008-11-15T16:51:00,2008,11,-45.5328156075717,151.371976758398,,MachineObservation,,
88733_Eden2009:deployment:0787915,2008-11-20T21:00:00,2008,11,-52.765302778128,167.08193176029,,MachineObservation,,
urn:catalog:AADC:WC:5694,1936-01-01 00:00:00+00,1936,1,-57.5,81.5,5,HumanObservation,,AADC
88741_Eden2009:deployment:0789201,2008-12-07T13:13:00,2008,12,-55.3322770538539,171.128412184952,,MachineObservation,,
64235_JIP2010:deployment:0781295,2010-11-11T13:10:00,2010,11,-48.3413617127566,150.202689369414,,MachineObservation,,
88741_Eden2009:deployment:0789299,2008-12-15T17:13:00,2008,12,-61.9765166090306,165.16592255141,,MachineObservation,,
64235_JIP2010:deployment:0781415,2010-11-21T13:10:00,2010,11,-59.3979173273234,157.695001998349,,MachineObservation,,
88725_Eden2009:deployment:0784697,2008-12-28T04:04:00,2008,12,-63.1533952203183,155.721239907478,,MachineObservation,,
urn:catalog:AADC:WC:5792,1937-01-01 00:00:00+00,1937,1,-63.5,84.5,1,HumanObservation,,AADC
88728_Eden2009:deployment:0785138,2008-11-21T14:51:00,2008,11,-49.9415922261334,153.086990198924,,MachineObservation,,
88738_Eden2009:deployment:0788420,2008-11-24T19:06:00,2008,11,-51.5590356918952,150.623324110095,,MachineObservation,,
13440_131190:deployment:0776435,2015-12-10T20:31:20,2015,12,-63.2826186513704,175.301791888472,,MachineObservation,,
88729_Eden2009:deployment:0786885,2009-01-10T14:40:00,2009,1,-64.4136372328809,118.98610996264,,MachineObservation,,
88741_Eden2009:deployment:0790301,2009-03-09T05:13:00,2009,3,-64.7640350296311,164.051844111554,,MachineObservation,,
88728_Eden2009:deployment:0786004,2009-02-01T18:51:00,2009,2,-64.546638156001,158.315291661919,,MachineObservation,,
88728_Eden2009:deployment:0785620,2008-12-31T18:51:00,2008,12,-62.2415638973821,155.560877529707,,MachineObservation,,
88723_Eden2009:deployment:0783871,2009-01-08T19:02:00,2009,1,-63.3898885309736,168.434720337025,,MachineObservation,,
88738_Eden2009:deployment:0788666,2008-12-15T07:06:00,2008,12,-63.7679659673147,149.456026628088,,MachineObservation,,
13440_88727:deployment:0777101,2015-11-27T16:30:50,2015,11,-62.0105550009768,179.997050642942,,MachineObservation,,
88728_Eden2009:deployment:0785776,2009-01-13T18:51:00,2009,1,-63.3909951207574,157.373476145277,,MachineObservation,,
88729_Eden2009:deployment:0787083,2009-01-27T02:40:00,2009,1,-62.7597109452549,103.649654258678,,MachineObservation,,
88725_Eden2009:deployment:0784727,2008-12-30T16:04:00,2008,12,-62.5364205263954,153.027739413015,,MachineObservation,,
urn:catalog:AADC:SOWS:SOWS-92731,2001-01-11 00:00:00Z,2001,1,-62.652,86.105,4,HumanObservation,,AADC
88728_Eden2009:deployment:0785311,2008-12-06T00:51:00,2008,12,-59.6241437907743,155.978729791475,,MachineObservation,,
88733_Eden2009:deployment:0788004,2008-11-28T07:00:00,2008,11,-58.8590532263464,172.771932672042,,MachineObservation,,
88728_Eden2009:deployment:0785667,2009-01-04T16:51:00,2009,1,-62.032767899199,155.734584779205,,MachineObservation,,
88718_Eden2009:deployment:0782732,2009-01-06T04:34:00,2009,1,-64.1568621404835,177.821953461696,,MachineObservation,,
64235_JIP2010:deployment:0781341,2010-11-15T09:10:00,2010,11,-51.5002434770179,152.846848321573,,MachineObservation,,
88729_Eden2009:deployment:0787012,2009-01-21T04:40:00,2009,1,-63.0741287353976,105.196444748238,,MachineObservation,,
urn:catalog:AADC:WC:5759,1937-01-01 00:00:00+00,1937,1,-61.5,89.5,44,HumanObservation,,AADC
13440_131178:deployment:0769062,2015-11-22T19:30:49,2015,11,-47.173837393943,177.339185753511,,MachineObservation,,
88718_Eden2009:deployment:0782655,2008-12-30T18:34:00,2008,12,-58.278684990207,170.992733300425,,MachineObservation,,
88729_Eden2009:deployment:0786444,2008-12-04T20:40:00,2008,12,-60.3646672251523,121.490379564148,,MachineObservation,,
395819,1999-02-15T12:30,1999,2,-62.41,97.15,1,HumanObservation,Happywhale - Humpback whale in Southern Ocean,Happywhale.com
64235_JIP2010:deployment:0781440,2010-11-23T15:10:00,2010,11,-60.1973312122501,157.487387292092,,MachineObservation,,
88729_Eden2009:deployment:0786555,2008-12-14T02:40:00,2008,12,-62.9965821254243,119.341637551932,,MachineObservation,,
88728_Eden2009:deployment:0785366,2008-12-10T14:51:00,2008,12,-61.9984451002743,156.984925143532,,MachineObservation,,
88729_Eden2009:deployment:0786999,2009-01-20T02:40:00,2009,1,-63.296285204578,106.184252847718,,MachineObservation,,
88733_Eden2009:deployment:0787899,2008-11-19T13:00:00,2008,11,-51.4018980874549,165.294846882749,,MachineObservation,,
88733_Eden2009:deployment:0788066,2008-12-03T11:00:00,2008,12,-62.9918105794675,175.450536110883,,MachineObservation,,
urn:catalog:AADC:WC:5881,1939-01-01 00:00:00+00,1939,1,-58.5,102.5,2,HumanObservation,,AADC
88728_Eden2009:deployment:0785122,2008-11-20T06:51:00,2008,11,-48.8972878641566,152.339907492489,,MachineObservation,,
88729_Eden2009:deployment:0786433,2008-12-03T22:40:00,2008,12,-59.5475827303912,121.830832982106,,MachineObservation,,
13440_131190:deployment:0776414,2015-12-09T02:31:20,2015,12,-62.08608466114,176.800351653187,,MachineObservation,,
88741_Eden2009:deployment:0790132,2009-02-23T03:13:00,2009,2,-64.8286536278132,163.480625470442,,MachineObservation,,
88725_Eden2009:deployment:0784534,2008-12-14T14:04:00,2008,12,-61.9944542135753,155.835901820048,,MachineObservation,,
88729_Eden2009:deployment:0786618,2008-12-19T08:40:00,2008,12,-63.6565370042145,119.364519821173,,MachineObservation,,
88733_Eden2009:deployment:0787884,2008-11-18T07:00:00,2008,11,-50.8160033715858,164.650055533455,,MachineObservation,,
88723_Eden2009:deployment:0783828,2009-01-05T05:02:00,2009,1,-63.385413838706,167.514525263197,,MachineObservation,,
88741_Eden2009:deployment:0789293,2008-12-15T05:13:00,2008,12,-61.6812133006793,165.951903778468,,MachineObservation,,
88741_Eden2009:deployment:0790323,2009-03-11T01:13:00,2009,3,-64.3866928713234,163.51193054053,,MachineObservation,,
88738_Eden2009:deployment:0788500,2008-12-01T11:06:00,2008,12,-59.4475137018834,151.813085681658,,MachineObservation,,
885_4368,1785/1913,,5,-47.40077,169.13534,1,HumanObservation,Historical distribution of whales shown by logbook records 1785-1913,Wildlife Conservation Society
urn:catalog:AADC:WC:5961,1956-01-01 00:00:00+00,1956,1,-62.5,80.5,25,HumanObservation,,AADC
88718_Eden2009:deployment:0782692,2009-01-02T20:34:00,2009,1,-61.3531625413824,175.060122669444,,MachineObservation,,
88718_Eden2009:deployment:0782622,2008-12-28T00:34:00,2008,12,-55.579300444124,166.042264587075,,MachineObservation,,
88718_Eden2009:deployment:0782539,2008-12-21T02:34:00,2008,12,-48.8693709692809,157.610742630829,,MachineObservation,,
88729_Eden2009:deployment:0786819,2009-01-05T02:40:00,2009,1,-64.8649709838944,120.624571779052,,MachineObservation,,
98129_JIP2010:deployment:0792198,2010-12-30T08:44:00,2010,12,-60.151938394505,169.6705906563,,MachineObservation,,
88725_Eden2009:deployment:0784722,2008-12-30T06:04:00,2008,12,-62.6224277361768,153.40249653239,,MachineObservation,,
13440_131178:deployment:0769154,2015-11-30T11:30:49,2015,11,-49.489975537741,176.914176416366,,MachineObservation,,
98129_JIP2010:deployment:0792211,2010-12-31T10:44:00,2010,12,-61.3626940721371,169.260458653424,,MachineObservation,,
88741_Eden2009:deployment:0789608,2009-01-10T11:13:00,2009,1,-62.5246977886254,158.006534144026,,MachineObservation,,
88723_Eden2009:deployment:0783917,2009-01-12T15:02:00,2009,1,-64.148969325058,168.642682709838,,MachineObservation,,
98129_JIP2010:deployment:0792539,2011-01-27T18:44:00,2011,1,-64.9946402377251,164.965556713315,,MachineObservation,,
urn:catalog:AADC:SOWS:SOWS-93716,1996-02-07 00:10:00Z,1996,2,-63.04207,93.56,2,HumanObservation,,AADC
88729_Eden2009:deployment:0786846,2009-01-07T08:40:00,2009,1,-64.6711578378319,120.829816239851,,MachineObservation,,
88728_Eden2009:deployment:0785514,2008-12-22T22:51:00,2008,12,-64.0898249749601,157.182533410117,,MachineObservation,,
in2017_v01_09926,2017-02-06T05:00:00Z,,,-64.70194,118.31861,2,HumanObservation,,Macquarie University
88728_Eden2009:deployment:0785951,2009-01-28T08:51:00,2009,1,-64.5194896443885,158.148529217062,,MachineObservation,,
88741_Eden2009:deployment:0789675,2009-01-16T01:13:00,2009,1,-62.8869084136107,156.348748635397,,MachineObservation,,
280881,2021-11-24T16:10:47,2021,11,-45.46,166.71,1,HumanObservation,Happywhale - Humpback whale in South Pacific Ocean,Happywhale.com
88728_Eden2009:deployment:0785898,2009-01-23T22:51:00,2009,1,-64.95731135789,160.076692727292,,MachineObservation,,
88729_Eden2009:deployment:0786361,2008-11-27T22:40:00,2008,11,-54.6226228964812,129.446621954305,,MachineObservation,,
88718_Eden2009:deployment:0782583,2008-12-24T18:34:00,2008,12,-52.220502633301,162.045183220887,,MachineObservation,,
98129_JIP2010:deployment:0791890,2010-12-04T16:44:00,2010,12,-47.2574884085607,149.311191862149,,MachineObservation,,
88729_Eden2009:deployment:0786556,2008-12-14T04:40:00,2008,12,-62.9959983651421,119.364397404725,,MachineObservation,,
88729_Eden2009:deployment:0786270,2008-11-20T08:40:00,2008,11,-48.9037326791113,134.956518726788,,MachineObservation,,
98114_JIP2010:deployment:0791076,2010-11-21T12:15:00,2010,11,-56.7982340557241,159.838759448868,,MachineObservation,,
98114_JIP2010:deployment:0791086,2010-11-22T08:15:00,2010,11,-57.9249440748594,159.274537949209,,MachineObservation,,
64235_JIP2010:deployment:0781483,2010-11-27T05:10:00,2010,11,-60.7255852779515,157.991787812279,,MachineObservation,,
88729_Eden2009:deployment:0786535,2008-12-12T10:40:00,2008,12,-62.9120075253205,119.125043587048,,MachineObservation,,
98129_JIP2010:deployment:0792186,2010-12-29T08:44:00,2010,12,-58.8208366896842,170.29100455069,,MachineObservation,,
229480,2015-11-10T18:29:03,2015,11,-45.46,166.71,1,HumanObservation,Happywhale - Humpback whale in South Pacific Ocean,Happywhale.com
13440_131190:deployment:0776445,2015-12-11T16:31:20,2015,12,-63.5424408408986,175.646342495303,,MachineObservation,,
13440_131178:deployment:0769346,2015-12-16T11:30:49,2015,12,-58.523339612627,178.127665375428,,MachineObservation,,
88741_Eden2009:deployment:0789798,2009-01-26T07:13:00,2009,1,-64.2115847084887,160.787483564911,,MachineObservation,,
88741_Eden2009:deployment:0789583,2009-01-08T09:13:00,2009,1,-62.3868283032024,157.707616533895,,MachineObservation,,
88738_Eden2009:deployment:0788724,2008-12-20T03:06:00,2008,12,-64.0538872307319,148.843985076344,,MachineObservation,,
urn:catalog:AADC:SOWS:SOWS-100761,1998-01-01 00:00:00Z,1998,1,-63.2,84.58,1,HumanObservation,,AADC
88741_Eden2009:deployment:0789336,2008-12-18T19:13:00,2008,12,-61.8856762492479,164.33073882682,,MachineObservation,,
88728_Eden2009:deployment:0785465,2008-12-18T20:51:00,2008,12,-63.5520957620641,158.651765785725,,MachineObservation,,
88725_Eden2009:deployment:0784508,2008-12-12T10:04:00,2008,12,-61.304768646795,156.142546508821,,MachineObservation,,
88738_Eden2009:deployment:0788414,2008-11-24T07:06:00,2008,11,-51.0715270955617,150.079083459738,,MachineObservation,,
13440_131178:deployment:0769241,2015-12-07T17:30:49,2015,12,-51.2056962536935,177.427137939625,,MachineObservation,,
88723_Eden2009:deployment:0783634,2008-12-20T01:02:00,2008,12,-60.3250904766379,171.776180962178,,MachineObservation,,
urn:catalog:AADC:WC:5762,1937-01-01 00:00:00+00,1937,1,-61.5,92.5,15,HumanObservation,,AADC
urn:catalog:AADC:SOWS:SOWS-100746,1998-01-01 00:00:00Z,1998,1,-63.63,83.22,3,HumanObservation,,AADC
urn:catalog:AADC:WC:5736,1937-01-01 00:00:00+00,1937,1,-59.5,92.5,2,HumanObservation,,AADC
88738_Eden2009:deployment:0788604,2008-12-10T03:06:00,2008,12,-63.2919183352437,150.688532588164,,MachineObservation,,
13440_131178:deployment:0769367,2015-12-18T05:30:49,2015,12,-60.580402569586,179.881468909577,,MachineObservation,,
88741_Eden2009:deployment:0789054,2008-11-25T07:13:00,2008,11,-45.6205218337419,166.275515022849,,MachineObservation,,
98114_JIP2010:deployment:0791229,2010-12-04T06:15:00,2010,12,-61.3438014103204,157.587360704021,,MachineObservation,,
88741_Eden2009:deployment:0789790,2009-01-25T15:13:00,2009,1,-64.1934864635289,160.630863246653,,MachineObservation,,
88729_Eden2009:deployment:0786405,2008-12-01T14:40:00,2008,12,-57.224606347974,125.005868763656,,MachineObservation,,
88728_Eden2009:deployment:0785077,2008-11-16T12:51:00,2008,11,-46.0950735009249,151.603807155131,,MachineObservation,,
88741_Eden2009:deployment:0789652,2009-01-14T03:13:00,2009,1,-62.6473683090552,156.115582463646,,MachineObservation,,
88723_Eden2009:deployment:0783820,2009-01-04T13:02:00,2009,1,-63.4318454326545,167.421614820878,,MachineObservation,,
88728_Eden2009:deployment:0785478,2008-12-19T22:51:00,2008,12,-63.9149946509562,159.589417114398,,MachineObservation,,
88728_Eden2009:deployment:0785256,2008-12-01T10:51:00,2008,12,-56.148553661891,156.506359388919,,MachineObservation,,
88741_Eden2009:deployment:0790320,2009-03-10T19:13:00,2009,3,-64.4144823160081,163.370297663381,,MachineObservation,,
98114_JIP2010:deployment:0791279,2010-12-08T10:15:00,2010,12,-62.0487429071171,157.684471402384,,MachineObservation,,
88741_Eden2009:deployment:0789203,2008-12-07T17:13:00,2008,12,-55.516776279666,171.028479997391,,MachineObservation,,
88741_Eden2009:deployment:0789461,2008-12-29T05:13:00,2008,12,-63.1735404903873,160.586167684805,,MachineObservation,,
88741_Eden2009:deployment:0789522,2009-01-03T07:13:00,2009,1,-62.639882704713,158.317343080131,,MachineObservation,,
88723_Eden2009:deployment:0783493,2008-12-08T07:02:00,2008,12,-47.5700228751963,167.590486159026,,MachineObservation,,
88729_Eden2009:deployment:0786429,2008-12-03T14:40:00,2008,12,-59.1298468486227,122.309724275126,,MachineObservation,,
88729_Eden2009:deployment:0786394,2008-11-30T16:40:00,2008,11,-56.5911386782103,126.28425963883,,MachineObservation,,
88725_Eden2009:deployment:0784467,2008-12-09T00:04:00,2008,12,-57.3794407127216,157.542132319432,,MachineObservation,,
88728_Eden2009:deployment:0785706,2009-01-07T22:51:00,2009,1,-62.3696546495644,154.448569479262,,MachineObservation,,
98129_JIP2010:deployment:0792202,2010-12-30T16:44:00,2010,12,-60.5544971119799,169.439656058974,,MachineObservation,,
88741_Eden2009:deployment:0789127,2008-12-01T09:13:00,2008,12,-50.001432232849,169.893040108581,,MachineObservation,,
13440_131178:deployment:0769056,2015-11-22T07:30:49,2015,11,-46.9763927235662,177.424726421243,,MachineObservation,,
88725_Eden2009:deployment:0784565,2008-12-17T04:04:00,2008,12,-62.4087265862542,157.016142474258,,MachineObservation,,
88738_Eden2009:deployment:0788697,2008-12-17T21:06:00,2008,12,-63.9837602181471,149.12896915658,,MachineObservation,,
88738_Eden2009:deployment:0788445,2008-11-26T21:06:00,2008,11,-53.733393662637,152.834550122662,,MachineObservation,,
88729_Eden2009:deployment:0787051,2009-01-24T10:40:00,2009,1,-63.4413089094959,103.346523243165,,MachineObservation,,
88741_Eden2009:deployment:0789702,2009-01-18T07:13:00,2009,1,-62.6318287482195,155.934893394882,,MachineObservation,,
643586,2026-02-24T16:32,2026,2,-64.2625,136.449444,1,HumanObservation,Happywhale - Humpback whale in Southern Ocean,Happywhale.com
88723_Eden2009:deployment:0783644,2008-12-20T21:02:00,2008,12,-61.3045207759916,171.64917309972,,MachineObservation,,
88728_Eden2009:deployment:0785710,2009-01-08T06:51:00,2009,1,-62.4155584608627,154.385103871366,,MachineObservation,,
88725_Eden2009:deployment:0784535,2008-12-14T16:04:00,2008,12,-61.9734645588748,155.862310091272,,MachineObservation,,
88725_Eden2009:deployment:0784355,2008-11-29T16:04:00,2008,11,-46.6144592586245,151.070470021293,,MachineObservation,,
urn:catalog:AADC:WC:5918,1939-01-01 00:00:00+00,1939,1,-63.5,104.5,1,HumanObservation,,AADC
88738_Eden2009:deployment:0788679,2008-12-16T09:06:00,2008,12,-63.8311402726453,149.397971995574,,MachineObservation,,
88732_Eden2009:deployment:0787549,2008-11-24T15:33:00,2008,11,-48.0800272923632,164.976614848584,,MachineObservation,,
98114_JIP2010:deployment:0791013,2010-11-16T06:15:00,2010,11,-50.3313422362321,159.958430998306,,MachineObservation,,
13440_131178:deployment:0769324,2015-12-14T15:30:49,2015,12,-56.8181624951486,177.312644365172,,MachineObservation,,
88741_Eden2009:deployment:0789448,2008-12-28T03:13:00,2008,12,-63.9836028171896,161.339801168125,,MachineObservation,,
88729_Eden2009:deployment:0786633,2008-12-20T14:40:00,2008,12,-63.2190237064008,119.876333851267,,MachineObservation,,
88741_Eden2009:deployment:0789650,2009-01-13T23:13:00,2009,1,-62.7167384616899,156.134550060971,,MachineObservation,,
88725_Eden2009:deployment:0784706,2008-12-28T22:04:00,2008,12,-62.9181918855705,154.093603733684,,MachineObservation,,
88723_Eden2009:deployment:0783499,2008-12-08T19:02:00,2008,12,-48.0835392800198,167.708333397198,,MachineObservation,,
88741_Eden2009:deployment:0789765,2009-01-23T13:13:00,2009,1,-64.2123547512662,160.175147325994,,MachineObservation,,
88729_Eden2009:deployment:0786661,2008-12-22T22:40:00,2008,12,-63.6366362483542,119.953989482217,,MachineObservation,,
13440_131190:deployment:0776274,2015-11-27T10:31:20,2015,11,-55.3045909354351,178.198418396106,,MachineObservation,,
88729_Eden2009:deployment:0786683,2008-12-24T18:40:00,2008,12,-63.3516484962226,119.716941855881,,MachineObservation,,
88728_Eden2009:deployment:0785760,2009-01-12T10:51:00,2009,1,-62.8416179312071,154.966309886349,,MachineObservation,,
88738_Eden2009:deployment:0788740,2008-12-21T11:06:00,2008,12,-64.2488352199704,148.978181283936,,MachineObservation,,
644823,2026-01-30T13:21:45,2026,1,-64.088747,173.149559,1,HumanObservation,Happywhale - Humpback whale in Southern Ocean,Happywhale.com
88738_Eden2009:deployment:0788661,2008-12-14T21:06:00,2008,12,-63.6893732277757,149.527892159967,,MachineObservation,,
88741_Eden2009:deployment:0789298,2008-12-15T15:13:00,2008,12,-61.9593740489517,165.22653422184,,MachineObservation,,
88728_Eden2009:deployment:0785363,2008-12-10T08:51:00,2008,12,-62.0117228507225,156.838805442259,,MachineObservation,,
88738_Eden2009:deployment:0788353,2008-11-19T05:06:00,2008,11,-45.5619964158485,146.978522699476,,MachineObservation,,
88733_Eden2009:deployment:0787820,2008-11-12T23:00:00,2008,11,-47.8899525048257,158.525156457087,,MachineObservation,,
88738_Eden2009:deployment:0788487,2008-11-30T09:06:00,2008,11,-58.7625066779769,153.039207045755,,MachineObservation,,
88728_Eden2009:deployment:0785680,2009-01-05T18:51:00,2009,1,-62.1902561488168,155.063150742128,,MachineObservation,,
13440_131178:deployment:0769215,2015-12-05T13:30:49,2015,12,-50.5219806714785,178.156270625811,,MachineObservation,,
88729_Eden2009:deployment:0786312,2008-11-23T20:40:00,2008,11,-51.4828932466026,132.443607071036,,MachineObservation,,
88741_Eden2009:deployment:0789087,2008-11-28T01:13:00,2008,11,-47.9319846287332,167.829263347593,,MachineObservation,,
88738_Eden2009:deployment:0788391,2008-11-22T09:06:00,2008,11,-48.9890716473445,149.125569964664,,MachineObservation,,
88741_Eden2009:deployment:0789466,2008-12-29T15:13:00,2008,12,-63.0789193684119,160.453561127188,,MachineObservation,,
88738_Eden2009:deployment:0788383,2008-11-21T17:06:00,2008,11,-48.3473179931108,148.811583018337,,MachineObservation,,
13440_131178:deployment:0769220,2015-12-05T23:30:49,2015,12,-50.70737016551,178.197476897938,,MachineObservation,,
88741_Eden2009:deployment:0789165,2008-12-04T13:13:00,2008,12,-52.3371158069789,170.604172442763,,MachineObservation,,
88725_Eden2009:deployment:0784736,2008-12-31T10:04:00,2008,12,-62.3401136734902,152.835235234998,,MachineObservation,,
88741_Eden2009:deployment:0789600,2009-01-09T19:13:00,2009,1,-62.3863385249855,157.874502875531,,MachineObservation,,
64235_JIP2010:deployment:0781418,2010-11-21T19:10:00,2010,11,-59.7045396168773,157.652398416362,,MachineObservation,,
88741_Eden2009:deployment:0789284,2008-12-14T11:13:00,2008,12,-61.0797627844053,166.63317281475,,MachineObservation,,
88728_Eden2009:deployment:0785547,2008-12-25T16:51:00,2008,12,-62.8395760342449,155.823338082616,,MachineObservation,,
88718_Eden2009:deployment:0782664,2008-12-31T12:34:00,2008,12,-58.7960122609062,172.245240241093,,MachineObservation,,
13440_131190:deployment:0776166,2015-11-18T10:31:20,2015,11,-48.9072980672961,179.892699182404,,MachineObservation,,
88733_Eden2009:deployment:0787859,2008-11-16T05:00:00,2008,11,-49.4520349958733,162.368749929567,,MachineObservation,,
88728_Eden2009:deployment:0785293,2008-12-04T12:51:00,2008,12,-58.2236344804566,156.732741502623,,MachineObservation,,
13440_131190:deployment:0776364,2015-12-04T22:31:20,2015,12,-60.1036118152634,178.525305484143,,MachineObservation,,
88741_Eden2009:deployment:0789707,2009-01-18T17:13:00,2009,1,-62.939113831214,155.781029672885,,MachineObservation,,
88725_Eden2009:deployment:0784408,2008-12-04T02:04:00,2008,12,-51.9217189511148,154.199895670272,,MachineObservation,,
13440_131190:deployment:0776193,2015-11-20T16:31:20,2015,11,-49.5115922627613,179.232010949299,,MachineObservation,,
13440_131178:deployment:0769186,2015-12-03T03:30:49,2015,12,-49.8686053758596,176.614451438418,,MachineObservation,,
13440_131190:deployment:0776499,2015-12-16T04:31:20,2015,12,-63.7538118156867,179.455312936513,,MachineObservation,,
88725_Eden2009:deployment:0784559,2008-12-16T16:04:00,2008,12,-62.3640781694819,156.526870710954,,MachineObservation,,
98129_JIP2010:deployment:0792020,2010-12-15T12:44:00,2010,12,-52.8244106130178,159.27879277584,,MachineObservation,,
88729_Eden2009:deployment:0787106,2009-01-29T00:40:00,2009,1,-62.5446092196804,102.505831046381,,MachineObservation,,
98129_JIP2010:deployment:0792182,2010-12-29T00:44:00,2010,12,-58.6152559090064,170.135148112416,,MachineObservation,,
98129_JIP2010:deployment:0791916,2010-12-06T20:44:00,2010,12,-47.9240419006864,151.453380220435,,MachineObservation,,
88732_Eden2009:deployment:0787582,2008-11-27T09:33:00,2008,11,-50.687603949381,163.477301647679,,MachineObservation,,
88729_Eden2009:deployment:0786829,2009-01-05T22:40:00,2009,1,-64.5853476406972,120.846631545399,,MachineObservation,,
98129_JIP2010:deployment:0791938,2010-12-08T16:44:00,2010,12,-48.7684109942154,153.513264082076,,MachineObservation,,
urn:catalog:AADC:WC:5576,1933-01-01 00:00:00+00,1933,1,-61.5,86.5,1,HumanObservation,,AADC
88732_Eden2009:deployment:0787564,2008-11-25T21:33:00,2008,11,-49.3469193499378,164.158196231478,,MachineObservation,,
88729_Eden2009:deployment:0786199,2008-11-14T10:40:00,2008,11,-45.1041604301625,140.005437212547,,MachineObservation,,
urn:catalog:AADC:SOWS:SOWS-93731,1996-02-11 00:27:00Z,1996,2,-62.70979,96.12299,2,HumanObservation,,AADC
13440_131190:deployment:0776347,2015-12-03T12:31:20,2015,12,-59.103180486034,178.914520022815,,MachineObservation,,
88738_Eden2009:deployment:0788571,2008-12-07T09:06:00,2008,12,-61.8504131092696,149.058961222003,,MachineObservation,,
88723_Eden2009:deployment:0783858,2009-01-07T17:02:00,2009,1,-63.2066885108657,168.235939465824,,MachineObservation,,
88738_Eden2009:deployment:0788685,2008-12-16T21:06:00,2008,12,-63.8474299264067,149.19628197019,,MachineObservation,,
in2017_v01_09293,2017-01-24T04:20:00Z,,,-64.55611,116.75222,1,HumanObservation,,Macquarie University
urn:catalog:AADC:WC:5830,1938-01-01 00:00:00+00,1938,1,-59.5,104.5,15,HumanObservation,,AADC
98114_JIP2010:deployment:0791024,2010-11-17T04:15:00,2010,11,-51.6676100088926,159.581682518446,,MachineObservation,,
urn:catalog:AADC:SOWS:SOWS-100678,1999-01-07 00:00:00Z,1999,1,-64.05,93.46,1,HumanObservation,,AADC
13440_131178:deployment:0769313,2015-12-13T17:30:49,2015,12,-55.9119397937681,177.126030278958,,MachineObservation,,
88729_Eden2009:deployment:0786884,2009-01-10T12:40:00,2009,1,-64.4211164150917,118.92739156621,,MachineObservation,,
98129_JIP2010:deployment:0792530,2011-01-27T00:44:00,2011,1,-64.8779491491956,165.293635382315,,MachineObservation,,
urn:catalog:AADC:WC:5760,1937-01-01 00:00:00+00,1937,1,-61.5,90.5,84,HumanObservation,,AADC
88729_Eden2009:deployment:0786214,2008-11-15T16:40:00,2008,11,-45.9539182419131,138.930126786727,,MachineObservation,,
88718_Eden2009:deployment:0782693,2009-01-02T22:34:00,2009,1,-61.4791685606283,175.185003341845,,MachineObservation,,
98114_JIP2010:deployment:0791267,2010-12-07T10:15:00,2010,12,-61.9699228116603,157.614665228975,,MachineObservation,,
88741_Eden2009:deployment:0790319,2009-03-10T17:13:00,2009,3,-64.4076582285091,163.375402605343,,MachineObservation,,
urn:catalog:AADC:SOWS:SOWS-92979,2000-03-13 12:45:00Z,2000,3,-64.20515,95.82632,2,HumanObservation,,AADC
13440_88727:deployment:0777130,2015-11-30T02:30:50,2015,11,-63.3093197329093,179.328196678707,,MachineObservation,,
88741_Eden2009:deployment:0789121,2008-11-30T21:13:00,2008,11,-49.653102434586,169.532860522325,,MachineObservation,,
88723_Eden2009:deployment:0783721,2008-12-27T07:02:00,2008,12,-63.1487579682444,169.64676260967,,MachineObservation,,
88741_Eden2009:deployment:0789634,2009-01-12T15:13:00,2009,1,-62.6876436582102,156.098678262903,,MachineObservation,,
13440_131190:deployment:0776423,2015-12-09T20:31:20,2015,12,-62.7499226226242,175.772669972418,,MachineObservation,,
13440_131178:deployment:0769156,2015-11-30T15:30:49,2015,11,-49.484386567271,176.916144002575,,MachineObservation,,
88723_Eden2009:deployment:0783818,2009-01-04T09:02:00,2009,1,-63.4222018647179,167.42302052107,,MachineObservation,,
13440_131178:deployment:0769206,2015-12-04T19:30:49,2015,12,-50.4359428205974,177.620972003639,,MachineObservation,,
98129_JIP2010:deployment:0792088,2010-12-21T04:44:00,2010,12,-54.5593494842139,163.459846344846,,MachineObservation,,
88741_Eden2009:deployment:0790129,2009-02-22T21:13:00,2009,2,-64.8060785785754,163.461768954874,,MachineObservation,,
13440_131190:deployment:0776203,2015-11-21T12:31:20,2015,11,-49.7311989747205,178.631674190984,,MachineObservation,,
88728_Eden2009:deployment:0785969,2009-01-29T20:51:00,2009,1,-64.7487234080595,158.109830158072,,MachineObservation,,
88718_Eden2009:deployment:0782593,2008-12-25T14:34:00,2008,12,-52.9757621745474,162.87680750392,,MachineObservation,,
88741_Eden2009:deployment:0789338,2008-12-18T23:13:00,2008,12,-61.8764155357775,164.282965576897,,MachineObservation,,
88741_Eden2009:deployment:0789208,2008-12-08T03:13:00,2008,12,-55.6345088094085,170.677847952438,,MachineObservation,,
88729_Eden2009:deployment:0786366,2008-11-28T08:40:00,2008,11,-55.0018264017275,129.133798905278,,MachineObservation,,
NZHB-130,1999-05-21,,,-45.7667,170.7333,2,HumanObservation,Humpback whale sightings around New Zealand 1970-1999,DoC
88729_Eden2009:deployment:0786507,2008-12-10T02:40:00,2008,12,-62.4084073746945,118.792750569271,,MachineObservation,,
88733_Eden2009:deployment:0788018,2008-11-29T11:00:00,2008,11,-59.6266674973721,173.962715656771,,MachineObservation,,
88723_Eden2009:deployment:0783547,2008-12-12T19:02:00,2008,12,-52.1583357781185,170.758030562579,,MachineObservation,,
13440_131178:deployment:0769277,2015-12-10T17:30:49,2015,12,-53.7611171092204,177.639760360622,,MachineObservation,,
88733_Eden2009:deployment:0788022,2008-11-29T19:00:00,2008,11,-59.9446194396041,174.257382163133,,MachineObservation,,
urn:catalog:AADC:WC:5676,1935-01-01 00:00:00+00,1935,1,-62.5,83.5,39,HumanObservation,,AADC
13440_131190:deployment:0776290,2015-11-28T18:31:20,2015,11,-56.1376751081219,178.495922675924,,MachineObservation,,
88741_Eden2009:deployment:0789258,2008-12-12T07:13:00,2008,12,-59.0246111720922,168.140597065388,,MachineObservation,,
13440_88727:deployment:0777139,2015-11-30T20:30:50,2015,11,-63.4877389150926,179.529026034113,,MachineObservation,,
88741_Eden2009:deployment:0789754,2009-01-22T15:13:00,2009,1,-63.3180925732797,159.202823775453,,MachineObservation,,
88741_Eden2009:deployment:0789344,2008-12-19T11:13:00,2008,12,-61.8535889044669,164.063305492948,,MachineObservation,,
88728_Eden2009:deployment:0785717,2009-01-08T20:51:00,2009,1,-62.6386898260339,154.119155082759,,MachineObservation,,
13440_131190:deployment:0776180,2015-11-19T14:31:20,2015,11,-49.2073008682755,179.317316012629,,MachineObservation,,
98129_JIP2010:deployment:0791920,2010-12-07T04:44:00,2010,12,-48.0904022519605,151.733306803241,,MachineObservation,,
88729_Eden2009:deployment:0786801,2009-01-03T14:40:00,2009,1,-64.8413042437999,119.881779264012,,MachineObservation,,
88728_Eden2009:deployment:0785206,2008-11-27T06:51:00,2008,11,-53.3382549601922,156.509563266383,,MachineObservation,,
88732_Eden2009:deployment:0787391,2008-11-11T11:33:00,2008,11,-45.1554849891956,161.028819169531,,MachineObservation,,
88738_Eden2009:deployment:0788577,2008-12-07T21:06:00,2008,12,-62.5168831979349,150.238460098107,,MachineObservation,,
88723_Eden2009:deployment:0783478,2008-12-07T01:02:00,2008,12,-46.280062147388,166.083904893313,,MachineObservation,,
88729_Eden2009:deployment:0786210,2008-11-15T08:40:00,2008,11,-45.7211316342131,139.21351967054,,MachineObservation,,
88728_Eden2009:deployment:0785255,2008-12-01T08:51:00,2008,12,-56.0567012759735,156.508359991064,,MachineObservation,,
13440_131178:deployment:0769287,2015-12-11T13:30:49,2015,12,-54.2484684584427,177.393055030527,,MachineObservation,,
88738_Eden2009:deployment:0788482,2008-11-29T23:06:00,2008,11,-58.2000423390473,152.988705336917,,MachineObservation,,
13440_131178:deployment:0769200,2015-12-04T07:30:49,2015,12,-50.2246463428992,177.253701084574,,MachineObservation,,
64235_JIP2010:deployment:0781354,2010-11-16T11:10:00,2010,11,-52.6240277246696,153.888018057949,,MachineObservation,,
98114_JIP2010:deployment:0791174,2010-11-29T16:15:00,2010,11,-60.9935886739215,158.143130989267,,MachineObservation,,
98114_JIP2010:deployment:0791180,2010-11-30T04:15:00,2010,11,-60.9884555264108,158.094292497019,,MachineObservation,,
88733_Eden2009:deployment:0787861,2008-11-16T09:00:00,2008,11,-49.5406183955798,162.546334113519,,MachineObservation,,
98129_JIP2010:deployment:0792248,2011-01-03T12:44:00,2011,1,-62.7318770789304,169.652895059842,,MachineObservation,,
229472,2013-10-27T15:54:31,2013,10,-45.46,166.71,1,HumanObservation,Happywhale - Humpback whale in South Pacific Ocean,Happywhale.com
88725_Eden2009:deployment:0784369,2008-11-30T20:04:00,2008,11,-47.7651366816275,151.640800662069,,MachineObservation,,
98114_JIP2010:deployment:0791168,2010-11-29T04:15:00,2010,11,-60.9574225762617,158.065633528058,,MachineObservation,,
98114_JIP2010:deployment:0791018,2010-11-16T16:15:00,2010,11,-50.8524242933171,159.828703734992,,MachineObservation,,
229469,2012-11-14T16:24:55,2012,11,-45.46,166.71,1,HumanObservation,Happywhale - Humpback whale in South Pacific Ocean,Happywhale.com
98129_JIP2010:deployment:0792108,2010-12-22T20:44:00,2010,12,-55.9061500596806,164.462747362873,,MachineObservation,,
in2017_v01_09295,2017-01-25T21:06:00Z,,,-64.61083,115.09389,2,HumanObservation,,Macquarie University
88741_Eden2009:deployment:0789760,2009-01-23T03:13:00,2009,1,-64.0255220371632,160.113435686488,,MachineObservation,,
88733_Eden2009:deployment:0787865,2008-11-16T17:00:00,2008,11,-49.7498918958621,162.895353211855,,MachineObservation,,
urn:catalog:AADC:SOWS:SOWS-92737,2001-01-11 00:00:00Z,2001,1,-63.054,84.395,4,HumanObservation,,AADC
urn:catalog:AADC:WC:5974,1959-01-01 00:00:00+00,1959,1,-60.5,86.5,70,HumanObservation,,AADC
88729_Eden2009:deployment:0787114,2009-01-29T16:40:00,2009,1,-62.5910441863312,102.613467155415,,MachineObservation,,
98129_JIP2010:deployment:0792026,2010-12-16T00:44:00,2010,12,-53.0985876504097,159.585838226406,,MachineObservation,,
64235_JIP2010:deployment:0781273,2010-11-09T17:10:00,2010,11,-46.3671667677884,148.875283387695,,MachineObservation,,
88725_Eden2009:deployment:0784595,2008-12-19T16:04:00,2008,12,-62.848634934442,157.345436682913,,MachineObservation,,
13440_131190:deployment:0776177,2015-11-19T08:31:20,2015,11,-49.1316639656086,179.33709741758,,MachineObservation,,
88738_Eden2009:deployment:0788466,2008-11-28T15:06:00,2008,11,-56.3215108009328,153.446311966769,,MachineObservation,,
88728_Eden2009:deployment:0785134,2008-11-21T06:51:00,2008,11,-49.6745879491554,152.737584196637,,MachineObservation,,
88728_Eden2009:deployment:0785172,2008-11-24T10:51:00,2008,11,-51.7020251478539,155.218932754122,,MachineObservation,,
88718_Eden2009:deployment:0782550,2008-12-22T00:34:00,2008,12,-49.6755449777232,159.033347204001,,MachineObservation,,
13440_131190:deployment:0776326,2015-12-01T18:31:20,2015,12,-57.6953391037714,178.644831051156,,MachineObservation,,
88723_Eden2009:deployment:0783729,2008-12-27T23:02:00,2008,12,-63.2202604321499,169.597054150753,,MachineObservation,,
88725_Eden2009:deployment:0784797,2009-01-05T12:04:00,2009,1,-61.8830911179224,151.71981985825,,MachineObservation,,
13440_131178:deployment:0769043,2015-11-21T05:30:49,2015,11,-46.2478121704489,177.483553778765,,MachineObservation,,
13440_131190:deployment:0776270,2015-11-27T02:31:20,2015,11,-55.0530664209101,177.966029324113,,MachineObservation,,
88732_Eden2009:deployment:0787451,2008-11-16T11:33:00,2008,11,-45.9782520807468,164.26632020982,,MachineObservation,,
88741_Eden2009:deployment:0789444,2008-12-27T19:13:00,2008,12,-63.8711657593242,161.617557582786,,MachineObservation,,
88733_Eden2009:deployment:0788059,2008-12-02T21:00:00,2008,12,-62.4768273326537,175.158504444027,,MachineObservation,,
13440_131190:deployment:0776262,2015-11-26T10:31:20,2015,11,-54.2338701104863,177.874952737114,,MachineObservation,,
88725_Eden2009:deployment:0784446,2008-12-07T06:04:00,2008,12,-55.0977859199651,155.616090595521,,MachineObservation,,
urn:catalog:AADC:WC:5673,1935-01-01 00:00:00+00,1935,1,-62.5,80.5,4,HumanObservation,,AADC
64235_JIP2010:deployment:0781294,2010-11-11T11:10:00,2010,11,-48.2664236376686,150.140430137661,,MachineObservation,,
88741_Eden2009:deployment:0789503,2009-01-01T17:13:00,2009,1,-62.615411306088,159.357036180674,,MachineObservation,,
88729_Eden2009:deployment:0786625,2008-12-19T22:40:00,2008,12,-63.4646286739856,119.411193204369,,MachineObservation,,
88725_Eden2009:deployment:0784351,2008-11-29T08:04:00,2008,11,-46.3476824984283,150.829885837216,,MachineObservation,,
urn:catalog:AADC:SOWS:SOWS-92863,2001-02-08 00:00:00Z,2001,2,-63.292,98.305,1,HumanObservation,,AADC
88728_Eden2009:deployment:0785539,2008-12-25T00:51:00,2008,12,-63.4027181704128,156.16676870133,,MachineObservation,,
98114_JIP2010:deployment:0791121,2010-11-25T06:15:00,2010,11,-60.4846547595901,158.693084883821,,MachineObservation,,
88728_Eden2009:deployment:0785745,2009-01-11T04:51:00,2009,1,-62.4786802314135,155.272720228148,,MachineObservation,,
88725_Eden2009:deployment:0784867,2009-01-11T08:04:00,2009,1,-62.26239552218,150.41974752804,,MachineObservation,,
13440_131178:deployment:0769299,2015-12-12T13:30:49,2015,12,-54.8307442356696,177.110407001032,,MachineObservation,,
88741_Eden2009:deployment:0789226,2008-12-09T15:13:00,2008,12,-56.5138379971531,169.991845825871,,MachineObservation,,
88729_Eden2009:deployment:0786880,2009-01-10T04:40:00,2009,1,-64.3758240137784,118.930216926648,,MachineObservation,,
88718_Eden2009:deployment:0782483,2008-12-16T10:34:00,2008,12,-45.4671067282519,151.976430406747,,MachineObservation,,
88729_Eden2009:deployment:0786966,2009-01-17T08:40:00,2009,1,-63.2519517444604,110.263647615001,,MachineObservation,,
88728_Eden2009:deployment:0785364,2008-12-10T10:51:00,2008,12,-62.012541609904,156.8555512537,,MachineObservation,,
88741_Eden2009:deployment:0789451,2008-12-28T09:13:00,2008,12,-63.9100887566899,161.080541547237,,MachineObservation,,
88729_Eden2009:deployment:0786231,2008-11-17T02:40:00,2008,11,-46.9017448561517,137.725072239379,,MachineObservation,,
88732_Eden2009:deployment:0787475,2008-11-18T11:33:00,2008,11,-45.994767247324,164.073722931506,,MachineObservation,,
88738_Eden2009:deployment:0788667,2008-12-15T09:06:00,2008,12,-63.7748930079056,149.463853888731,,MachineObservation,,
88725_Eden2009:deployment:0784400,2008-12-03T10:04:00,2008,12,-51.3568782941115,154.172810137363,,MachineObservation,,
88728_Eden2009:deployment:0785189,2008-11-25T20:51:00,2008,11,-52.4452174668131,155.776523222294,,MachineObservation,,
13440_131190:deployment:0776283,2015-11-28T04:31:20,2015,11,-56.0204083339317,178.557423066593,,MachineObservation,,
88723_Eden2009:deployment:0783517,2008-12-10T07:02:00,2008,12,-49.9651506438084,168.866941784845,,MachineObservation,,
88725_Eden2009:deployment:0784713,2008-12-29T12:04:00,2008,12,-62.7816187795923,153.462298010322,,MachineObservation,,
88738_Eden2009:deployment:0788612,2008-12-10T19:06:00,2008,12,-63.3695583326776,150.858863194642,,MachineObservation,,
88728_Eden2009:deployment:0785347,2008-12-09T00:51:00,2008,12,-62.0401665680982,157.01254560667,,MachineObservation,,
88738_Eden2009:deployment:0788443,2008-11-26T17:06:00,2008,11,-53.5329813060891,152.762796994072,,MachineObservation,,
13440_131178:deployment:0769356,2015-12-17T07:30:49,2015,12,-59.6056194075794,178.885119506091,,MachineObservation,,
88741_Eden2009:deployment:0789824,2009-01-28T11:13:00,2009,1,-64.3294733395052,161.347247433781,,MachineObservation,,
88741_Eden2009:deployment:0789416,2008-12-25T11:13:00,2008,12,-63.1842206721313,162.824884590089,,MachineObservation,,
98129_JIP2010:deployment:0792242,2011-01-03T00:44:00,2011,1,-62.407766785182,169.676988494324,,MachineObservation,,
88718_Eden2009:deployment:0782610,2008-12-27T00:34:00,2008,12,-54.5930100709446,164.694734195035,,MachineObservation,,
https://www.inaturalist.org/observations/80429737,2021-05-27T11:00:00+12:00,,,-45.4860691904,170.8327037908,,HumanObservation,iNaturalist research-grade observations,iNaturalist
64235_JIP2010:deployment:0781315,2010-11-13T05:10:00,2010,11,-49.5699978918297,152.119444253302,,MachineObservation,,
88718_Eden2009:deployment:0782709,2009-01-04T06:34:00,2009,1,-62.8167976291759,177.300834503659,,MachineObservation,,
88741_Eden2009:deployment:0789793,2009-01-25T21:13:00,2009,1,-64.2454617704569,160.707292352835,,MachineObservation,,
88729_Eden2009:deployment:0787119,2009-01-30T02:40:00,2009,1,-62.3305407382188,102.601152182112,,MachineObservation,,
88729_Eden2009:deployment:0786562,2008-12-14T16:40:00,2008,12,-63.0116697652534,119.482140834726,,MachineObservation,,
88729_Eden2009:deployment:0786515,2008-12-10T18:40:00,2008,12,-62.3319813762058,119.040291337918,,MachineObservation,,
88729_Eden2009:deployment:0786446,2008-12-05T00:40:00,2008,12,-60.4623110898441,121.387063790078,,MachineObservation,,
88729_Eden2009:deployment:0786503,2008-12-09T18:40:00,2008,12,-62.3296474955666,118.745905538097,,MachineObservation,,
88729_Eden2009:deployment:0786949,2009-01-15T22:40:00,2009,1,-63.6984663758649,113.714209356177,,MachineObservation,,
88723_Eden2009:deployment:0783734,2008-12-28T09:02:00,2008,12,-63.1555301833094,169.509155298637,,MachineObservation,,
88733_Eden2009:deployment:0787977,2008-11-26T01:00:00,2008,11,-56.6289574301461,171.430313636399,,MachineObservation,,
88741_Eden2009:deployment:0789845,2009-01-30T05:13:00,2009,1,-64.7670939602519,161.81867783329,,MachineObservation,,
13440_131190:deployment:0776202,2015-11-21T10:31:20,2015,11,-49.7099752167282,178.633424076876,,MachineObservation,,
88723_Eden2009:deployment:0783631,2008-12-19T19:02:00,2008,12,-60.026339058704,171.754325118727,,MachineObservation,,
88725_Eden2009:deployment:0784655,2008-12-24T16:04:00,2008,12,-62.6810029881194,157.334108044638,,MachineObservation,,
urn:catalog:AADC:WC:5772,1937-01-01 00:00:00+00,1937,1,-61.5,105.5,1,HumanObservation,,AADC
88725_Eden2009:deployment:0784440,2008-12-06T18:04:00,2008,12,-54.6009495525625,154.862178988637,,MachineObservation,,
88728_Eden2009:deployment:0785071,2008-11-16T00:51:00,2008,11,-45.7638485193719,151.34585131773,,MachineObservation,,
88729_Eden2009:deployment:0786325,2008-11-24T22:40:00,2008,11,-52.2225650566716,131.871097067512,,MachineObservation,,
urn:catalog:AADC:WC:5847,1938-01-01 00:00:00+00,1938,1,-61.5,88.5,2,HumanObservation,,AADC
13440_131190:deployment:0776450,2015-12-12T02:31:20,2015,12,-63.6056182142142,175.997830324016,,MachineObservation,,
88718_Eden2009:deployment:0782477,2008-12-15T22:34:00,2008,12,-45.1178945629605,151.217359123856,,MachineObservation,,
urn:catalog:AADC:WC:5842,1938-01-01 00:00:00+00,1938,1,-60.5,103.5,1,HumanObservation,,AADC
88741_Eden2009:deployment:0789199,2008-12-07T09:13:00,2008,12,-55.3127612449625,171.127348677404,,MachineObservation,,
98129_JIP2010:deployment:0792087,2010-12-21T02:44:00,2010,12,-54.5426264741147,163.471001913227,,MachineObservation,,
88729_Eden2009:deployment:0786410,2008-12-02T00:40:00,2008,12,-57.5529054382956,124.435230875495,,MachineObservation,,
13440_131178:deployment:0769093,2015-11-25T09:30:49,2015,11,-48.4151388893186,177.004888986868,,MachineObservation,,
88738_Eden2009:deployment:0788715,2008-12-19T09:06:00,2008,12,-64.1175752478953,148.95608258659,,MachineObservation,,
88723_Eden2009:deployment:0783506,2008-12-09T09:02:00,2008,12,-48.6932614095263,168.201082737537,,MachineObservation,,
88729_Eden2009:deployment:0786982,2009-01-18T16:40:00,2009,1,-63.2330984750131,108.387031288056,,MachineObservation,,
88723_Eden2009:deployment:0783612,2008-12-18T05:02:00,2008,12,-58.159266638916,172.199289192611,,MachineObservation,,
88738_Eden2009:deployment:0788483,2008-11-30T01:06:00,2008,11,-58.3361827631061,152.969178049933,,MachineObservation,,
88729_Eden2009:deployment:0786299,2008-11-22T18:40:00,2008,11,-50.5055167927741,133.232040330129,,MachineObservation,,
88741_Eden2009:deployment:0789559,2009-01-06T09:13:00,2009,1,-62.4207617766225,157.810382876707,,MachineObservation,,
98129_JIP2010:deployment:0792123,2010-12-24T02:44:00,2010,12,-56.723500021705,165.684466013756,,MachineObservation,,
651752,2026-01-10T17:59:48,2026,1,-61.317,159.565,1,HumanObservation,Happywhale - Humpback whale in Southern Ocean,Happywhale.com
88725_Eden2009:deployment:0784596,2008-12-19T18:04:00,2008,12,-62.8407874566078,157.370512561511,,MachineObservation,,
urn:catalog:AADC:SOWS:SOWS-100680,1999-01-07 00:00:00Z,1999,1,-64.04,98.59,2,HumanObservation,,AADC
88741_Eden2009:deployment:0789774,2009-01-24T07:13:00,2009,1,-64.4141324119291,160.59564197309,,MachineObservation,,
88741_Eden2009:deployment:0790333,2009-03-11T21:13:00,2009,3,-64.2324885909169,164.341471416284,,MachineObservation,,
88741_Eden2009:deployment:0789800,2009-01-26T11:13:00,2009,1,-64.2104582571314,160.796308867157,,MachineObservation,,
88733_Eden2009:deployment:0788020,2008-11-29T15:00:00,2008,11,-59.7355582880381,174.096325848449,,MachineObservation,,
88741_Eden2009:deployment:0789703,2009-01-18T09:13:00,2009,1,-62.6744584678644,155.879927540486,,MachineObservation,,
88741_Eden2009:deployment:0789468,2008-12-29T19:13:00,2008,12,-63.0082617762498,160.376761303143,,MachineObservation,,
98129_JIP2010:deployment:0791895,2010-12-05T02:44:00,2010,12,-47.3565057056508,149.742094169988,,MachineObservation,,
88729_Eden2009:deployment:0786996,2009-01-19T20:40:00,2009,1,-63.4238220685593,106.197872301324,,MachineObservation,,
88741_Eden2009:deployment:0789364,2008-12-21T03:13:00,2008,12,-61.7629303193909,164.108039848655,,MachineObservation,,
88723_Eden2009:deployment:0783533,2008-12-11T15:02:00,2008,12,-51.1045867630052,169.843534219161,,MachineObservation,,
98129_JIP2010:deployment:0791985,2010-12-12T14:44:00,2010,12,-51.1680207775543,157.346259930477,,MachineObservation,,
88729_Eden2009:deployment:0786339,2008-11-26T02:40:00,2008,11,-53.1368002292808,131.241104218228,,MachineObservation,,
98114_JIP2010:deployment:0791003,2010-11-15T10:15:00,2010,11,-49.4267893814862,160.130880226082,,MachineObservation,,
13440_131178:deployment:0769317,2015-12-14T01:30:49,2015,12,-56.1944603761789,177.184497250181,,MachineObservation,,
88728_Eden2009:deployment:0785194,2008-11-26T06:51:00,2008,11,-52.7562826544881,155.945565172403,,MachineObservation,,
88741_Eden2009:deployment:0789680,2009-01-16T11:13:00,2009,1,-62.8052050959152,156.167132569951,,MachineObservation,,
13440_131190:deployment:0776474,2015-12-14T02:31:20,2015,12,-63.5248272776,177.790003649378,,MachineObservation,,
88718_Eden2009:deployment:0782711,2009-01-04T10:34:00,2009,1,-62.8933530600385,177.332222905591,,MachineObservation,,
88729_Eden2009:deployment:0786602,2008-12-18T00:40:00,2008,12,-63.2558159338951,119.9056151735,,MachineObservation,,
88725_Eden2009:deployment:0784506,2008-12-12T06:04:00,2008,12,-61.2360518478652,156.202258587078,,MachineObservation,,
88729_Eden2009:deployment:0786563,2008-12-14T18:40:00,2008,12,-62.9999033567408,119.485587770791,,MachineObservation,,
88725_Eden2009:deployment:0784407,2008-12-04T00:04:00,2008,12,-51.8630574751692,154.157609603363,,MachineObservation,,
13440_131190:deployment:0776276,2015-11-27T14:31:20,2015,11,-55.4869224368253,178.335566960291,,MachineObservation,,
88728_Eden2009:deployment:0785166,2008-11-23T22:51:00,2008,11,-51.4922207907188,155.036964783804,,MachineObservation,,
13440_88727:deployment:0777143,2015-12-01T04:30:50,2015,12,-63.5324792527064,179.517351009181,,MachineObservation,,
88733_Eden2009:deployment:0787882,2008-11-18T03:00:00,2008,11,-50.7343117929246,164.563847284872,,MachineObservation,,
88741_Eden2009:deployment:0789188,2008-12-06T11:13:00,2008,12,-54.2497086537555,170.536006153125,,MachineObservation,,
88741_Eden2009:deployment:0789509,2009-01-02T05:13:00,2009,1,-62.5138428697771,158.940794743361,,MachineObservation,,
88718_Eden2009:deployment:0782598,2008-12-26T00:34:00,2008,12,-53.3316468083455,163.002750535775,,MachineObservation,,
88728_Eden2009:deployment:0785593,2008-12-29T12:51:00,2008,12,-61.8862046146866,155.595373025481,,MachineObservation,,
88728_Eden2009:deployment:0785230,2008-11-29T06:51:00,2008,11,-54.7927916720531,156.891642135832,,MachineObservation,,
88728_Eden2009:deployment:0785123,2008-11-20T08:51:00,2008,11,-48.9691619706024,152.356284639848,,MachineObservation,,
13440_131190:deployment:0776236,2015-11-24T06:31:20,2015,11,-51.9432352851504,177.426118560462,,MachineObservation,,
88741_Eden2009:deployment:0789759,2009-01-23T01:13:00,2009,1,-63.920180925554,160.028047120617,,MachineObservation,,
75270,2019-03-30T14:01:30,2019,3,-45.758165,170.768577,1,HumanObservation,Happywhale - Humpback whale in South Pacific Ocean,Happywhale.com
88738_Eden2009:deployment:0788480,2008-11-29T19:06:00,2008,11,-57.913737728554,153.109121201728,,MachineObservation,,
88728_Eden2009:deployment:0785170,2008-11-24T06:51:00,2008,11,-51.6213126342363,155.158793956033,,MachineObservation,,
88725_Eden2009:deployment:0784619,2008-12-21T16:04:00,2008,12,-62.8052118994148,157.780107826914,,MachineObservation,,
218728,2008-01-09T06:15:59,2008,1,-64.14,80.01,1,HumanObservation,Happywhale - Humpback whale in Southern Ocean,Happywhale.com
urn:catalog:AADC:WC:5606,1934-01-01 00:00:00+00,1934,1,-62.5,85.5,1,HumanObservation,,AADC
36667291,2019-06-23T05:04:00+01:00,2019,06,-45.77206589,170.7545127,,HumanObservation,iNaturalist research-grade observations,iNaturalist
88738_Eden2009:deployment:0788456,2008-11-27T19:06:00,2008,11,-55.3174811248864,153.359471004535,,MachineObservation,,
88733_Eden2009:deployment:0787928,2008-11-21T23:00:00,2008,11,-54.144986573219,168.245729367782,,MachineObservation,,
98129_JIP2010:deployment:0792537,2011-01-27T14:44:00,2011,1,-64.9409431572357,165.169252252373,,MachineObservation,,
urn:catalog:AADC:SOWS:SOWS-92717,2001-01-09 00:00:00Z,2001,1,-59.639,98.316,1,HumanObservation,,AADC
88741_Eden2009:deployment:0789261,2008-12-12T13:13:00,2008,12,-59.3611701967647,168.033558077015,,MachineObservation,,
64235_JIP2010:deployment:0781411,2010-11-21T05:10:00,2010,11,-58.9497632886409,157.679351565284,,MachineObservation,,
13440_131178:deployment:0769176,2015-12-02T07:30:49,2015,12,-49.5689296142262,176.824138166666,,MachineObservation,,
88741_Eden2009:deployment:0789094,2008-11-28T15:13:00,2008,11,-48.4065418890543,168.350607487274,,MachineObservation,,
88732_Eden2009:deployment:0787581,2008-11-27T07:33:00,2008,11,-50.6052207953402,163.492287283101,,MachineObservation,,
98114_JIP2010:deployment:0791210,2010-12-02T16:15:00,2010,12,-61.114906845336,157.864468387093,,MachineObservation,,
98114_JIP2010:deployment:0791225,2010-12-03T22:15:00,2010,12,-61.3247911482462,157.630086519103,,MachineObservation,,
13440_131190:deployment:0776334,2015-12-02T10:31:20,2015,12,-58.2894885556195,178.957655635344,,MachineObservation,,
88728_Eden2009:deployment:0785280,2008-12-03T10:51:00,2008,12,-57.4031058419311,156.731704393764,,MachineObservation,,
urn:catalog:AADC:SOWS:SOWS-92738,2001-01-11 00:00:00Z,2001,1,-63.152,83.955,2,HumanObservation,,AADC
88738_Eden2009:deployment:0788645,2008-12-13T13:06:00,2008,12,-63.6086663665762,150.225406432223,,MachineObservation,,
88733_Eden2009:deployment:0787797,2008-11-11T01:00:00,2008,11,-47.1681249321759,156.476172268175,,MachineObservation,,
98129_JIP2010:deployment:0791981,2010-12-12T06:44:00,2010,12,-50.829711883838,157.145090176701,,MachineObservation,,
88718_Eden2009:deployment:0782538,2008-12-21T00:34:00,2008,12,-48.7960937761895,157.464967770879,,MachineObservation,,
88741_Eden2009:deployment:0789710,2009-01-18T23:13:00,2009,1,-63.0200702563261,155.854621920821,,MachineObservation,,
13440_88727:deployment:0777131,2015-11-30T04:30:50,2015,11,-63.3388278960251,179.342233138349,,MachineObservation,,
88725_Eden2009:deployment:0784609,2008-12-20T20:04:00,2008,12,-62.8257271045852,157.877056098621,,MachineObservation,,
https://www.inaturalist.org/observations/250092040,2017-02-11T23:49:00+08:00,,,-64.40076,118.49748,,HumanObservation,iNaturalist research-grade observations,iNaturalist
88725_Eden2009:deployment:0784699,2008-12-28T08:04:00,2008,12,-63.1140345569175,155.446201273994,,MachineObservation,,
88741_Eden2009:deployment:0789560,2009-01-06T11:13:00,2009,1,-62.4169456778529,157.769585421901,,MachineObservation,,
88741_Eden2009:deployment:0789231,2008-12-10T01:13:00,2008,12,-57.0717409008647,169.797458186716,,MachineObservation,,
98114_JIP2010:deployment:0790982,2010-11-13T16:15:00,2010,11,-47.21972590459,160.304934025725,,MachineObservation,,
88741_Eden2009:deployment:0789061,2008-11-25T21:13:00,2008,11,-46.0402791069879,166.217461662963,,MachineObservation,,
88732_Eden2009:deployment:0787530,2008-11-23T01:33:00,2008,11,-46.6273125244536,165.071543421391,,MachineObservation,,
88729_Eden2009:deployment:0786590,2008-12-17T00:40:00,2008,12,-63.2907874282818,119.676104076982,,MachineObservation,,
88741_Eden2009:deployment:0790115,2009-02-21T17:13:00,2009,2,-64.8086875847915,164.267295814742,,MachineObservation,,
88723_Eden2009:deployment:0783823,2009-01-04T19:02:00,2009,1,-63.3926129684903,167.474228490089,,MachineObservation,,
64235_JIP2010:deployment:0781468,2010-11-25T23:10:00,2010,11,-60.576807906491,157.909584492749,,MachineObservation,,
urn:catalog:AADC:WC:5797,1938-01-01 00:00:00+00,1938,1,-57.5,82.5,1,HumanObservation,,AADC
88741_Eden2009:deployment:0789148,2008-12-03T03:13:00,2008,12,-51.0160795345886,170.689338363165,,MachineObservation,,
13440_131178:deployment:0769079,2015-11-24T05:30:49,2015,11,-47.7677005195071,177.060793039786,,MachineObservation,,
98129_JIP2010:deployment:0792030,2010-12-16T08:44:00,2010,12,-53.3174553122446,159.909909250087,,MachineObservation,,
280879,2021-11-24T16:04:04,2021,11,-45.46,166.71,1,HumanObservation,Happywhale - Humpback whale in South Pacific Ocean,Happywhale.com
88723_Eden2009:deployment:0783713,2008-12-26T15:02:00,2008,12,-63.3320166188672,169.695982352903,,MachineObservation,,
urn:catalog:AADC:WC:5608,1934-01-01 00:00:00+00,1934,1,-63.5,81.5,1,HumanObservation,,AADC
88741_Eden2009:deployment:0789352,2008-12-20T03:13:00,2008,12,-61.9736484262655,163.955207736454,,MachineObservation,,
88728_Eden2009:deployment:0785578,2008-12-28T06:51:00,2008,12,-61.9775501850148,155.145139456326,,MachineObservation,,
88729_Eden2009:deployment:0786719,2008-12-27T18:40:00,2008,12,-63.6274225843342,119.746419207145,,MachineObservation,,
urn:catalog:AADC:WC:5649,1935-01-01 00:00:00+00,1935,1,-60.5,85.5,17,HumanObservation,,AADC
88741_Eden2009:deployment:0789132,2008-12-01T19:13:00,2008,12,-50.156006230206,170.20649728346,,MachineObservation,,
13440_131178:deployment:0769373,2015-12-18T17:30:49,2015,12,-60.9386384166386,179.814295192623,,MachineObservation,,
626178,2026-01-10T19:28:17,2026,1,-61.53526,159.94967,1,HumanObservation,Happywhale - Humpback whale in Southern Ocean,Happywhale.com
88725_Eden2009:deployment:0784489,2008-12-10T20:04:00,2008,12,-59.7213397724107,157.344615575874,,MachineObservation,,
13440_131178:deployment:0769338,2015-12-15T19:30:49,2015,12,-57.8619623275493,177.836185588685,,MachineObservation,,
88718_Eden2009:deployment:0782628,2008-12-28T12:34:00,2008,12,-55.9789147342136,166.962390711195,,MachineObservation,,
urn:catalog:AADC:SOWS:SOWS-92907,2001-03-02 00:00:00Z,2001,3,-61.892,97.39,3,HumanObservation,,AADC
98129_JIP2010:deployment:0792160,2010-12-27T04:44:00,2010,12,-57.788029177798,168.734118116458,,MachineObservation,,
98114_JIP2010:deployment:0791281,2010-12-08T14:15:00,2010,12,-62.068689387829,157.731377046642,,MachineObservation,,
88728_Eden2009:deployment:0785824,2009-01-17T18:51:00,2009,1,-63.9998433948824,161.633003835771,,MachineObservation,,
98129_JIP2010:deployment:0792032,2010-12-16T12:44:00,2010,12,-53.4055894839919,160.097139963065,,MachineObservation,,
88733_Eden2009:deployment:0787773,2008-11-09T01:00:00,2008,11,-46.1705674145165,154.439867023463,,MachineObservation,,
88741_Eden2009:deployment:0789750,2009-01-22T07:13:00,2009,1,-63.349502852455,159.020552832025,,MachineObservation,,
88729_Eden2009:deployment:0787057,2009-01-24T22:40:00,2009,1,-63.0045140116404,103.381452058954,,MachineObservation,,
64235_JIP2010:deployment:0781393,2010-11-19T17:10:00,2010,11,-56.7159511160837,156.414989932385,,MachineObservation,,
88741_Eden2009:deployment:0789437,2008-12-27T05:13:00,2008,12,-63.6931225471036,162.498021933004,,MachineObservation,,
88723_Eden2009:deployment:0783552,2008-12-13T05:02:00,2008,12,-52.58469972609,171.247377054597,,MachineObservation,,
urn:catalog:AADC:SOWS:SOWS-93525,1998-02-03 12:40:00Z,1998,2,-60.123,90.6063,2,HumanObservation,,AADC
88738_Eden2009:deployment:0788497,2008-12-01T05:06:00,2008,12,-59.2707225281553,152.14506070227,,MachineObservation,,
88738_Eden2009:deployment:0788378,2008-11-21T07:06:00,2008,11,-47.9087339670984,148.554990872571,,MachineObservation,,
98114_JIP2010:deployment:0791162,2010-11-28T16:15:00,2010,11,-60.9199292453125,158.11823426512,,MachineObservation,,
88741_Eden2009:deployment:0789842,2009-01-29T23:13:00,2009,1,-64.7826537335259,161.978811933395,,MachineObservation,,
885_4366,1785/1913,,5,-47.75122,168.65297,1,HumanObservation,Historical distribution of whales shown by logbook records 1785-1913,Wildlife Conservation Society
88741_Eden2009:deployment:0789631,2009-01-12T09:13:00,2009,1,-62.6291947502792,156.031602809691,,MachineObservation,,
urn:catalog:AADC:WC:5952,1952-01-01 00:00:00+00,1952,1,-62.5,88.5,91,HumanObservation,,AADC
88732_Eden2009:deployment:0787398,2008-11-12T01:33:00,2008,11,-45.3836692085802,161.762818266567,,MachineObservation,,
98114_JIP2010:deployment:0791026,2010-11-17T08:15:00,2010,11,-51.9492223189998,159.493665876017,,MachineObservation,,
88723_Eden2009:deployment:0783927,2009-01-13T11:02:00,2009,1,-64.2620922972389,168.819732675832,,MachineObservation,,
88741_Eden2009:deployment:0789176,2008-12-05T11:13:00,2008,12,-53.1578286477428,170.568546157889,,MachineObservation,,
98114_JIP2010:deployment:0790960,2010-11-11T20:15:00,2010,11,-45.2774619165662,160.089292513674,,MachineObservation,,
88718_Eden2009:deployment:0782501,2008-12-17T22:34:00,2008,12,-46.4202420727462,153.789773129103,,MachineObservation,,
88728_Eden2009:deployment:0785253,2008-12-01T04:51:00,2008,12,-55.8929905432266,156.471966657216,,MachineObservation,,
88741_Eden2009:deployment:0789508,2009-01-02T03:13:00,2009,1,-62.5359695606455,159.012148037456,,MachineObservation,,
88741_Eden2009:deployment:0789063,2008-11-26T01:13:00,2008,11,-46.1914621776115,166.341295209163,,MachineObservation,,
64235_JIP2010:deployment:0781385,2010-11-19T01:10:00,2010,11,-55.7379369209999,155.589760512713,,MachineObservation,,
88741_Eden2009:deployment:0789473,2008-12-30T05:13:00,2008,12,-63.0232424384183,160.521936672123,,MachineObservation,,
88729_Eden2009:deployment:0786322,2008-11-24T16:40:00,2008,11,-52.0675411664565,131.950509616195,,MachineObservation,,
88723_Eden2009:deployment:0783733,2008-12-28T07:02:00,2008,12,-63.172898280229,169.518620797129,,MachineObservation,,
64235_JIP2010:deployment:0781503,2010-11-28T21:10:00,2010,11,-61.0323317264409,157.864658400639,,MachineObservation,,
88732_Eden2009:deployment:0787496,2008-11-20T05:33:00,2008,11,-45.8003867771596,164.337394100914,,MachineObservation,,
98129_JIP2010:deployment:0792033,2010-12-16T14:44:00,2010,12,-53.4542300302842,160.183947088422,,MachineObservation,,
88725_Eden2009:deployment:0784580,2008-12-18T10:04:00,2008,12,-62.8293152318215,157.368073890062,,MachineObservation,,
urn:catalog:AADC:WC:5912,1939-01-01 00:00:00+00,1939,1,-62.5,99.5,2,HumanObservation,,AADC
88741_Eden2009:deployment:0789217,2008-12-08T21:13:00,2008,12,-55.8239449222216,170.27823540049,,MachineObservation,,
88738_Eden2009:deployment:0788489,2008-11-30T13:06:00,2008,11,-58.851004068818,153.098921245664,,MachineObservation,,
88718_Eden2009:deployment:0782530,2008-12-20T08:34:00,2008,12,-48.3168453776145,156.413146775602,,MachineObservation,,
88741_Eden2009:deployment:0789331,2008-12-18T09:13:00,2008,12,-61.9813121742414,164.289679666642,,MachineObservation,,
88729_Eden2009:deployment:0786681,2008-12-24T14:40:00,2008,12,-63.330941011496,119.807390600826,,MachineObservation,,
88718_Eden2009:deployment:0782562,2008-12-23T00:34:00,2008,12,-51.0536870602959,160.375157417745,,MachineObservation,,
13440_131178:deployment:0769188,2015-12-03T07:30:49,2015,12,-49.9925504508938,176.66520311912,,MachineObservation,,
88741_Eden2009:deployment:0789085,2008-11-27T21:13:00,2008,11,-47.7647385040712,167.648737141817,,MachineObservation,,
88738_Eden2009:deployment:0788582,2008-12-08T07:06:00,2008,12,-62.6544552457326,150.383124650553,,MachineObservation,,
urn:catalog:AADC:SOWS:SOWS-92821,2001-01-30 00:00:00Z,2001,1,-63.566,99.868,1,HumanObservation,,AADC
88723_Eden2009:deployment:0783775,2008-12-31T19:02:00,2008,12,-62.9881300662965,169.483462548385,,MachineObservation,,
88728_Eden2009:deployment:0785221,2008-11-28T12:51:00,2008,11,-54.394228313159,157.067808184845,,MachineObservation,,
88723_Eden2009:deployment:0783579,2008-12-15T11:02:00,2008,12,-55.0971898205253,173.392690313375,,MachineObservation,,
88728_Eden2009:deployment:0785934,2009-01-26T22:51:00,2009,1,-64.1785591276116,158.186911466148,,MachineObservation,,
88729_Eden2009:deployment:0786861,2009-01-08T14:40:00,2009,1,-64.6601273365846,120.426170564337,,MachineObservation,,
88728_Eden2009:deployment:0785941,2009-01-27T12:51:00,2009,1,-64.3285097435472,157.918719991445,,MachineObservation,,
88741_Eden2009:deployment:0789762,2009-01-23T07:13:00,2009,1,-64.1956908262806,160.226833722336,,MachineObservation,,
98114_JIP2010:deployment:0791183,2010-11-30T10:15:00,2010,11,-61.0235552565783,158.042882408752,,MachineObservation,,
88738_Eden2009:deployment:0788468,2008-11-28T19:06:00,2008,11,-56.5489914278411,153.547265618344,,MachineObservation,,
98114_JIP2010:deployment:0791049,2010-11-19T06:15:00,2010,11,-53.869260886491,159.436321820342,,MachineObservation,,
urn:catalog:AADC:WC:5669,1935-01-01 00:00:00+00,1935,1,-61.5,87.5,58,HumanObservation,,AADC
88728_Eden2009:deployment:0785832,2009-01-18T10:51:00,2009,1,-64.3711598383728,162.99599843707,,MachineObservation,,
88733_Eden2009:deployment:0787931,2008-11-22T05:00:00,2008,11,-54.3828552679496,168.497216166166,,MachineObservation,,
88729_Eden2009:deployment:0786568,2008-12-15T04:40:00,2008,12,-63.004942713857,119.506085887483,,MachineObservation,,
88725_Eden2009:deployment:0784472,2008-12-09T10:04:00,2008,12,-57.9723988597514,157.860946341195,,MachineObservation,,
88728_Eden2009:deployment:0785786,2009-01-14T14:51:00,2009,1,-63.7189396491567,159.153908164969,,MachineObservation,,
88728_Eden2009:deployment:0785401,2008-12-13T12:51:00,2008,12,-61.9973921257218,157.030688420655,,MachineObservation,,
88729_Eden2009:deployment:0786482,2008-12-08T00:40:00,2008,12,-61.2397942438753,120.143774180339,,MachineObservation,,
13440_131178:deployment:0769140,2015-11-29T07:30:49,2015,11,-49.3512832652551,177.034027180585,,MachineObservation,,
98129_JIP2010:deployment:0792075,2010-12-20T02:44:00,2010,12,-53.9162477356819,163.047335164135,,MachineObservation,,
88729_Eden2009:deployment:0786509,2008-12-10T06:40:00,2008,12,-62.3768685775359,118.868986140812,,MachineObservation,,
88732_Eden2009:deployment:0787490,2008-11-19T17:33:00,2008,11,-45.8425434596636,164.127206274744,,MachineObservation,,
13440_131178:deployment:0769063,2015-11-22T21:30:49,2015,11,-47.2124215482284,177.401603194927,,MachineObservation,,
88738_Eden2009:deployment:0788349,2008-11-18T21:06:00,2008,11,-45.1075456015828,146.933036850052,,MachineObservation,,
88725_Eden2009:deployment:0784493,2008-12-11T04:04:00,2008,12,-60.0857586667917,156.844707757422,,MachineObservation,,
88738_Eden2009:deployment:0788544,2008-12-05T03:06:00,2008,12,-59.9230494051086,150.155023586006,,MachineObservation,,
88738_Eden2009:deployment:0788522,2008-12-03T07:06:00,2008,12,-59.9693299245574,150.99591355838,,MachineObservation,,
88741_Eden2009:deployment:0789115,2008-11-30T09:13:00,2008,11,-49.359553150054,169.392385858228,,MachineObservation,,
88738_Eden2009:deployment:0788684,2008-12-16T19:06:00,2008,12,-63.8454252935834,149.290197972802,,MachineObservation,,
218697,2008-01-02T16:54:38,2008,1,-63.33,112.54,1,HumanObservation,Happywhale - Humpback whale in Southern Ocean,Happywhale.com
88718_Eden2009:deployment:0782643,2008-12-29T18:34:00,2008,12,-57.2763440423231,169.6689209144,,MachineObservation,,
88723_Eden2009:deployment:0783670,2008-12-23T01:02:00,2008,12,-63.0615861682282,170.618109389997,,MachineObservation,,
88725_Eden2009:deployment:0784637,2008-12-23T04:04:00,2008,12,-62.8053524608954,158.026871132036,,MachineObservation,,
64235_JIP2010:deployment:0781317,2010-11-13T09:10:00,2010,11,-49.7679005320981,152.373665758748,,MachineObservation,,
13440_131190:deployment:0776373,2015-12-05T16:31:20,2015,12,-60.6046699514516,177.994135409586,,MachineObservation,,
98129_JIP2010:deployment:0791984,2010-12-12T12:44:00,2010,12,-51.0701563560081,157.279086210067,,MachineObservation,,
88728_Eden2009:deployment:0785685,2009-01-06T04:51:00,2009,1,-62.2147386139237,154.619404586968,,MachineObservation,,
88741_Eden2009:deployment:0789328,2008-12-18T03:13:00,2008,12,-62.0461812787465,164.307347959366,,MachineObservation,,
88728_Eden2009:deployment:0785709,2009-01-08T04:51:00,2009,1,-62.3973343331135,154.400218843977,,MachineObservation,,
88725_Eden2009:deployment:0784862,2009-01-10T22:04:00,2009,1,-62.1756053174536,150.31374645815,,MachineObservation,,
13440_131190:deployment:0776416,2015-12-09T06:31:20,2015,12,-62.2017251688105,176.564569164381,,MachineObservation,,
88732_Eden2009:deployment:0787424,2008-11-14T05:33:00,2008,11,-45.789076373548,163.91101047719,,MachineObservation,,
218724,2008-01-07,2008,1,-62.47,87.04,1,HumanObservation,Happywhale - Humpback whale in Southern Ocean,Happywhale.com
88725_Eden2009:deployment:0784578,2008-12-18T06:04:00,2008,12,-62.8022018365801,157.269164172803,,MachineObservation,,
88738_Eden2009:deployment:0788502,2008-12-01T15:06:00,2008,12,-59.5015846408463,151.805502176418,,MachineObservation,,
13440_131178:deployment:0769311,2015-12-13T13:30:49,2015,12,-55.8185186550919,177.012325608782,,MachineObservation,,
88741_Eden2009:deployment:0789779,2009-01-24T17:13:00,2009,1,-64.2015568505588,160.879837194768,,MachineObservation,,
88741_Eden2009:deployment:0789520,2009-01-03T03:13:00,2009,1,-62.5978176183014,158.329220820547,,MachineObservation,,
88741_Eden2009:deployment:0789612,2009-01-10T19:13:00,2009,1,-62.4896084534466,158.164966575593,,MachineObservation,,
13440_131190:deployment:0776321,2015-12-01T08:31:20,2015,12,-57.2073055529798,178.595995785201,,MachineObservation,,
98129_JIP2010:deployment:0792070,2010-12-19T16:44:00,2010,12,-53.7466619120464,162.871557829153,,MachineObservation,,
88728_Eden2009:deployment:0785200,2008-11-26T18:51:00,2008,11,-53.1284141342171,156.25479471732,,MachineObservation,,
88728_Eden2009:deployment:0785402,2008-12-13T14:51:00,2008,12,-61.9860504903748,156.983315110393,,MachineObservation,,
88733_Eden2009:deployment:0787921,2008-11-21T09:00:00,2008,11,-53.5172748952937,167.685713350709,,MachineObservation,,
98129_JIP2010:deployment:0792277,2011-01-05T22:44:00,2011,1,-64.2521725057813,170.410464189848,,MachineObservation,,
88723_Eden2009:deployment:0783846,2009-01-06T17:02:00,2009,1,-63.1271651392199,167.983307221934,,MachineObservation,,
98129_JIP2010:deployment:0791886,2010-12-04T08:44:00,2010,12,-47.2318491714366,148.954416413463,,MachineObservation,,
88718_Eden2009:deployment:0782599,2008-12-26T02:34:00,2008,12,-53.4448736668532,163.099267734192,,MachineObservation,,
88729_Eden2009:deployment:0786414,2008-12-02T08:40:00,2008,12,-57.8578083612798,123.931272776846,,MachineObservation,,
88733_Eden2009:deployment:0788036,2008-11-30T23:00:00,2008,11,-60.7803635417758,174.743614516839,,MachineObservation,,
88729_Eden2009:deployment:0787060,2009-01-25T04:40:00,2009,1,-62.9003562433645,103.398296322951,,MachineObservation,,
urn:catalog:AADC:WC:5777,1937-01-01 00:00:00+00,1937,1,-62.5,88.5,6,HumanObservation,,AADC
urn:catalog:AADC:WC:5690,1935-01-01 00:00:00+00,1935,1,-64.5,81.5,2,HumanObservation,,AADC
88741_Eden2009:deployment:0789079,2008-11-27T09:13:00,2008,11,-47.3212178254347,167.294200980529,,MachineObservation,,
NZHB-203,1999-05-04,,,-46.1833,165.8833,1,HumanObservation,Humpback whale sightings around New Zealand 1970-1999,DoC
urn:catalog:AADC:WC:5875,1939-01-01 00:00:00+00,1939,1,-58.5,94.5,2,HumanObservation,,AADC
88741_Eden2009:deployment:0789555,2009-01-06T01:13:00,2009,1,-62.4336168645401,157.894030490578,,MachineObservation,,
88728_Eden2009:deployment:0785329,2008-12-07T12:51:00,2008,12,-61.3176913239955,156.263085160702,,MachineObservation,,
88725_Eden2009:deployment:0784748,2009-01-01T10:04:00,2009,1,-62.3255905976272,152.83079450117,,MachineObservation,,
88741_Eden2009:deployment:0789770,2009-01-23T23:13:00,2009,1,-64.4096534611711,160.459914440981,,MachineObservation,,
88723_Eden2009:deployment:0783882,2009-01-09T17:02:00,2009,1,-63.5856782452796,168.519537866094,,MachineObservation,,
13440_131190:deployment:0776476,2015-12-14T06:31:20,2015,12,-63.4855216112864,178.000774600992,,MachineObservation,,
13440_131190:deployment:0776398,2015-12-07T18:31:20,2015,12,-61.5859894919033,177.690293217831,,MachineObservation,,
88728_Eden2009:deployment:0785568,2008-12-27T10:51:00,2008,12,-62.3692217847602,156.118752816241,,MachineObservation,,
98129_JIP2010:deployment:0791944,2010-12-09T04:44:00,2010,12,-48.9576308908473,153.814935318749,,MachineObservation,,
88741_Eden2009:deployment:0789546,2009-01-05T07:13:00,2009,1,-62.3782895709491,157.833774724754,,MachineObservation,,
urn:catalog:AADC:WC:5872,1939-01-01 00:00:00+00,1939,1,-57.5,99.5,5,HumanObservation,,AADC
88728_Eden2009:deployment:0785691,2009-01-06T16:51:00,2009,1,-62.2059490865681,154.853546665344,,MachineObservation,,
urn:catalog:AADC:SOWS:SOWS-93598,1996-01-24 00:31:00Z,1996,1,-59.746,120.3139,2,HumanObservation,,AADC
88723_Eden2009:deployment:0783912,2009-01-12T05:02:00,2009,1,-64.1042618701941,168.573454342551,,MachineObservation,,
88732_Eden2009:deployment:0787476,2008-11-18T13:33:00,2008,11,-45.9637404843992,164.074662958873,,MachineObservation,,
88729_Eden2009:deployment:0786539,2008-12-12T18:40:00,2008,12,-62.8546057498102,119.264704078234,,MachineObservation,,
88741_Eden2009:deployment:0789310,2008-12-16T15:13:00,2008,12,-62.191590181099,164.488591057065,,MachineObservation,,
urn:catalog:AADC:SOWS:SOWS-92720,2001-01-09 00:00:00Z,2001,1,-59.698,98.083,2,HumanObservation,,AADC
88732_Eden2009:deployment:0787422,2008-11-14T01:33:00,2008,11,-45.7770289080098,163.783631379631,,MachineObservation,,
88723_Eden2009:deployment:0783654,2008-12-21T17:02:00,2008,12,-62.6374819776062,170.966806246894,,MachineObservation,,
88732_Eden2009:deployment:0787481,2008-11-18T23:33:00,2008,11,-45.9086288752474,164.116979978821,,MachineObservation,,
88718_Eden2009:deployment:0782555,2008-12-22T10:34:00,2008,12,-50.1344111820484,159.659715636214,,MachineObservation,,
13440_131190:deployment:0776192,2015-11-20T14:31:20,2015,11,-49.4753010155785,179.181528284273,,MachineObservation,,
88729_Eden2009:deployment:0786878,2009-01-10T00:40:00,2009,1,-64.3373332772,119.012081411206,,MachineObservation,,
88741_Eden2009:deployment:0789695,2009-01-17T17:13:00,2009,1,-62.4439010567185,155.897820785738,,MachineObservation,,
88733_Eden2009:deployment:0787863,2008-11-16T13:00:00,2008,11,-49.6392651328277,162.718731132751,,MachineObservation,,
88725_Eden2009:deployment:0784552,2008-12-16T02:04:00,2008,12,-62.3395831270917,156.375973390476,,MachineObservation,,
88723_Eden2009:deployment:0783588,2008-12-16T05:02:00,2008,12,-56.0428673955778,173.298000986596,,MachineObservation,,
88725_Eden2009:deployment:0784434,2008-12-06T06:04:00,2008,12,-53.974661876449,154.473948072537,,MachineObservation,,
88738_Eden2009:deployment:0788758,2008-12-22T23:06:00,2008,12,-64.3034062687612,148.313647327107,,MachineObservation,,
88738_Eden2009:deployment:0788366,2008-11-20T07:06:00,2008,11,-46.7070958395488,147.922958183168,,MachineObservation,,
64235_JIP2010:deployment:0781476,2010-11-26T15:10:00,2010,11,-60.705029052157,157.982450894873,,MachineObservation,,
98114_JIP2010:deployment:0791064,2010-11-20T12:15:00,2010,11,-55.5446985843994,159.429372813869,,MachineObservation,,
88732_Eden2009:deployment:0787467,2008-11-17T19:33:00,2008,11,-45.952481012297,164.095730103075,,MachineObservation,,
88718_Eden2009:deployment:0782684,2009-01-02T04:34:00,2009,1,-60.3977960491246,174.163725291558,,MachineObservation,,
88728_Eden2009:deployment:0785104,2008-11-18T18:51:00,2008,11,-47.4972149279007,151.918245924162,,MachineObservation,,
88718_Eden2009:deployment:0782674,2009-01-01T08:34:00,2009,1,-59.5796052039668,173.227069596062,,MachineObservation,,
13440_131190:deployment:0776498,2015-12-16T02:31:20,2015,12,-63.736294497563,179.431511250839,,MachineObservation,,
88728_Eden2009:deployment:0785101,2008-11-18T12:51:00,2008,11,-47.3119389673829,151.987450178843,,MachineObservation,,
88741_Eden2009:deployment:0789314,2008-12-16T23:13:00,2008,12,-62.2072607107328,164.44322471362,,MachineObservation,,
13440_131178:deployment:0769294,2015-12-12T03:30:49,2015,12,-54.5549637419739,176.94847073709,,MachineObservation,,
64235_JIP2010:deployment:0781304,2010-11-12T07:10:00,2010,11,-49.111958328942,150.770012004827,,MachineObservation,,
NZHB-177,1997-07-13,,,-45.3833,166.7667,2,HumanObservation,Humpback whale sightings around New Zealand 1970-1999,DoC
88738_Eden2009:deployment:0788512,2008-12-02T11:06:00,2008,12,-59.8290449274051,151.135368324523,,MachineObservation,,
88741_Eden2009:deployment:0789327,2008-12-18T01:13:00,2008,12,-62.0663530136113,164.310833338341,,MachineObservation,,
88729_Eden2009:deployment:0786427,2008-12-03T10:40:00,2008,12,-58.9384083892867,122.639868990998,,MachineObservation,,
13440_131178:deployment:0769224,2015-12-06T07:30:49,2015,12,-50.7876409260714,177.964203610267,,MachineObservation,,
88729_Eden2009:deployment:0786365,2008-11-28T06:40:00,2008,11,-54.9160583727492,129.209036688814,,MachineObservation,,
88723_Eden2009:deployment:0783509,2008-12-09T15:02:00,2008,12,-48.9884443895362,168.386877360655,,MachineObservation,,
urn:catalog:AADC:SOWS:SOWS-92574,2002-02-05 04:57:00Z,2002,2,-62.58,93.91,1,HumanObservation,,AADC
88741_Eden2009:deployment:0789544,2009-01-05T03:13:00,2009,1,-62.3956060390228,157.74450813303,,MachineObservation,,
88733_Eden2009:deployment:0787874,2008-11-17T11:00:00,2008,11,-50.2278840635708,163.968178209719,,MachineObservation,,
88718_Eden2009:deployment:0782644,2008-12-29T20:34:00,2008,12,-57.3808763011833,169.801649050205,,MachineObservation,,
88741_Eden2009:deployment:0789202,2008-12-07T15:13:00,2008,12,-55.3815938032328,171.070878533812,,MachineObservation,,
13440_131190:deployment:0776408,2015-12-08T14:31:20,2015,12,-61.7468091816203,177.414202451262,,MachineObservation,,
88729_Eden2009:deployment:0786824,2009-01-05T12:40:00,2009,1,-64.5894311812952,120.855531632813,,MachineObservation,,
88733_Eden2009:deployment:0787996,2008-11-27T15:00:00,2008,11,-58.0496568833724,172.683970721515,,MachineObservation,,
urn:catalog:AADC:WC:5891,1939-01-01 00:00:00+00,1939,1,-60.5,97.5,2,HumanObservation,,AADC
88741_Eden2009:deployment:0789692,2009-01-17T11:13:00,2009,1,-62.4556615055733,155.641273080772,,MachineObservation,,
in2017_v01_09301,2017-01-27T08:55:00Z,,,-64.56917,115.16833,5,HumanObservation,,Macquarie University
88729_Eden2009:deployment:0786971,2009-01-17T18:40:00,2009,1,-63.2290170004778,109.92913581554,,MachineObservation,,
88738_Eden2009:deployment:0788595,2008-12-09T09:06:00,2008,12,-62.9404074309304,150.306730599504,,MachineObservation,,
98114_JIP2010:deployment:0791148,2010-11-27T12:15:00,2010,11,-60.7775906424,158.380772289363,,MachineObservation,,
88729_Eden2009:deployment:0786639,2008-12-21T02:40:00,2008,12,-63.2611337232266,119.828697793798,,MachineObservation,,
88728_Eden2009:deployment:0785385,2008-12-12T04:51:00,2008,12,-62.0487107074248,156.958486373777,,MachineObservation,,
88729_Eden2009:deployment:0786331,2008-11-25T10:40:00,2008,11,-52.54680454283,131.733311987594,,MachineObservation,,
urn:catalog:AADC:WC:5781,1937-01-01 00:00:00+00,1937,1,-62.5,92.5,22,HumanObservation,,AADC
urn:catalog:AADC:WC:5600,1934-01-01 00:00:00+00,1934,1,-60.5,80.5,2,HumanObservation,,AADC
urn:catalog:AADC:WOV:WOV-178920,2003-01-12 08:18:00+00,2003,1,-62.0602,98.8417,2,HumanObservation,,AADC
88723_Eden2009:deployment:0783471,2008-12-06T11:02:00,2008,12,-45.1179320705843,166.616529944751,,MachineObservation,,
88732_Eden2009:deployment:0787567,2008-11-26T03:33:00,2008,11,-49.5703612489232,163.979883393029,,MachineObservation,,
13440_131190:deployment:0776302,2015-11-29T18:31:20,2015,11,-56.3055398063688,178.378990405965,,MachineObservation,,
88729_Eden2009:deployment:0786499,2008-12-09T10:40:00,2008,12,-62.062315171685,118.938326648578,,MachineObservation,,
88732_Eden2009:deployment:0787553,2008-11-24T23:33:00,2008,11,-48.4033271267226,164.72296119667,,MachineObservation,,
88729_Eden2009:deployment:0786468,2008-12-06T20:40:00,2008,12,-60.7122558798633,120.979086268151,,MachineObservation,,
88728_Eden2009:deployment:0785302,2008-12-05T06:51:00,2008,12,-58.9045434826253,156.609811924245,,MachineObservation,,
88728_Eden2009:deployment:0785978,2009-01-30T14:51:00,2009,1,-64.7893118202252,158.380507031077,,MachineObservation,,
88728_Eden2009:deployment:0785124,2008-11-20T10:51:00,2008,11,-49.0404419867883,152.380259361933,,MachineObservation,,
98129_JIP2010:deployment:0791908,2010-12-06T04:44:00,2010,12,-47.5008163460396,150.725971111916,,MachineObservation,,
88732_Eden2009:deployment:0787411,2008-11-13T03:33:00,2008,11,-45.6399928250653,162.923052000161,,MachineObservation,,
88723_Eden2009:deployment:0783563,2008-12-14T03:02:00,2008,12,-53.5785375679937,171.880946711146,,MachineObservation,,
98129_JIP2010:deployment:0791861,2010-12-02T06:44:00,2010,12,-46.3291518193873,148.002846184622,,MachineObservation,,
88741_Eden2009:deployment:0789783,2009-01-25T01:13:00,2009,1,-64.0453025247089,160.87811262736,,MachineObservation,,
13440_131190:deployment:0776311,2015-11-30T12:31:20,2015,11,-56.604354353107,178.352093705434,,MachineObservation,,
88741_Eden2009:deployment:0789339,2008-12-19T01:13:00,2008,12,-61.8775837774151,164.239202624833,,MachineObservation,,
64235_JIP2010:deployment:0781373,2010-11-18T01:10:00,2010,11,-54.7033268779236,155.09461395235,,MachineObservation,,
88741_Eden2009:deployment:0790326,2009-03-11T07:13:00,2009,3,-64.345462889028,163.7262372475,,MachineObservation,,
88728_Eden2009:deployment:0785069,2008-11-15T20:51:00,2008,11,-45.6475016810613,151.323686388657,,MachineObservation,,
88723_Eden2009:deployment:0783878,2009-01-09T09:02:00,2009,1,-63.5906803215254,168.569454043936,,MachineObservation,,
88738_Eden2009:deployment:0788557,2008-12-06T05:06:00,2008,12,-60.2733112086771,149.959681580792,,MachineObservation,,
13440_131178:deployment:0769196,2015-12-03T23:30:49,2015,12,-50.3068855495857,177.067185173793,,MachineObservation,,
88738_Eden2009:deployment:0788588,2008-12-08T19:06:00,2008,12,-62.643188337001,150.277489021324,,MachineObservation,,
98129_JIP2010:deployment:0792086,2010-12-21T00:44:00,2010,12,-54.5090800154535,163.472440060509,,MachineObservation,,
88741_Eden2009:deployment:0789390,2008-12-23T07:13:00,2008,12,-62.2886928363047,163.706533408397,,MachineObservation,,
88741_Eden2009:deployment:0789730,2009-01-20T15:13:00,2009,1,-63.3223909946034,155.865845187539,,MachineObservation,,
urn:catalog:AADC:SOWS:SOWS-93693,1996-02-05 08:41:51Z,1996,2,-64.25702,88.06188,1,HumanObservation,,AADC
urn:catalog:AADC:SOWS:SOWS-93696,1996-02-05 12:38:00Z,1996,2,-63.84673,88.05972,1,HumanObservation,,AADC
88723_Eden2009:deployment:0783727,2008-12-27T19:02:00,2008,12,-63.2204279722105,169.634006739219,,MachineObservation,,
13440_131178:deployment:0769247,2015-12-08T05:30:49,2015,12,-51.6067264439528,177.254034192953,,MachineObservation,,
88723_Eden2009:deployment:0783604,2008-12-17T13:02:00,2008,12,-57.5980649331974,172.798596098921,,MachineObservation,,
88728_Eden2009:deployment:0785328,2008-12-07T10:51:00,2008,12,-61.2693902441222,156.19285785366,,MachineObservation,,
13440_131178:deployment:0769173,2015-12-02T01:30:49,2015,12,-49.5282654501743,176.942807151771,,MachineObservation,,
urn:catalog:AADC:WC:5903,1939-01-01 00:00:00+00,1939,1,-61.5,98.5,16,HumanObservation,,AADC
urn:catalog:AADC:WC:5921,1950-01-01 00:00:00+00,1950,1,-58.5,87.5,4,HumanObservation,,AADC
88728_Eden2009:deployment:0785596,2008-12-29T18:51:00,2008,12,-61.8704288426383,155.502742535439,,MachineObservation,,
88728_Eden2009:deployment:0785935,2009-01-27T00:51:00,2009,1,-64.2130461658478,158.151158782768,,MachineObservation,,
45694,2017-10-27T15:25:25,2017,10,-45.733,166.543,1,HumanObservation,Happywhale - Humpback whale in South Pacific Ocean,Happywhale.com
88725_Eden2009:deployment:0784775,2009-01-03T16:04:00,2009,1,-62.1185664124091,152.2812129215,,MachineObservation,,
88733_Eden2009:deployment:0787973,2008-11-25T17:00:00,2008,11,-56.4400989276059,171.751780446129,,MachineObservation,,
88728_Eden2009:deployment:0785686,2009-01-06T06:51:00,2009,1,-62.2263993917666,154.59338751115,,MachineObservation,,
88732_Eden2009:deployment:0787448,2008-11-16T05:33:00,2008,11,-45.960121243963,164.195078669545,,MachineObservation,,
98114_JIP2010:deployment:0791054,2010-11-19T16:15:00,2010,11,-54.4844342814665,159.342340974278,,MachineObservation,,
88723_Eden2009:deployment:0783596,2008-12-16T21:02:00,2008,12,-56.8875637223133,173.217817985619,,MachineObservation,,
13440_131178:deployment:0769266,2015-12-09T19:30:49,2015,12,-52.9974236790256,177.821587303967,,MachineObservation,,
88738_Eden2009:deployment:0788622,2008-12-11T15:06:00,2008,12,-63.5306934242992,151.034947472466,,MachineObservation,,
262286,2021-11-23T09:26:45,2021,11,-45.740829,166.572442,1,HumanObservation,Happywhale - Humpback whale in South Pacific Ocean,Happywhale.com
88733_Eden2009:deployment:0787793,2008-11-10T17:00:00,2008,11,-47.0263546729561,156.166434515534,,MachineObservation,,
13440_131178:deployment:0769028,2015-11-19T23:30:49,2015,11,-45.1416424866167,177.922205917348,,MachineObservation,,
88723_Eden2009:deployment:0783699,2008-12-25T11:02:00,2008,12,-63.1187339508615,170.637297310276,,MachineObservation,,
13440_131178:deployment:0769283,2015-12-11T05:30:49,2015,12,-54.1302926226707,177.401875796406,,MachineObservation,,
88729_Eden2009:deployment:0786881,2009-01-10T06:40:00,2009,1,-64.3886619979768,118.914784298629,,MachineObservation,,
88741_Eden2009:deployment:0789047,2008-11-24T17:13:00,2008,11,-45.2125416815342,166.383350821626,,MachineObservation,,
88733_Eden2009:deployment:0787881,2008-11-18T01:00:00,2008,11,-50.685643169832,164.511203735136,,MachineObservation,,
13440_131178:deployment:0769127,2015-11-28T05:30:49,2015,11,-49.2201510377149,177.076793923761,,MachineObservation,,
98129_JIP2010:deployment:0792133,2010-12-24T22:44:00,2010,12,-57.1893405582906,166.246210517524,,MachineObservation,,
88728_Eden2009:deployment:0785631,2009-01-01T16:51:00,2009,1,-62.2609029003344,155.668853628637,,MachineObservation,,
88718_Eden2009:deployment:0782499,2008-12-17T18:34:00,2008,12,-46.3303295381707,153.751003115015,,MachineObservation,,
13440_131190:deployment:0776225,2015-11-23T08:31:20,2015,11,-51.1560718190884,177.736937224454,,MachineObservation,,
64235_JIP2010:deployment:0781435,2010-11-23T05:10:00,2010,11,-60.0964914478581,157.501181785955,,MachineObservation,,
88738_Eden2009:deployment:0788649,2008-12-13T21:06:00,2008,12,-63.6478261555966,150.089041702251,,MachineObservation,,
88729_Eden2009:deployment:0786413,2008-12-02T06:40:00,2008,12,-57.7826873896977,124.052896322208,,MachineObservation,,
88738_Eden2009:deployment:0788676,2008-12-16T03:06:00,2008,12,-63.7982582569089,149.303247553964,,MachineObservation,,
88728_Eden2009:deployment:0785425,2008-12-15T12:51:00,2008,12,-62.2149895792937,157.526452453537,,MachineObservation,,
88728_Eden2009:deployment:0785920,2009-01-25T18:51:00,2009,1,-64.1996417479071,158.729388725241,,MachineObservation,,
88733_Eden2009:deployment:0787944,2008-11-23T07:00:00,2008,11,-55.2739276564104,170.002532568601,,MachineObservation,,
88723_Eden2009:deployment:0783501,2008-12-08T23:02:00,2008,12,-48.2510043663224,167.809960535129,,MachineObservation,,
urn:catalog:AADC:WC:5940,1951-01-01 00:00:00+00,1951,1,-60.5,85.5,41,HumanObservation,,AADC
13440_131178:deployment:0769371,2015-12-18T13:30:49,2015,12,-60.8300233621679,179.720976482623,,MachineObservation,,
98114_JIP2010:deployment:0790970,2010-11-12T16:15:00,2010,11,-46.1435667459426,160.286051308987,,MachineObservation,,
98129_JIP2010:deployment:0792096,2010-12-21T20:44:00,2010,12,-55.0307469133279,163.751057592298,,MachineObservation,,
88741_Eden2009:deployment:0789348,2008-12-19T19:13:00,2008,12,-61.870257184323,164.068534333711,,MachineObservation,,
98129_JIP2010:deployment:0791934,2010-12-08T08:44:00,2010,12,-48.5937998893213,153.12572491444,,MachineObservation,,
88729_Eden2009:deployment:0787059,2009-01-25T02:40:00,2009,1,-62.9270881520317,103.399325532373,,MachineObservation,,
88741_Eden2009:deployment:0789599,2009-01-09T17:13:00,2009,1,-62.3463436434006,157.740750807891,,MachineObservation,,
88725_Eden2009:deployment:0784689,2008-12-27T12:04:00,2008,12,-62.8404114519928,156.489016073351,,MachineObservation,,
98129_JIP2010:deployment:0791891,2010-12-04T18:44:00,2010,12,-47.2541602001941,149.390719366262,,MachineObservation,,
885_3695,1785/1913,,7,-47.5262,168.17061,1,HumanObservation,Historical distribution of whales shown by logbook records 1785-1913,Wildlife Conservation Society
88725_Eden2009:deployment:0784741,2008-12-31T20:04:00,2008,12,-62.4045230660982,152.795862257016,,MachineObservation,,
urn:catalog:AADC:SOWS:SOWS-93685,1996-02-05 06:08:00Z,1996,2,-64.6207,88.06145,2,HumanObservation,,AADC
98129_JIP2010:deployment:0791832,2010-11-29T20:44:00,2010,11,-45.2644160271494,147.567251826206,,MachineObservation,,
88718_Eden2009:deployment:0782528,2008-12-20T04:34:00,2008,12,-48.2017975516887,156.151592036299,,MachineObservation,,
98129_JIP2010:deployment:0792237,2011-01-02T14:44:00,2011,1,-62.3588256571176,169.57025149681,,MachineObservation,,
13440_131178:deployment:0769221,2015-12-06T01:30:49,2015,12,-50.7687515806694,178.149811701673,,MachineObservation,,
88738_Eden2009:deployment:0788434,2008-11-25T23:06:00,2008,11,-52.7514246850866,152.027545868792,,MachineObservation,,
88718_Eden2009:deployment:0782640,2008-12-29T12:34:00,2008,12,-56.8960254228747,169.190184364684,,MachineObservation,,
88741_Eden2009:deployment:0789482,2008-12-30T23:13:00,2008,12,-62.7764706296536,160.092076575738,,MachineObservation,,
13440_131190:deployment:0776375,2015-12-05T20:31:20,2015,12,-60.7453255268297,177.877656528143,,MachineObservation,,
88728_Eden2009:deployment:0785390,2008-12-12T14:51:00,2008,12,-61.9969413415855,156.899727866048,,MachineObservation,,
64235_JIP2010:deployment:0781402,2010-11-20T11:10:00,2010,11,-57.8665983506907,157.206187183569,,MachineObservation,,
88728_Eden2009:deployment:0785110,2008-11-19T06:51:00,2008,11,-47.932839176911,151.971435073555,,MachineObservation,,
88725_Eden2009:deployment:0784405,2008-12-03T20:04:00,2008,12,-51.7346953562994,154.109290426297,,MachineObservation,,
98129_JIP2010:deployment:0792171,2010-12-28T02:44:00,2010,12,-57.9494489321368,169.812868953972,,MachineObservation,,
in2017_v01_09919,2017-02-04T02:05:00Z,,,-64.8192,119.1661,2,HumanObservation,,Macquarie University
64235_JIP2010:deployment:0781449,2010-11-24T09:10:00,2010,11,-60.5731018854261,157.811623400222,,MachineObservation,,
urn:catalog:AADC:SOWS:SOWS-92901,2001-03-02 00:00:00Z,2001,3,-62.331,95.768,2,HumanObservation,,AADC
88728_Eden2009:deployment:0785634,2009-01-01T22:51:00,2009,1,-62.232404145333,155.707670178769,,MachineObservation,,
88728_Eden2009:deployment:0785451,2008-12-17T16:51:00,2008,12,-63.1117927006698,158.245733226539,,MachineObservation,,
88728_Eden2009:deployment:0785112,2008-11-19T10:51:00,2008,11,-48.0917207540737,152.031865304304,,MachineObservation,,
98129_JIP2010:deployment:0791868,2010-12-02T20:44:00,2010,12,-46.7390880494302,148.353579747411,,MachineObservation,,
98114_JIP2010:deployment:0791273,2010-12-07T22:15:00,2010,12,-61.9521372412855,157.854496985268,,MachineObservation,,
98114_JIP2010:deployment:0790959,2010-11-11T18:15:00,2010,11,-45.1982258767818,160.028121860338,,MachineObservation,,
13440_131178:deployment:0769064,2015-11-22T23:30:49,2015,11,-47.2148712948958,177.396954754954,,MachineObservation,,
13440_131190:deployment:0776401,2015-12-08T00:31:20,2015,12,-61.6250934722047,177.63681168958,,MachineObservation,,
13440_131178:deployment:0769155,2015-11-30T13:30:49,2015,11,-49.5177516285178,176.910452844717,,MachineObservation,,
13440_131190:deployment:0776317,2015-12-01T00:31:20,2015,12,-56.9758395306263,178.518383954671,,MachineObservation,,
13440_131178:deployment:0769310,2015-12-13T11:30:49,2015,12,-55.7070037276919,177.059815388047,,MachineObservation,,
88725_Eden2009:deployment:0784617,2008-12-21T12:04:00,2008,12,-62.8642950349043,157.93454277897,,MachineObservation,,
88728_Eden2009:deployment:0785487,2008-12-20T16:51:00,2008,12,-63.9813016649643,158.691635633757,,MachineObservation,,
urn:catalog:AADC:SOWS:SOWS-100797,2003-01-12 01:28:16Z,2003,1,-61.545,101.8155,2,HumanObservation,,AADC
88725_Eden2009:deployment:0784809,2009-01-06T12:04:00,2009,1,-61.8358579159292,150.811486084745,,MachineObservation,,
64235_JIP2010:deployment:0781301,2010-11-12T01:10:00,2010,11,-48.8244513025041,150.581023041714,,MachineObservation,,
98129_JIP2010:deployment:0792044,2010-12-17T12:44:00,2010,12,-53.7928705847959,161.290915269005,,MachineObservation,,
88738_Eden2009:deployment:0788386,2008-11-21T23:06:00,2008,11,-48.6200046214755,148.92593419259,,MachineObservation,,
88725_Eden2009:deployment:0784383,2008-12-02T00:04:00,2008,12,-49.6171418297959,152.851944324884,,MachineObservation,,
229479,2015-11-10T14:05:19,2015,11,-45.46,166.71,1,HumanObservation,Happywhale - Humpback whale in South Pacific Ocean,Happywhale.com
88729_Eden2009:deployment:0786958,2009-01-16T16:40:00,2009,1,-63.6183190713106,111.862609587784,,MachineObservation,,
88729_Eden2009:deployment:0787167,2009-02-03T02:40:00,2009,2,-60.909477065425,101.259979343282,,MachineObservation,,
13440_131178:deployment:0769153,2015-11-30T09:30:49,2015,11,-49.4269967291495,176.932500524702,,MachineObservation,,
88733_Eden2009:deployment:0787930,2008-11-22T03:00:00,2008,11,-54.3044619962499,168.412431058058,,MachineObservation,,
88728_Eden2009:deployment:0785082,2008-11-16T22:51:00,2008,11,-46.2894547798218,151.669675018447,,MachineObservation,,
13440_131178:deployment:0769105,2015-11-26T09:30:49,2015,11,-48.75121338683,176.8980111358,,MachineObservation,,
88729_Eden2009:deployment:0786374,2008-11-29T00:40:00,2008,11,-55.7021128076285,128.410585453136,,MachineObservation,,
urn:catalog:AADC:WC:5942,1951-01-01 00:00:00+00,1951,1,-61.5,85.5,47,HumanObservation,,AADC
88741_Eden2009:deployment:0789821,2009-01-28T05:13:00,2009,1,-64.2858670822721,161.201566154222,,MachineObservation,,
88741_Eden2009:deployment:0789384,2008-12-22T19:13:00,2008,12,-61.8779361533182,164.226314399842,,MachineObservation,,
88741_Eden2009:deployment:0789712,2009-01-19T03:13:00,2009,1,-63.0957364671771,155.731593868082,,MachineObservation,,
88741_Eden2009:deployment:0789105,2008-11-29T13:13:00,2008,11,-48.9849178439362,168.752879818567,,MachineObservation,,
88723_Eden2009:deployment:0783593,2008-12-16T15:02:00,2008,12,-56.5961160830555,173.168233517402,,MachineObservation,,
64235_JIP2010:deployment:0781314,2010-11-13T03:10:00,2010,11,-49.4798350270908,151.954503093236,,MachineObservation,,
88733_Eden2009:deployment:0787824,2008-11-13T07:00:00,2008,11,-48.0196670016783,158.756924436486,,MachineObservation,,
13440_131178:deployment:0769080,2015-11-24T07:30:49,2015,11,-47.8239376218643,177.034232133206,,MachineObservation,,
88728_Eden2009:deployment:0785520,2008-12-23T10:51:00,2008,12,-63.9088625841771,157.137567088034,,MachineObservation,,
88723_Eden2009:deployment:0783651,2008-12-21T11:02:00,2008,12,-62.3581513091561,171.367909311488,,MachineObservation,,
88741_Eden2009:deployment:0790298,2009-03-08T23:13:00,2009,3,-64.8989499150111,164.088679292628,,MachineObservation,,
88733_Eden2009:deployment:0788065,2008-12-03T09:00:00,2008,12,-62.9109937004826,175.373403082251,,MachineObservation,,
88738_Eden2009:deployment:0788494,2008-11-30T23:06:00,2008,11,-59.0643462937276,152.623880709443,,MachineObservation,,
88728_Eden2009:deployment:0785290,2008-12-04T06:51:00,2008,12,-58.0436958491016,156.813235703137,,MachineObservation,,
88729_Eden2009:deployment:0787170,2009-02-03T08:40:00,2009,2,-60.7958921992746,101.210137435898,,MachineObservation,,
13440_131190:deployment:0776256,2015-11-25T22:31:20,2015,11,-53.5702111439237,177.557442003893,,MachineObservation,,
64235_JIP2010:deployment:0781311,2010-11-12T21:10:00,2010,11,-49.3253915648936,151.489554927492,,MachineObservation,,
88741_Eden2009:deployment:0789743,2009-01-21T17:13:00,2009,1,-63.3041262999126,157.907306446816,,MachineObservation,,
urn:catalog:AADC:SOWS:SOWS-92564,2002-02-05 01:45:00Z,2002,2,-62.42,94.42,2,HumanObservation,,AADC
88732_Eden2009:deployment:0787484,2008-11-19T05:33:00,2008,11,-45.876040414229,164.117151080667,,MachineObservation,,
88729_Eden2009:deployment:0786541,2008-12-12T22:40:00,2008,12,-62.8919893509488,119.28568589095,,MachineObservation,,
urn:catalog:AADC:WC:5890,1939-01-01 00:00:00+00,1939,1,-60.5,94.5,6,HumanObservation,,AADC
88725_Eden2009:deployment:0784479,2008-12-10T00:04:00,2008,12,-58.9365420589146,157.920762506281,,MachineObservation,,
88725_Eden2009:deployment:0784684,2008-12-27T02:04:00,2008,12,-62.7026034107282,157.326314991192,,MachineObservation,,
13440_131178:deployment:0769336,2015-12-15T15:30:49,2015,12,-57.722052486232,177.805652958188,,MachineObservation,,
13440_131178:deployment:0769259,2015-12-09T05:30:49,2015,12,-52.5400386878699,177.377560438507,,MachineObservation,,
88733_Eden2009:deployment:0788001,2008-11-28T01:00:00,2008,11,-58.6443784100786,172.806900189444,,MachineObservation,,
88718_Eden2009:deployment:0782745,2009-01-07T06:34:00,2009,1,-64.862788582712,179.220373905738,,MachineObservation,,
88729_Eden2009:deployment:0787104,2009-01-28T20:40:00,2009,1,-62.4288039392893,102.617854818193,,MachineObservation,,
88728_Eden2009:deployment:0785343,2008-12-08T16:51:00,2008,12,-61.9368913731205,156.962725760976,,MachineObservation,,
88729_Eden2009:deployment:0786709,2008-12-26T22:40:00,2008,12,-63.4841326594135,119.76865968624,,MachineObservation,,
88729_Eden2009:deployment:0786946,2009-01-15T16:40:00,2009,1,-63.7473338435153,114.100679912029,,MachineObservation,,
88729_Eden2009:deployment:0786463,2008-12-06T10:40:00,2008,12,-60.7910974540002,120.950142043923,,MachineObservation,,
88729_Eden2009:deployment:0787127,2009-01-30T18:40:00,2009,1,-62.2427232849812,102.427946797674,,MachineObservation,,
13440_131190:deployment:0776482,2015-12-14T18:31:20,2015,12,-63.5052213869963,178.522003163766,,MachineObservation,,
88723_Eden2009:deployment:0783886,2009-01-10T01:02:00,2009,1,-63.6409987257547,168.628010218756,,MachineObservation,,
http://naturewatch.org.nz/observations/2099551,2015-10-11,,,-45.771999,170.722038,,HumanObservation,iNaturalist research-grade observations,iNaturalist
urn:catalog:AADC:SOWS:SOWS-92829,2001-01-30 00:00:00Z,2001,1,-63.429,100.645,2,HumanObservation,,AADC
88728_Eden2009:deployment:0785096,2008-11-18T02:51:00,2008,11,-47.0395986691686,152.016175960114,,MachineObservation,,
98129_JIP2010:deployment:0792274,2011-01-05T16:44:00,2011,1,-64.0785333632191,170.292643321164,,MachineObservation,,
13440_131178:deployment:0769263,2015-12-09T13:30:49,2015,12,-52.8064836919096,177.422837300866,,MachineObservation,,
urn:catalog:AADC:SOWS:SOWS-100748,1998-01-01 00:00:00Z,1998,1,-63.58,83.33,4,HumanObservation,,AADC
13440_131190:deployment:0776195,2015-11-20T20:31:20,2015,11,-49.4856475885386,179.127147843505,,MachineObservation,,
98129_JIP2010:deployment:0792276,2011-01-05T20:44:00,2011,1,-64.2187230153526,170.384406175719,,MachineObservation,,
88729_Eden2009:deployment:0786850,2009-01-07T16:40:00,2009,1,-64.6873316593075,120.622234064429,,MachineObservation,,
13440_131190:deployment:0776427,2015-12-10T04:31:20,2015,12,-63.0615667292372,175.311656156584,,MachineObservation,,
88738_Eden2009:deployment:0788603,2008-12-10T01:06:00,2008,12,-63.2666006046828,150.63069108062,,MachineObservation,,
urn:catalog:AADC:WC:5740,1937-01-01 00:00:00+00,1937,1,-60.5,84.5,4,HumanObservation,,AADC
88725_Eden2009:deployment:0784531,2008-12-14T08:04:00,2008,12,-62.0247956133406,155.822595285059,,MachineObservation,,
88729_Eden2009:deployment:0786512,2008-12-10T12:40:00,2008,12,-62.3461538177734,119.003757847411,,MachineObservation,,
88738_Eden2009:deployment:0788479,2008-11-29T17:06:00,2008,11,-57.7694188139046,153.223500273068,,MachineObservation,,
88741_Eden2009:deployment:0790316,2009-03-10T11:13:00,2009,3,-64.6110427452167,163.196871625542,,MachineObservation,,
98129_JIP2010:deployment:0791925,2010-12-07T14:44:00,2010,12,-48.2376080975961,152.115814912962,,MachineObservation,,
urn:catalog:AADC:WC:5562,1932-01-01 00:00:00+00,1932,1,-57.5,92.5,1,HumanObservation,,AADC
88725_Eden2009:deployment:0784664,2008-12-25T10:04:00,2008,12,-62.4568612986834,157.623083629215,,MachineObservation,,
88733_Eden2009:deployment:0787763,2008-11-08T05:00:00,2008,11,-45.4812909824483,152.993147151425,,MachineObservation,,
64235_JIP2010:deployment:0781381,2010-11-18T17:10:00,2010,11,-55.4189387711245,155.288735173803,,MachineObservation,,
88729_Eden2009:deployment:0787131,2009-01-31T02:40:00,2009,1,-62.0613175272816,102.177872198396,,MachineObservation,,
88718_Eden2009:deployment:0782479,2008-12-16T02:34:00,2008,12,-45.2466406923074,151.45399996123,,MachineObservation,,
368300,2023-06-25T11:30,2023,6,-45.271578,166.857433,1,HumanObservation,Happywhale - Humpback whale in South Pacific Ocean,Happywhale.com
urn:catalog:AADC:WC:5975,1959-01-01 00:00:00+00,1959,1,-60.5,87.5,79,HumanObservation,,AADC
88725_Eden2009:deployment:0784806,2009-01-06T06:04:00,2009,1,-61.7929483255298,150.913592378283,,MachineObservation,,
88723_Eden2009:deployment:0783848,2009-01-06T21:02:00,2009,1,-63.1280271598288,168.042948774878,,MachineObservation,,
88728_Eden2009:deployment:0785266,2008-12-02T06:51:00,2008,12,-56.7370396697638,156.600752700251,,MachineObservation,,
88741_Eden2009:deployment:0789247,2008-12-11T09:13:00,2008,12,-57.6557076372969,168.852666857889,,MachineObservation,,
98129_JIP2010:deployment:0791998,2010-12-13T16:44:00,2010,12,-51.5555013265803,157.914844323097,,MachineObservation,,
88741_Eden2009:deployment:0789481,2008-12-30T21:13:00,2008,12,-62.780885609834,160.095426865653,,MachineObservation,,
13440_131178:deployment:0769072,2015-11-23T15:30:49,2015,11,-47.571018631129,177.11706670406,,MachineObservation,,
urn:catalog:AADC:WC:5815,1938-01-01 00:00:00+00,1938,1,-58.5,100.5,4,HumanObservation,,AADC
88718_Eden2009:deployment:0782561,2008-12-22T22:34:00,2008,12,-50.9421304657837,160.305759594957,,MachineObservation,,
88718_Eden2009:deployment:0782678,2009-01-01T16:34:00,2009,1,-59.8743204992209,173.473623468209,,MachineObservation,,
88728_Eden2009:deployment:0785804,2009-01-16T02:51:00,2009,1,-63.6455412158037,159.173553225906,,MachineObservation,,
88741_Eden2009:deployment:0789651,2009-01-14T01:13:00,2009,1,-62.6824279700103,156.125182786789,,MachineObservation,,
88728_Eden2009:deployment:0785742,2009-01-10T22:51:00,2009,1,-62.2958782411676,155.154130494504,,MachineObservation,,
urn:catalog:AADC:WC:5936,1950-01-01 00:00:00+00,1950,1,-61.5,105.5,21,HumanObservation,,AADC
88728_Eden2009:deployment:0785345,2008-12-08T20:51:00,2008,12,-62.0124382318734,156.978165536812,,MachineObservation,,
88729_Eden2009:deployment:0786718,2008-12-27T16:40:00,2008,12,-63.71726758986,119.724821798701,,MachineObservation,,
88733_Eden2009:deployment:0788014,2008-11-29T03:00:00,2008,11,-59.4835698527467,173.641898278136,,MachineObservation,,
13440_131190:deployment:0776421,2015-12-09T16:31:20,2015,12,-62.6238855402332,175.931526310679,,MachineObservation,,
urn:catalog:AADC:SOWS:SOWS-100753,1998-01-01 00:00:00Z,1998,1,-63.36,84.14,1,HumanObservation,,AADC
88729_Eden2009:deployment:0786401,2008-12-01T06:40:00,2008,12,-57.008432858311,125.480575070085,,MachineObservation,,
88741_Eden2009:deployment:0789505,2009-01-01T21:13:00,2009,1,-62.5976858937562,159.210407987377,,MachineObservation,,
88741_Eden2009:deployment:0789585,2009-01-08T13:13:00,2009,1,-62.373346553279,157.769788668256,,MachineObservation,,
88729_Eden2009:deployment:0786204,2008-11-14T20:40:00,2008,11,-45.4037789829754,139.644895573638,,MachineObservation,,
13440_131190:deployment:0776365,2015-12-05T00:31:20,2015,12,-60.1525412771653,178.476588865443,,MachineObservation,,
88729_Eden2009:deployment:0786584,2008-12-16T12:40:00,2008,12,-63.1140178788479,119.544484675255,,MachineObservation,,
88729_Eden2009:deployment:0787052,2009-01-24T12:40:00,2009,1,-63.3894547152536,103.333536048299,,MachineObservation,,
88728_Eden2009:deployment:0785787,2009-01-14T16:51:00,2009,1,-63.6957319763683,159.183889526025,,MachineObservation,,
88733_Eden2009:deployment:0787929,2008-11-22T01:00:00,2008,11,-54.2253389749801,168.328802378523,,MachineObservation,,
13440_131190:deployment:0776429,2015-12-10T08:31:20,2015,12,-63.1816018007743,175.250399870745,,MachineObservation,,
88732_Eden2009:deployment:0787535,2008-11-23T11:33:00,2008,11,-46.8879730674443,165.211464725567,,MachineObservation,,
88741_Eden2009:deployment:0789265,2008-12-12T21:13:00,2008,12,-59.5854578990101,167.913913273993,,MachineObservation,,
88723_Eden2009:deployment:0783530,2008-12-11T09:02:00,2008,12,-50.9968570102127,169.740169177656,,MachineObservation,,
98114_JIP2010:deployment:0791246,2010-12-05T16:15:00,2010,12,-61.6202120900417,157.38524547053,,MachineObservation,,
13440_88727:deployment:0777123,2015-11-29T12:30:50,2015,11,-63.1616238717361,179.178299577167,,MachineObservation,,
urn:catalog:AADC:WC:5734,1937-01-01 00:00:00+00,1937,1,-59.5,85.5,130,HumanObservation,,AADC
88728_Eden2009:deployment:0785202,2008-11-26T22:51:00,2008,11,-53.2059565370741,156.338508979601,,MachineObservation,,
13440_131178:deployment:0769098,2015-11-25T19:30:49,2015,11,-48.4732133582319,176.944394699007,,MachineObservation,,
88728_Eden2009:deployment:0785286,2008-12-03T22:51:00,2008,12,-57.7886021968439,156.79996428184,,MachineObservation,,
98129_JIP2010:deployment:0791921,2010-12-07T06:44:00,2010,12,-48.1184682564267,151.797695924161,,MachineObservation,,
88732_Eden2009:deployment:0787445,2008-11-15T23:33:00,2008,11,-45.9046661528083,164.125298850368,,MachineObservation,,
88725_Eden2009:deployment:0784651,2008-12-24T08:04:00,2008,12,-62.8574190799487,157.280709164301,,MachineObservation,,
88729_Eden2009:deployment:0787074,2009-01-26T08:40:00,2009,1,-62.7234506305973,103.034980967653,,MachineObservation,,
88729_Eden2009:deployment:0786335,2008-11-25T18:40:00,2008,11,-52.8201430401818,131.460977127229,,MachineObservation,,
88738_Eden2009:deployment:0788492,2008-11-30T19:06:00,2008,11,-58.9426553363042,152.912844680076,,MachineObservation,,
98114_JIP2010:deployment:0791043,2010-11-18T18:15:00,2010,11,-53.3777076993429,159.53561801793,,MachineObservation,,
88741_Eden2009:deployment:0789057,2008-11-25T13:13:00,2008,11,-45.7808829805294,166.192123898158,,MachineObservation,,
88723_Eden2009:deployment:0783905,2009-01-11T15:02:00,2009,1,-64.0182905071239,168.571027404372,,MachineObservation,,
88728_Eden2009:deployment:0785757,2009-01-12T04:51:00,2009,1,-62.800933931928,155.013759989826,,MachineObservation,,
88728_Eden2009:deployment:0785773,2009-01-13T12:51:00,2009,1,-63.2658990215445,156.798794694929,,MachineObservation,,
88728_Eden2009:deployment:0785517,2008-12-23T04:51:00,2008,12,-63.9645699391782,157.164814544359,,MachineObservation,,
88729_Eden2009:deployment:0786478,2008-12-07T16:40:00,2008,12,-61.1209167261308,120.694100114752,,MachineObservation,,
88738_Eden2009:deployment:0788572,2008-12-07T11:06:00,2008,12,-61.9510516451223,149.190705850651,,MachineObservation,,
88733_Eden2009:deployment:0788048,2008-12-01T23:00:00,2008,12,-61.7332857886328,174.810702873964,,MachineObservation,,
98129_JIP2010:deployment:0792153,2010-12-26T14:44:00,2010,12,-57.8718520944392,168.314146353293,,MachineObservation,,
88723_Eden2009:deployment:0783923,2009-01-13T03:02:00,2009,1,-64.2665208510419,168.731000279945,,MachineObservation,,
13440_131178:deployment:0769378,2015-12-19T03:30:49,2015,12,-61.2288777220012,179.893011974238,,MachineObservation,,
88728_Eden2009:deployment:0785530,2008-12-24T06:51:00,2008,12,-63.8320141092507,156.570250163409,,MachineObservation,,
88741_Eden2009:deployment:0789294,2008-12-15T07:13:00,2008,12,-61.7614845205203,165.785637632546,,MachineObservation,,
98114_JIP2010:deployment:0791055,2010-11-19T18:15:00,2010,11,-54.6006535896495,159.345249697778,,MachineObservation,,
urn:catalog:AADC:SOWS:SOWS-100713,1998-01-01 00:00:00Z,1998,1,-57.4,81.56,1,HumanObservation,,AADC
88729_Eden2009:deployment:0786248,2008-11-18T12:40:00,2008,11,-47.5643473230279,136.515916880173,,MachineObservation,,
88725_Eden2009:deployment:0784544,2008-12-15T10:04:00,2008,12,-62.257117063964,156.283222828992,,MachineObservation,,
13440_131190:deployment:0776396,2015-12-07T14:31:20,2015,12,-61.6158003448387,177.636942845112,,MachineObservation,,
98129_JIP2010:deployment:0791871,2010-12-03T02:44:00,2010,12,-46.7780662705456,148.509962193276,,MachineObservation,,
88723_Eden2009:deployment:0783629,2008-12-19T15:02:00,2008,12,-59.8201128483282,171.763483656733,,MachineObservation,,
88725_Eden2009:deployment:0784486,2008-12-10T14:04:00,2008,12,-59.4604166781143,157.69207494427,,MachineObservation,,
urn:catalog:AADC:SOWS:SOWS-93243,2000-01-14 06:44:00Z,2000,1,-59.4,102.66,1,HumanObservation,,AADC
88728_Eden2009:deployment:0785263,2008-12-02T00:51:00,2008,12,-56.6263958041983,156.481160762026,,MachineObservation,,
88729_Eden2009:deployment:0786862,2009-01-08T16:40:00,2009,1,-64.6709204778712,120.428881950692,,MachineObservation,,
88718_Eden2009:deployment:0782486,2008-12-16T16:34:00,2008,12,-45.6535865025241,152.344860307864,,MachineObservation,,
88723_Eden2009:deployment:0783724,2008-12-27T13:02:00,2008,12,-63.2099329354527,169.649261583505,,MachineObservation,,
88729_Eden2009:deployment:0787146,2009-02-01T08:40:00,2009,2,-61.6406416855523,101.360000791646,,MachineObservation,,
88723_Eden2009:deployment:0783730,2008-12-28T01:02:00,2008,12,-63.2131829215676,169.575160360394,,MachineObservation,,
88741_Eden2009:deployment:0789388,2008-12-23T03:13:00,2008,12,-62.1496760484855,163.875370095665,,MachineObservation,,
13440_131178:deployment:0769201,2015-12-04T09:30:49,2015,12,-50.2962472695811,177.372402139394,,MachineObservation,,
88723_Eden2009:deployment:0783630,2008-12-19T17:02:00,2008,12,-59.9239935626323,171.755278792328,,MachineObservation,,
88738_Eden2009:deployment:0788450,2008-11-27T07:06:00,2008,11,-54.4035209368001,152.960609757888,,MachineObservation,,
88725_Eden2009:deployment:0784447,2008-12-07T08:04:00,2008,12,-55.1791223169835,155.73857641783,,MachineObservation,,
88718_Eden2009:deployment:0782584,2008-12-24T20:34:00,2008,12,-52.2730742175166,162.12836308956,,MachineObservation,,
262843,2021-12-01T15:19:22,2021,12,-45.428945,166.716402,1,HumanObservation,Happywhale - Humpback whale in South Pacific Ocean,Happywhale.com
98129_JIP2010:deployment:0792260,2011-01-04T12:44:00,2011,1,-63.2347325758326,169.90530128603,,MachineObservation,,
88718_Eden2009:deployment:0782629,2008-12-28T14:34:00,2008,12,-56.0304479473874,167.141550084983,,MachineObservation,,
88733_Eden2009:deployment:0788078,2008-12-04T11:00:00,2008,12,-63.8875688820782,176.419573325758,,MachineObservation,,
88741_Eden2009:deployment:0789431,2008-12-26T17:13:00,2008,12,-63.3844758839971,162.835910595173,,MachineObservation,,
88728_Eden2009:deployment:0785432,2008-12-16T02:51:00,2008,12,-62.3305059389794,157.856992147203,,MachineObservation,,
98129_JIP2010:deployment:0792271,2011-01-05T10:44:00,2011,1,-63.9738386281789,170.252790328099,,MachineObservation,,
urn:catalog:AADC:SOWS:SOWS-92921,2001-03-03 00:00:00Z,2001,3,-59.627,105.251,1,HumanObservation,,AADC
98114_JIP2010:deployment:0791262,2010-12-07T00:15:00,2010,12,-61.9330956595377,157.479906585488,,MachineObservation,,
88728_Eden2009:deployment:0785793,2009-01-15T04:51:00,2009,1,-63.683643034951,159.275429213093,,MachineObservation,,
88723_Eden2009:deployment:0783799,2009-01-02T19:02:00,2009,1,-63.3069167166441,168.108958415889,,MachineObservation,,
urn:catalog:AADC:WC:5640,1935-01-01 00:00:00+00,1935,1,-59.5,93.5,44,HumanObservation,,AADC
88729_Eden2009:deployment:0786770,2009-01-01T00:40:00,2009,1,-64.6047094766632,119.741980722875,,MachineObservation,,
98129_JIP2010:deployment:0791992,2010-12-13T04:44:00,2010,12,-51.402353031138,157.743929852955,,MachineObservation,,
urn:catalog:AADC:WC:5862,1938-01-01 00:00:00+00,1938,1,-62.5,89.5,2,HumanObservation,,AADC
98114_JIP2010:deployment:0791082,2010-11-22T00:15:00,2010,11,-57.5255095986027,159.541001717888,,MachineObservation,,
88728_Eden2009:deployment:0785204,2008-11-27T02:51:00,2008,11,-53.2712072816653,156.419064972033,,MachineObservation,,
98114_JIP2010:deployment:0791138,2010-11-26T16:15:00,2010,11,-60.5607566325269,158.808692496682,,MachineObservation,,
88729_Eden2009:deployment:0786952,2009-01-16T04:40:00,2009,1,-63.6380581427377,112.823018291419,,MachineObservation,,
urn:catalog:AADC:SOWS:SOWS-93573,1998-02-17 02:34:49Z,1998,2,-61.0052,95.265,3,HumanObservation,,AADC
13440_131178:deployment:0769088,2015-11-24T23:30:49,2015,11,-48.1635120161253,177.135162304399,,MachineObservation,,
88741_Eden2009:deployment:0789831,2009-01-29T01:13:00,2009,1,-64.4786249362883,161.551326837528,,MachineObservation,,
88729_Eden2009:deployment:0786899,2009-01-11T18:40:00,2009,1,-64.5923418712421,118.205026468343,,MachineObservation,,
88733_Eden2009:deployment:0787979,2008-11-26T05:00:00,2008,11,-56.7084824453966,171.273962135826,,MachineObservation,,
98129_JIP2010:deployment:0792266,2011-01-05T00:44:00,2011,1,-63.5647331745911,170.120310361642,,MachineObservation,,
88733_Eden2009:deployment:0787854,2008-11-15T19:00:00,2008,11,-49.2391526450237,161.862954633261,,MachineObservation,,
88723_Eden2009:deployment:0783763,2008-12-30T19:02:00,2008,12,-63.0857271366336,169.613310179669,,MachineObservation,,
64235_JIP2010:deployment:0781451,2010-11-24T13:10:00,2010,11,-60.5966266291991,157.843597674327,,MachineObservation,,
13440_131190:deployment:0776458,2015-12-12T18:31:20,2015,12,-63.6599320979901,176.489359364597,,MachineObservation,,
64235_JIP2010:deployment:0781462,2010-11-25T11:10:00,2010,11,-60.6020300203254,157.821578707637,,MachineObservation,,
88718_Eden2009:deployment:0782585,2008-12-24T22:34:00,2008,12,-52.3290489845058,162.213405153261,,MachineObservation,,
88728_Eden2009:deployment:0785351,2008-12-09T08:51:00,2008,12,-62.0003366101275,157.10586555472,,MachineObservation,,
88728_Eden2009:deployment:0785700,2009-01-07T10:51:00,2009,1,-62.4298440284434,154.384494983454,,MachineObservation,,
88725_Eden2009:deployment:0784893,2009-01-13T12:04:00,2009,1,-62.5932652827986,150.267837788083,,MachineObservation,,
88728_Eden2009:deployment:0785752,2009-01-11T18:51:00,2009,1,-62.821076101544,155.146435745737,,MachineObservation,,
in2017_v01_09922,2017-02-04T04:55:00Z,,,-64.685,119.50222,1,HumanObservation,,Macquarie University
88725_Eden2009:deployment:0784728,2008-12-30T18:04:00,2008,12,-62.4378729281892,152.979976550086,,MachineObservation,,
88738_Eden2009:deployment:0788579,2008-12-08T01:06:00,2008,12,-62.6185920886871,150.381947947961,,MachineObservation,,
88725_Eden2009:deployment:0784841,2009-01-09T04:04:00,2009,1,-62.2939050272091,150.811800863459,,MachineObservation,,
88733_Eden2009:deployment:0787974,2008-11-25T19:00:00,2008,11,-56.4960488642507,171.685315228055,,MachineObservation,,
88723_Eden2009:deployment:0783712,2008-12-26T13:02:00,2008,12,-63.4013463308331,169.758297007793,,MachineObservation,,
urn:catalog:AADC:SOWS:SOWS-92340,2003-01-13 05:43:19Z,2003,1,-63.19,89.29,2,HumanObservation,,AADC
88729_Eden2009:deployment:0786956,2009-01-16T12:40:00,2009,1,-63.641889084723,111.897149347851,,MachineObservation,,
64235_JIP2010:deployment:0781501,2010-11-28T17:10:00,2010,11,-61.0170856362807,157.873494809291,,MachineObservation,,
88728_Eden2009:deployment:0785271,2008-12-02T16:51:00,2008,12,-56.9804655719196,156.832532167228,,MachineObservation,,
88729_Eden2009:deployment:0786465,2008-12-06T14:40:00,2008,12,-60.7431498443711,121.000880609548,,MachineObservation,,
88729_Eden2009:deployment:0787152,2009-02-01T20:40:00,2009,2,-61.4055790903132,101.402878939449,,MachineObservation,,
88729_Eden2009:deployment:0786748,2008-12-30T04:40:00,2008,12,-64.0492381503691,118.928815948814,,MachineObservation,,
88728_Eden2009:deployment:0785725,2009-01-09T12:51:00,2009,1,-62.5519438651244,154.138188423914,,MachineObservation,,
88738_Eden2009:deployment:0788508,2008-12-02T03:06:00,2008,12,-59.7422614471156,151.271203214576,,MachineObservation,,
NZHB-180,1998-01-22,,,-45.3333,167.0333,6,HumanObservation,Humpback whale sightings around New Zealand 1970-1999,DoC
88741_Eden2009:deployment:0789356,2008-12-20T11:13:00,2008,12,-61.912689309646,164.007925630734,,MachineObservation,,
88725_Eden2009:deployment:0784487,2008-12-10T16:04:00,2008,12,-59.5517458896287,157.555796506522,,MachineObservation,,
98129_JIP2010:deployment:0792029,2010-12-16T06:44:00,2010,12,-53.2656898948675,159.8209856076,,MachineObservation,,
urn:catalog:AADC:WC:5900,1939-01-01 00:00:00+00,1939,1,-61.5,95.5,14,HumanObservation,,AADC
88729_Eden2009:deployment:0786332,2008-11-25T12:40:00,2008,11,-52.6021745406079,131.677630698347,,MachineObservation,,
88723_Eden2009:deployment:0783688,2008-12-24T13:02:00,2008,12,-62.9461982751667,170.721470886702,,MachineObservation,,
88723_Eden2009:deployment:0783595,2008-12-16T19:02:00,2008,12,-56.7988333324939,173.213889416554,,MachineObservation,,
88741_Eden2009:deployment:0789329,2008-12-18T05:13:00,2008,12,-62.0247977239225,164.302407340455,,MachineObservation,,
88741_Eden2009:deployment:0790327,2009-03-11T09:13:00,2009,3,-64.3376413799779,163.794471094023,,MachineObservation,,
98114_JIP2010:deployment:0791089,2010-11-22T14:15:00,2010,11,-58.284072165333,159.115575735251,,MachineObservation,,
88718_Eden2009:deployment:0782744,2009-01-07T04:34:00,2009,1,-64.8537332336065,179.113739029879,,MachineObservation,,
88741_Eden2009:deployment:0789146,2008-12-02T23:13:00,2008,12,-50.9038167196444,170.700002233374,,MachineObservation,,
13440_131190:deployment:0776179,2015-11-19T12:31:20,2015,11,-49.1653407869946,179.295165648037,,MachineObservation,,
88728_Eden2009:deployment:0785749,2009-01-11T12:51:00,2009,1,-62.7315481959577,155.149555702065,,MachineObservation,,
88741_Eden2009:deployment:0789501,2009-01-01T13:13:00,2009,1,-62.6977848741593,159.45629106763,,MachineObservation,,
88728_Eden2009:deployment:0785102,2008-11-18T14:51:00,2008,11,-47.3759703630501,151.95931613905,,MachineObservation,,
88728_Eden2009:deployment:0785268,2008-12-02T10:51:00,2008,12,-56.822709269639,156.718641715087,,MachineObservation,,
urn:catalog:AADC:SOWS:SOWS-93650,1996-02-03 02:18:00Z,1996,2,-63.00035,82.41239,3,HumanObservation,,AADC
13440_131178:deployment:0769232,2015-12-06T23:30:49,2015,12,-50.7686563033738,177.729844291515,,MachineObservation,,
98114_JIP2010:deployment:0791101,2010-11-23T14:15:00,2010,11,-60.021973210041,158.642402506583,,MachineObservation,,
88723_Eden2009:deployment:0783693,2008-12-24T23:02:00,2008,12,-63.0132133228931,170.707797566893,,MachineObservation,,
88729_Eden2009:deployment:0786294,2008-11-22T08:40:00,2008,11,-50.2687106000841,133.638442129239,,MachineObservation,,
13440_131190:deployment:0776486,2015-12-15T02:31:20,2015,12,-63.5604723962885,178.813078631497,,MachineObservation,,
88738_Eden2009:deployment:0788448,2008-11-27T03:06:00,2008,11,-54.10701182832,152.900799112558,,MachineObservation,,
urn:catalog:AADC:WC:5865,1938-01-01 00:00:00+00,1938,1,-62.5,100.5,39,HumanObservation,,AADC
88733_Eden2009:deployment:0787997,2008-11-27T17:00:00,2008,11,-58.1724248929816,172.732346370601,,MachineObservation,,
88741_Eden2009:deployment:0789130,2008-12-01T15:13:00,2008,12,-50.1524083559293,170.114692041912,,MachineObservation,,
urn:catalog:AADC:SOWS:SOWS-92817,2001-01-30 00:00:00Z,2001,1,-63.122,99.612,3,HumanObservation,,AADC
88728_Eden2009:deployment:0785543,2008-12-25T08:51:00,2008,12,-63.1675120802075,155.981637650922,,MachineObservation,,
98129_JIP2010:deployment:0791844,2010-11-30T20:44:00,2010,11,-45.9015827474617,147.922730411945,,MachineObservation,,
88718_Eden2009:deployment:0782748,2009-01-07T12:34:00,2009,1,-64.8996495799064,179.377219235718,,MachineObservation,,
13440_88727:deployment:0777114,2015-11-28T18:30:50,2015,11,-62.713768352422,178.691883882605,,MachineObservation,,
88728_Eden2009:deployment:0785630,2009-01-01T14:51:00,2009,1,-62.2513200542563,155.600092348272,,MachineObservation,,
88723_Eden2009:deployment:0783863,2009-01-08T03:02:00,2009,1,-63.3077916412649,168.327582089545,,MachineObservation,,
13440_131178:deployment:0769181,2015-12-02T17:30:49,2015,12,-49.730521303748,176.427000877296,,MachineObservation,,
88723_Eden2009:deployment:0783660,2008-12-22T05:02:00,2008,12,-62.861954159444,170.540262725287,,MachineObservation,,
88725_Eden2009:deployment:0784796,2009-01-05T10:04:00,2009,1,-61.917977109009,151.694523959371,,MachineObservation,,
13440_131190:deployment:0776500,2015-12-16T06:31:20,2015,12,-63.7780817532248,179.483446920393,,MachineObservation,,
88728_Eden2009:deployment:0785439,2008-12-16T16:51:00,2008,12,-62.7994440851923,158.081080327895,,MachineObservation,,
88728_Eden2009:deployment:0785936,2009-01-27T02:51:00,2009,1,-64.2471562561898,158.114366002328,,MachineObservation,,
88741_Eden2009:deployment:0789595,2009-01-09T09:13:00,2009,1,-62.3597413372539,158.003860199623,,MachineObservation,,
88723_Eden2009:deployment:0783732,2008-12-28T05:02:00,2008,12,-63.1887755591569,169.534050977055,,MachineObservation,,
urn:catalog:AADC:WC:5743,1937-01-01 00:00:00+00,1937,1,-60.5,87.5,38,HumanObservation,,AADC
13440_131178:deployment:0769364,2015-12-17T23:30:49,2015,12,-60.2645342709394,179.809233744322,,MachineObservation,,
13440_131178:deployment:0769321,2015-12-14T09:30:49,2015,12,-56.579007652379,177.185831470072,,MachineObservation,,
88729_Eden2009:deployment:0786651,2008-12-22T02:40:00,2008,12,-63.4876686570616,119.850222481835,,MachineObservation,,
88738_Eden2009:deployment:0788523,2008-12-03T09:06:00,2008,12,-59.9836157677621,150.960388775818,,MachineObservation,,
88741_Eden2009:deployment:0789150,2008-12-03T07:13:00,2008,12,-51.1242867158632,170.669841431948,,MachineObservation,,
88725_Eden2009:deployment:0784387,2008-12-02T08:04:00,2008,12,-50.0886595996302,153.15881793134,,MachineObservation,,
88728_Eden2009:deployment:0785107,2008-11-19T00:51:00,2008,11,-47.7051746833018,151.917501307482,,MachineObservation,,
88728_Eden2009:deployment:0785580,2008-12-28T10:51:00,2008,12,-61.9853183815491,155.207729258738,,MachineObservation,,
88729_Eden2009:deployment:0786388,2008-11-30T04:40:00,2008,11,-56.2739223728896,126.83445426389,,MachineObservation,,
88728_Eden2009:deployment:0785394,2008-12-12T22:51:00,2008,12,-61.98837356649,156.883796928454,,MachineObservation,,
urn:catalog:AADC:WC:5691,1935-01-01 00:00:00+00,1935,1,-64.5,82.5,4,HumanObservation,,AADC
urn:catalog:AADC:WC:5803,1938-01-01 00:00:00+00,1938,1,-57.5,89.5,1,HumanObservation,,AADC
229473,2013-11-01,2013,11,-45.73,166.5,1,HumanObservation,Happywhale - Humpback whale in South Pacific Ocean,Happywhale.com
urn:catalog:AADC:WC:5582,1933-01-01 00:00:00+00,1933,1,-64.5,91.5,1,HumanObservation,,AADC
urn:catalog:AADC:SOWS:SOWS-92813,2001-01-29 00:00:00Z,2001,1,-63.496,95.239,2,HumanObservation,,AADC
88725_Eden2009:deployment:0784522,2008-12-13T14:04:00,2008,12,-61.7653462744425,155.71077567498,,MachineObservation,,
98114_JIP2010:deployment:0791087,2010-11-22T10:15:00,2010,11,-58.0437235002826,159.214589961228,,MachineObservation,,
88733_Eden2009:deployment:0787953,2008-11-24T01:00:00,2008,11,-55.4417870746459,170.593880107243,,MachineObservation,,
88741_Eden2009:deployment:0789841,2009-01-29T21:13:00,2009,1,-64.7798396704206,161.995532098175,,MachineObservation,,
88725_Eden2009:deployment:0784553,2008-12-16T04:04:00,2008,12,-62.3364535101036,156.437908442628,,MachineObservation,,
88729_Eden2009:deployment:0787037,2009-01-23T06:40:00,2009,1,-63.3958873479127,103.887914834025,,MachineObservation,,
88728_Eden2009:deployment:0785178,2008-11-24T22:51:00,2008,11,-51.9507639866339,155.452473930725,,MachineObservation,,
88733_Eden2009:deployment:0788072,2008-12-03T23:00:00,2008,12,-63.4945806929755,176.128547797595,,MachineObservation,,
88718_Eden2009:deployment:0782689,2009-01-02T14:34:00,2009,1,-60.9790227585987,174.801958053721,,MachineObservation,,
98129_JIP2010:deployment:0791945,2010-12-09T06:44:00,2010,12,-48.9705303760874,153.865641187113,,MachineObservation,,
urn:catalog:AADC:WC:5716,1936-01-01 00:00:00+00,1936,1,-60.5,94.5,11,HumanObservation,,AADC
88723_Eden2009:deployment:0783868,2009-01-08T13:02:00,2009,1,-63.297919084112,168.508800594947,,MachineObservation,,
urn:catalog:AADC:WC:5926,1950-01-01 00:00:00+00,1950,1,-59.5,89.5,101,HumanObservation,,AADC
98129_JIP2010:deployment:0792253,2011-01-03T22:44:00,2011,1,-62.8964506495026,169.759447544975,,MachineObservation,,
88729_Eden2009:deployment:0786622,2008-12-19T16:40:00,2008,12,-63.5031780830592,119.779526352776,,MachineObservation,,
64235_JIP2010:deployment:0781342,2010-11-15T11:10:00,2010,11,-51.5592425270463,152.911713048756,,MachineObservation,,
88729_Eden2009:deployment:0786841,2009-01-06T22:40:00,2009,1,-64.643289199023,120.835343816948,,MachineObservation,,
88732_Eden2009:deployment:0787409,2008-11-12T23:33:00,2008,11,-45.6245061794168,162.806632974428,,MachineObservation,,
88725_Eden2009:deployment:0784431,2008-12-06T00:04:00,2008,12,-53.6108084267546,154.61901213811,,MachineObservation,,
13440_131178:deployment:0769046,2015-11-21T11:30:49,2015,11,-46.4100206494782,177.295358636366,,MachineObservation,,
88725_Eden2009:deployment:0784527,2008-12-14T00:04:00,2008,12,-61.9098418713704,155.771575545119,,MachineObservation,,
88729_Eden2009:deployment:0787129,2009-01-30T22:40:00,2009,1,-62.1667591199876,102.308831849008,,MachineObservation,,
88725_Eden2009:deployment:0784370,2008-11-30T22:04:00,2008,11,-47.8883229971041,151.725944006445,,MachineObservation,,
13440_131190:deployment:0776273,2015-11-27T08:31:20,2015,11,-55.2204021311683,178.130506030354,,MachineObservation,,
88729_Eden2009:deployment:0786375,2008-11-29T02:40:00,2008,11,-55.755076430038,128.287680656081,,MachineObservation,,
98114_JIP2010:deployment:0790976,2010-11-13T04:15:00,2010,11,-46.7047552284242,160.293181889778,,MachineObservation,,
88738_Eden2009:deployment:0788453,2008-11-27T13:06:00,2008,11,-54.9313547409028,153.157040529745,,MachineObservation,,
88729_Eden2009:deployment:0786289,2008-11-21T22:40:00,2008,11,-50.1958285985956,133.830032775583,,MachineObservation,,
64235_JIP2010:deployment:0781431,2010-11-22T21:10:00,2010,11,-60.1754903318415,157.564072363438,,MachineObservation,,
88729_Eden2009:deployment:0786280,2008-11-21T04:40:00,2008,11,-49.6556631079106,134.472201913164,,MachineObservation,,
88732_Eden2009:deployment:0787425,2008-11-14T07:33:00,2008,11,-45.7986980545461,163.96437298925,,MachineObservation,,
88728_Eden2009:deployment:0785191,2008-11-26T00:51:00,2008,11,-52.5714467411832,155.81786930856,,MachineObservation,,
88741_Eden2009:deployment:0789113,2008-11-30T05:13:00,2008,11,-49.2787585723039,169.305887454684,,MachineObservation,,
88728_Eden2009:deployment:0785250,2008-11-30T22:51:00,2008,11,-55.6823869943107,156.414113992814,,MachineObservation,,
88729_Eden2009:deployment:0786866,2009-01-09T00:40:00,2009,1,-64.4635340041151,120.16921437836,,MachineObservation,,
urn:catalog:AADC:WC:5963,1956-01-01 00:00:00+00,1956,1,-62.5,84.5,21,HumanObservation,,AADC
88725_Eden2009:deployment:0784635,2008-12-23T00:04:00,2008,12,-62.8145518736681,157.987814739982,,MachineObservation,,
88729_Eden2009:deployment:0786459,2008-12-06T02:40:00,2008,12,-60.7578119903498,120.982926506091,,MachineObservation,,
urn:catalog:AADC:SOWS:SOWS-92722,2001-01-10 00:00:00Z,2001,1,-60.906,93.34,2,HumanObservation,,AADC
98114_JIP2010:deployment:0791030,2010-11-17T16:15:00,2010,11,-52.4840167616473,159.303321321311,,MachineObservation,,
urn:catalog:AADC:SOWS:SOWS-93736,1996-02-12 07:39:38Z,1996,2,-62.9711,101.621,1,HumanObservation,,AADC
88728_Eden2009:deployment:0785617,2008-12-31T12:51:00,2008,12,-62.2680693227798,155.709678139728,,MachineObservation,,
98114_JIP2010:deployment:0791154,2010-11-28T00:15:00,2010,11,-60.87146404899,158.1957928516,,MachineObservation,,
64235_JIP2010:deployment:0781432,2010-11-22T23:10:00,2010,11,-60.1570459014487,157.55012075018,,MachineObservation,,
88729_Eden2009:deployment:0787096,2009-01-28T04:40:00,2009,1,-62.3727422220067,103.009341506672,,MachineObservation,,
88741_Eden2009:deployment:0789570,2009-01-07T07:13:00,2009,1,-62.2401113389214,157.906324296664,,MachineObservation,,
88723_Eden2009:deployment:0783897,2009-01-10T23:02:00,2009,1,-63.9271266122243,168.594690974318,,MachineObservation,,
88732_Eden2009:deployment:0787417,2008-11-13T15:33:00,2008,11,-45.7260420981793,163.355388822505,,MachineObservation,,
98129_JIP2010:deployment:0791906,2010-12-06T00:44:00,2010,12,-47.4107796274968,150.606567755779,,MachineObservation,,
88728_Eden2009:deployment:0785163,2008-11-23T16:51:00,2008,11,-51.3793049108738,154.888691539747,,MachineObservation,,
88741_Eden2009:deployment:0789160,2008-12-04T03:13:00,2008,12,-52.005799589258,170.69651817659,,MachineObservation,,
88728_Eden2009:deployment:0785967,2009-01-29T16:51:00,2009,1,-64.691993281992,158.173391897926,,MachineObservation,,
urn:catalog:AADC:SOWS:SOWS-92815,2001-01-30 00:00:00Z,2001,1,-63.034,99.491,2,HumanObservation,,AADC
in2017_v01_09941,2017-02-17T23:57:00Z,,,-64.98583,119.73556,1,HumanObservation,,Macquarie University
88728_Eden2009:deployment:0785772,2009-01-13T10:51:00,2009,1,-63.2294611295746,156.574965005315,,MachineObservation,,
88728_Eden2009:deployment:0785477,2008-12-19T20:51:00,2008,12,-63.8973922090343,159.572184903598,,MachineObservation,,
88729_Eden2009:deployment:0786705,2008-12-26T14:40:00,2008,12,-63.4007748599417,119.490899933647,,MachineObservation,,
88732_Eden2009:deployment:0787468,2008-11-17T21:33:00,2008,11,-45.9656304609183,164.083389008759,,MachineObservation,,
13440_131178:deployment:0769179,2015-12-02T13:30:49,2015,12,-49.6785149767523,176.400627473515,,MachineObservation,,
88723_Eden2009:deployment:0783747,2008-12-29T11:02:00,2008,12,-63.0831574086806,169.65093218557,,MachineObservation,,
88729_Eden2009:deployment:0786228,2008-11-16T20:40:00,2008,11,-46.7254662603454,137.896617265348,,MachineObservation,,
88732_Eden2009:deployment:0787404,2008-11-12T13:33:00,2008,11,-45.5414503459627,162.429987829911,,MachineObservation,,
88725_Eden2009:deployment:0784425,2008-12-05T12:04:00,2008,12,-53.0448002519587,154.648250004375,,MachineObservation,,
64235_JIP2010:deployment:0781283,2010-11-10T13:10:00,2010,11,-47.4016782856527,149.462548957456,,MachineObservation,,
64235_JIP2010:deployment:0781324,2010-11-13T23:10:00,2010,11,-50.3686006912379,152.685298762074,,MachineObservation,,
88728_Eden2009:deployment:0785570,2008-12-27T14:51:00,2008,12,-62.3428376996038,155.864704651586,,MachineObservation,,
88729_Eden2009:deployment:0786611,2008-12-18T18:40:00,2008,12,-63.6343791529324,119.606890504678,,MachineObservation,,
88718_Eden2009:deployment:0782485,2008-12-16T14:34:00,2008,12,-45.5806027475617,152.235787060725,,MachineObservation,,
88725_Eden2009:deployment:0784605,2008-12-20T12:04:00,2008,12,-62.8914350738252,157.57750171055,,MachineObservation,,
88718_Eden2009:deployment:0782656,2008-12-30T20:34:00,2008,12,-58.3470280676949,171.127843756478,,MachineObservation,,
98114_JIP2010:deployment:0791164,2010-11-28T20:15:00,2010,11,-60.9406741204654,158.113420260304,,MachineObservation,,
13440_131178:deployment:0769187,2015-12-03T05:30:49,2015,12,-49.9383747715849,176.630209849907,,MachineObservation,,
88728_Eden2009:deployment:0785654,2009-01-03T14:51:00,2009,1,-62.2850011379315,155.785057140279,,MachineObservation,,
280882,2021-11-25T07:57:36,2021,11,-45.46,166.71,1,HumanObservation,Happywhale - Humpback whale in South Pacific Ocean,Happywhale.com
urn:catalog:AADC:SOWS:SOWS-92978,2000-03-13 12:37:00Z,2000,3,-64.20309,95.75795,1,HumanObservation,,AADC
88741_Eden2009:deployment:0789436,2008-12-27T03:13:00,2008,12,-63.65146477811,162.570184450857,,MachineObservation,,
13440_131190:deployment:0776330,2015-12-02T02:31:20,2015,12,-58.049409959158,178.753345945147,,MachineObservation,,
88718_Eden2009:deployment:0782524,2008-12-19T20:34:00,2008,12,-47.9497582926268,155.704442076243,,MachineObservation,,
88741_Eden2009:deployment:0789495,2009-01-01T01:13:00,2009,1,-62.6719193375199,159.611076919179,,MachineObservation,,
13440_131178:deployment:0769295,2015-12-12T05:30:49,2015,12,-54.5680693444113,177.013899260974,,MachineObservation,,
88741_Eden2009:deployment:0789065,2008-11-26T05:13:00,2008,11,-46.3350389982721,166.486857818434,,MachineObservation,,
88723_Eden2009:deployment:0783879,2009-01-09T11:02:00,2009,1,-63.59528129331,168.581002353689,,MachineObservation,,
98114_JIP2010:deployment:0791236,2010-12-04T20:15:00,2010,12,-61.4311635463409,157.393565679262,,MachineObservation,,
88738_Eden2009:deployment:0788659,2008-12-14T17:06:00,2008,12,-63.6456821858821,149.66159149735,,MachineObservation,,
88741_Eden2009:deployment:0790128,2009-02-22T19:13:00,2009,2,-64.8359640223429,163.455442521984,,MachineObservation,,
13440_131190:deployment:0776352,2015-12-03T22:31:20,2015,12,-59.4927163680892,178.766497625223,,MachineObservation,,
88729_Eden2009:deployment:0786674,2008-12-24T00:40:00,2008,12,-63.3478600052408,120.077102247684,,MachineObservation,,
88732_Eden2009:deployment:0787514,2008-11-21T17:33:00,2008,11,-46.1164106620489,164.644187473337,,MachineObservation,,
88741_Eden2009:deployment:0789674,2009-01-15T23:13:00,2009,1,-62.89147484762,156.347268676815,,MachineObservation,,
88741_Eden2009:deployment:0789641,2009-01-13T05:13:00,2009,1,-62.6368415495739,156.037115051034,,MachineObservation,,
13440_131178:deployment:0769184,2015-12-02T23:30:49,2015,12,-49.7911635829168,176.579975384342,,MachineObservation,,
88729_Eden2009:deployment:0786711,2008-12-27T02:40:00,2008,12,-63.5404826580637,119.757288513573,,MachineObservation,,
88725_Eden2009:deployment:0784492,2008-12-11T02:04:00,2008,12,-59.9946381256041,156.963320297566,,MachineObservation,,
88723_Eden2009:deployment:0783776,2008-12-31T21:02:00,2008,12,-62.9838538492533,169.409234094278,,MachineObservation,,
88741_Eden2009:deployment:0789225,2008-12-09T13:13:00,2008,12,-56.3805632907781,169.969764902126,,MachineObservation,,
88729_Eden2009:deployment:0786820,2009-01-05T04:40:00,2009,1,-64.7808222693501,120.690630276029,,MachineObservation,,
64235_JIP2010:deployment:0781454,2010-11-24T19:10:00,2010,11,-60.6107458311578,157.837812334926,,MachineObservation,,
13440_131178:deployment:0769069,2015-11-23T09:30:49,2015,11,-47.3832646946981,177.165409176581,,MachineObservation,,
88729_Eden2009:deployment:0786763,2008-12-31T10:40:00,2008,12,-64.4625700982169,119.908417197193,,MachineObservation,,
64235_JIP2010:deployment:0781360,2010-11-16T23:10:00,2010,11,-53.1403579672736,154.514124096469,,MachineObservation,,
88729_Eden2009:deployment:0786227,2008-11-16T18:40:00,2008,11,-46.6537054605752,137.965794729776,,MachineObservation,,
88728_Eden2009:deployment:0785521,2008-12-23T12:51:00,2008,12,-63.922828530506,157.070107421451,,MachineObservation,,
88729_Eden2009:deployment:0786476,2008-12-07T12:40:00,2008,12,-61.1137198387926,120.849086760043,,MachineObservation,,
13440_88727:deployment:0777116,2015-11-28T22:30:50,2015,11,-62.9760314549557,178.575659295136,,MachineObservation,,
88729_Eden2009:deployment:0786802,2009-01-03T16:40:00,2009,1,-64.8864275996802,119.836569566262,,MachineObservation,,
88728_Eden2009:deployment:0785728,2009-01-09T18:51:00,2009,1,-62.4901412544407,154.264509933182,,MachineObservation,,
88718_Eden2009:deployment:0782647,2008-12-30T02:34:00,2008,12,-57.6438810221511,170.125101917063,,MachineObservation,,
88733_Eden2009:deployment:0787948,2008-11-23T15:00:00,2008,11,-55.3069454089097,170.301344532157,,MachineObservation,,
urn:catalog:AADC:WC:5574,1933-01-01 00:00:00+00,1933,1,-61.5,84.5,1,HumanObservation,,AADC
88738_Eden2009:deployment:0788469,2008-11-28T21:06:00,2008,11,-56.6541454248219,153.557710138789,,MachineObservation,,
88725_Eden2009:deployment:0784394,2008-12-02T22:04:00,2008,12,-50.8626846998162,153.845248638975,,MachineObservation,,
in2017_v01_09907,2017-01-29T04:51:00Z,,,-64.25194,116.085,2,HumanObservation,,Macquarie University
88729_Eden2009:deployment:0786796,2009-01-03T04:40:00,2009,1,-64.8135936700566,119.634051301797,,MachineObservation,,
88741_Eden2009:deployment:0789343,2008-12-19T09:13:00,2008,12,-61.8707696759616,164.071056842872,,MachineObservation,,
88738_Eden2009:deployment:0788495,2008-12-01T01:06:00,2008,12,-59.1321790490581,152.461987724266,,MachineObservation,,
88733_Eden2009:deployment:0788017,2008-11-29T09:00:00,2008,11,-59.5940173439091,173.894679857686,,MachineObservation,,
88728_Eden2009:deployment:0785814,2009-01-16T22:51:00,2009,1,-63.7676606797298,160.154221447198,,MachineObservation,,
urn:catalog:AADC:SOWS:SOWS-92565,2002-02-05 01:50:00Z,2002,2,-62.42,94.46,2,HumanObservation,,AADC
88728_Eden2009:deployment:0785278,2008-12-03T06:51:00,2008,12,-57.3045168478784,156.770260808854,,MachineObservation,,
88729_Eden2009:deployment:0786657,2008-12-22T14:40:00,2008,12,-63.5544628612803,119.972793612637,,MachineObservation,,
88732_Eden2009:deployment:0787469,2008-11-17T23:33:00,2008,11,-45.9807807726015,164.075098704759,,MachineObservation,,
88741_Eden2009:deployment:0789834,2009-01-29T07:13:00,2009,1,-64.5293981573657,161.5602434356,,MachineObservation,,
218713,2008-01-07T09:31:26,2008,1,-62.47,87.04,1,HumanObservation,Happywhale - Humpback whale in Southern Ocean,Happywhale.com
88729_Eden2009:deployment:0786778,2009-01-01T16:40:00,2009,1,-64.5856600976004,119.710789470711,,MachineObservation,,
88729_Eden2009:deployment:0787031,2009-01-22T18:40:00,2009,1,-63.2438824520087,104.287504423544,,MachineObservation,,
88723_Eden2009:deployment:0783711,2008-12-26T11:02:00,2008,12,-63.4291348364257,169.897029924243,,MachineObservation,,
88741_Eden2009:deployment:0790345,2009-03-12T21:13:00,2009,3,-64.1845268081039,164.734706446823,,MachineObservation,,
88729_Eden2009:deployment:0786902,2009-01-12T00:40:00,2009,1,-64.5630002629315,117.745881888804,,MachineObservation,,
88741_Eden2009:deployment:0789071,2008-11-26T17:13:00,2008,11,-46.6433675309239,166.834896951113,,MachineObservation,,
98114_JIP2010:deployment:0791175,2010-11-29T18:15:00,2010,11,-60.9989640227618,158.161891957978,,MachineObservation,,
88729_Eden2009:deployment:0786599,2008-12-17T18:40:00,2008,12,-63.2391633908676,119.748106274862,,MachineObservation,,
88729_Eden2009:deployment:0787093,2009-01-27T22:40:00,2009,1,-62.5694384929757,103.145535847996,,MachineObservation,,
98129_JIP2010:deployment:0792280,2011-01-06T04:44:00,2011,1,-64.3342808313988,170.285804145456,,MachineObservation,,
88728_Eden2009:deployment:0785391,2008-12-12T16:51:00,2008,12,-61.9905126620388,156.860297642222,,MachineObservation,,
88732_Eden2009:deployment:0787585,2008-11-27T15:33:00,2008,11,-50.948734179682,163.42206280617,,MachineObservation,,
88733_Eden2009:deployment:0788040,2008-12-01T07:00:00,2008,12,-60.9604843249344,174.781948668124,,MachineObservation,,
88723_Eden2009:deployment:0783528,2008-12-11T05:02:00,2008,12,-50.890815062544,169.655733834275,,MachineObservation,,
88728_Eden2009:deployment:0785606,2008-12-30T14:51:00,2008,12,-62.1340549769905,155.657327464583,,MachineObservation,,
88725_Eden2009:deployment:0784768,2009-01-03T02:04:00,2009,1,-62.0848753537741,152.124624502241,,MachineObservation,,
88725_Eden2009:deployment:0784740,2008-12-31T18:04:00,2008,12,-62.396206373726,152.795399643948,,MachineObservation,,
88723_Eden2009:deployment:0783872,2009-01-08T21:02:00,2009,1,-63.4303494327768,168.418000647612,,MachineObservation,,
88729_Eden2009:deployment:0786442,2008-12-04T16:40:00,2008,12,-60.2669263564116,121.456028424349,,MachineObservation,,
88725_Eden2009:deployment:0784579,2008-12-18T08:04:00,2008,12,-62.81637547283,157.33287669079,,MachineObservation,,
88723_Eden2009:deployment:0783817,2009-01-04T07:02:00,2009,1,-63.4206024954403,167.459335846509,,MachineObservation,,
88729_Eden2009:deployment:0786853,2009-01-07T22:40:00,2009,1,-64.6985011589822,120.659853213325,,MachineObservation,,
98114_JIP2010:deployment:0791116,2010-11-24T20:15:00,2010,11,-60.480217328714,158.547222700839,,MachineObservation,,
88723_Eden2009:deployment:0783554,2008-12-13T09:02:00,2008,12,-52.7426970175229,171.396111651706,,MachineObservation,,
13440_131190:deployment:0776194,2015-11-20T18:31:20,2015,11,-49.533067149677,179.22486671591,,MachineObservation,,
98129_JIP2010:deployment:0791982,2010-12-12T08:44:00,2010,12,-50.9046245723629,157.195622526918,,MachineObservation,,
88729_Eden2009:deployment:0786230,2008-11-17T00:40:00,2008,11,-46.8478316363876,137.778533196464,,MachineObservation,,
urn:catalog:AADC:SOWS:SOWS-92342,2003-01-13 08:11:35Z,2003,1,-63.37,88.4,1,HumanObservation,,AADC
88741_Eden2009:deployment:0789263,2008-12-12T17:13:00,2008,12,-59.4883467515699,168.007364355481,,MachineObservation,,
88741_Eden2009:deployment:0789351,2008-12-20T01:13:00,2008,12,-61.9489046539791,163.98942966201,,MachineObservation,,
88725_Eden2009:deployment:0784770,2009-01-03T06:04:00,2009,1,-62.0745673407806,152.017969996576,,MachineObservation,,
88725_Eden2009:deployment:0784665,2008-12-25T12:04:00,2008,12,-62.4862844106549,157.664831609958,,MachineObservation,,
88732_Eden2009:deployment:0787556,2008-11-25T05:33:00,2008,11,-48.6678936715578,164.536137569648,,MachineObservation,,
88725_Eden2009:deployment:0784789,2009-01-04T20:04:00,2009,1,-61.8054189436457,151.736820965127,,MachineObservation,,
88738_Eden2009:deployment:0788625,2008-12-11T21:06:00,2008,12,-63.5485341058383,151.196561443672,,MachineObservation,,
88732_Eden2009:deployment:0787426,2008-11-14T09:33:00,2008,11,-45.8125791116521,164.010524834814,,MachineObservation,,
88732_Eden2009:deployment:0787578,2008-11-27T01:33:00,2008,11,-50.3797962249382,163.564038519659,,MachineObservation,,
13440_131178:deployment:0769049,2015-11-21T17:30:49,2015,11,-46.611621371924,177.252555873204,,MachineObservation,,
88729_Eden2009:deployment:0786225,2008-11-16T14:40:00,2008,11,-46.4975231772589,138.091740546854,,MachineObservation,,
88718_Eden2009:deployment:0782649,2008-12-30T06:34:00,2008,12,-57.793840281048,170.318995711791,,MachineObservation,,
88741_Eden2009:deployment:0789684,2009-01-16T19:13:00,2009,1,-62.6377536214389,155.771953277105,,MachineObservation,,
88733_Eden2009:deployment:0787908,2008-11-20T07:00:00,2008,11,-52.0327135457982,166.220816343858,,MachineObservation,,
88729_Eden2009:deployment:0786491,2008-12-08T18:40:00,2008,12,-61.7725285931542,119.327320522395,,MachineObservation,,
13440_131178:deployment:0769351,2015-12-16T21:30:49,2015,12,-58.9764130307982,178.466947100691,,MachineObservation,,
64235_JIP2010:deployment:0781369,2010-11-17T17:10:00,2010,11,-54.3204217431489,155.230448029609,,MachineObservation,,
88728_Eden2009:deployment:0785953,2009-01-28T12:51:00,2009,1,-64.5171106191754,158.172938803023,,MachineObservation,,
13440_131178:deployment:0769183,2015-12-02T21:30:49,2015,12,-49.7825470058912,176.538280457886,,MachineObservation,,
13440_131178:deployment:0769270,2015-12-10T03:30:49,2015,12,-53.2995607917409,178.017588462775,,MachineObservation,,
88741_Eden2009:deployment:0789561,2009-01-06T13:13:00,2009,1,-62.4133901460841,157.710446179011,,MachineObservation,,
urn:catalog:AADC:SOWS:SOWS-93682,1996-02-05 03:00:00Z,1996,2,-64.9511,88.06132,4,HumanObservation,,AADC
88723_Eden2009:deployment:0783852,2009-01-07T05:02:00,2009,1,-63.1415993754999,168.113424843183,,MachineObservation,,
urn:catalog:AADC:WC:5589,1934-01-01 00:00:00+00,1934,1,-57.5,88.5,2,HumanObservation,,AADC
88738_Eden2009:deployment:0788630,2008-12-12T07:06:00,2008,12,-63.6064628299821,150.74460249844,,MachineObservation,,
88729_Eden2009:deployment:0786869,2009-01-09T06:40:00,2009,1,-64.1952002566911,120.05343784506,,MachineObservation,,
88733_Eden2009:deployment:0788037,2008-12-01T01:00:00,2008,12,-60.8070098354732,174.750901573366,,MachineObservation,,
88738_Eden2009:deployment:0788446,2008-11-26T23:06:00,2008,11,-53.848572959229,152.858412354229,,MachineObservation,,
88729_Eden2009:deployment:0786650,2008-12-22T00:40:00,2008,12,-63.4691726380796,119.84738745551,,MachineObservation,,
88741_Eden2009:deployment:0789795,2009-01-26T01:13:00,2009,1,-64.2359826974731,160.746894399197,,MachineObservation,,
88725_Eden2009:deployment:0784662,2008-12-25T06:04:00,2008,12,-62.4487725043197,157.539566440144,,MachineObservation,,
88725_Eden2009:deployment:0784591,2008-12-19T08:04:00,2008,12,-62.8651249549227,157.408551644293,,MachineObservation,,
88729_Eden2009:deployment:0787040,2009-01-23T12:40:00,2009,1,-63.3907941723121,103.795862548275,,MachineObservation,,
88733_Eden2009:deployment:0787958,2008-11-24T11:00:00,2008,11,-55.58580053751,170.976217599137,,MachineObservation,,
88741_Eden2009:deployment:0789454,2008-12-28T15:13:00,2008,12,-63.6450076403438,160.995836647905,,MachineObservation,,
88728_Eden2009:deployment:0785602,2008-12-30T06:51:00,2008,12,-62.1392002692506,155.729445063138,,MachineObservation,,
98114_JIP2010:deployment:0790958,2010-11-11T16:15:00,2010,11,-45.1169437225429,159.959420448443,,MachineObservation,,
urn:catalog:AADC:WC:5899,1939-01-01 00:00:00+00,1939,1,-61.5,94.5,10,HumanObservation,,AADC
88729_Eden2009:deployment:0786359,2008-11-27T18:40:00,2008,11,-54.4947432732655,129.539744923669,,MachineObservation,,
88725_Eden2009:deployment:0784714,2008-12-29T14:04:00,2008,12,-62.7327199182137,153.35062170598,,MachineObservation,,
88738_Eden2009:deployment:0788658,2008-12-14T15:06:00,2008,12,-63.6375691779671,149.737435515063,,MachineObservation,,
88728_Eden2009:deployment:0785939,2009-01-27T08:51:00,2009,1,-64.3243515728061,157.995838572629,,MachineObservation,,
88725_Eden2009:deployment:0784341,2008-11-28T12:04:00,2008,11,-45.2346041480737,150.162118336695,,MachineObservation,,
218710,2008-01-07T08:09:52,2008,1,-62.47,87.04,1,HumanObservation,Happywhale - Humpback whale in Southern Ocean,Happywhale.com
88728_Eden2009:deployment:0785185,2008-11-25T12:51:00,2008,11,-52.1927139965463,155.831821573482,,MachineObservation,,
98129_JIP2010:deployment:0791960,2010-12-10T12:44:00,2010,12,-49.314150220841,155.255203033319,,MachineObservation,,
88729_Eden2009:deployment:0786369,2008-11-28T14:40:00,2008,11,-55.3215447259938,128.855263231257,,MachineObservation,,
98129_JIP2010:deployment:0792009,2010-12-14T14:44:00,2010,12,-52.0925080247317,158.799522663271,,MachineObservation,,
13440_131190:deployment:0776227,2015-11-23T12:31:20,2015,11,-51.2575960858944,177.678138772349,,MachineObservation,,
88725_Eden2009:deployment:0784823,2009-01-07T16:04:00,2009,1,-62.1330389174991,150.394488717993,,MachineObservation,,
88728_Eden2009:deployment:0785900,2009-01-24T02:51:00,2009,1,-64.8650702645756,159.876725633424,,MachineObservation,,
urn:catalog:AADC:WC:5823,1938-01-01 00:00:00+00,1938,1,-59.5,91.5,4,HumanObservation,,AADC
88729_Eden2009:deployment:0786874,2009-01-09T16:40:00,2009,1,-64.1823403409542,119.692589440473,,MachineObservation,,
88728_Eden2009:deployment:0785736,2009-01-10T10:51:00,2009,1,-62.0907256054076,154.434823314229,,MachineObservation,,
88728_Eden2009:deployment:0785973,2009-01-30T04:51:00,2009,1,-64.7786007006241,158.204939322004,,MachineObservation,,
88729_Eden2009:deployment:0787038,2009-01-23T08:40:00,2009,1,-63.4044436043688,103.846414791116,,MachineObservation,,
88741_Eden2009:deployment:0790118,2009-02-21T23:13:00,2009,2,-64.6922705805982,164.266619766286,,MachineObservation,,
64235_JIP2010:deployment:0781426,2010-11-22T11:10:00,2010,11,-60.1887567511207,157.608479444778,,MachineObservation,,
88741_Eden2009:deployment:0789805,2009-01-26T21:13:00,2009,1,-64.29253346359,161.004366246928,,MachineObservation,,
88738_Eden2009:deployment:0788531,2008-12-04T01:06:00,2008,12,-60.0235378028317,150.909398714324,,MachineObservation,,
urn:catalog:AADC:WC:5888,1939-01-01 00:00:00+00,1939,1,-60.5,91.5,1,HumanObservation,,AADC
88723_Eden2009:deployment:0783622,2008-12-19T01:02:00,2008,12,-59.0930909380421,171.974527007963,,MachineObservation,,
88728_Eden2009:deployment:0785633,2009-01-01T20:51:00,2009,1,-62.2222525646085,155.71213683573,,MachineObservation,,
13440_131178:deployment:0769304,2015-12-12T23:30:49,2015,12,-55.2064017539183,177.463599631147,,MachineObservation,,
13440_131178:deployment:0769164,2015-12-01T07:30:49,2015,12,-49.5808833438875,177.046968067512,,MachineObservation,,
88729_Eden2009:deployment:0787070,2009-01-26T00:40:00,2009,1,-62.7367183861232,103.321444165989,,MachineObservation,,
88725_Eden2009:deployment:0784822,2009-01-07T14:04:00,2009,1,-62.0162636435125,150.412907216016,,MachineObservation,,
88741_Eden2009:deployment:0790369,2009-03-14T21:13:00,2009,3,-64.3149159912775,165.206744623349,,MachineObservation,,
88728_Eden2009:deployment:0785516,2008-12-23T02:51:00,2008,12,-64.0037121280652,157.15853818003,,MachineObservation,,
88741_Eden2009:deployment:0789725,2009-01-20T05:13:00,2009,1,-63.7078260802311,155.354898437483,,MachineObservation,,
88723_Eden2009:deployment:0783783,2009-01-01T11:02:00,2009,1,-63.0901756795505,168.155387891075,,MachineObservation,,
64235_JIP2010:deployment:0781316,2010-11-13T07:10:00,2010,11,-49.6693807988241,152.259106539605,,MachineObservation,,
88723_Eden2009:deployment:0783801,2009-01-02T23:02:00,2009,1,-63.3537562181447,168.16796934646,,MachineObservation,,
98129_JIP2010:deployment:0792167,2010-12-27T18:44:00,2010,12,-57.7455263012474,169.325047101375,,MachineObservation,,
88741_Eden2009:deployment:0789051,2008-11-25T01:13:00,2008,11,-45.4456825986856,166.364148506223,,MachineObservation,,
88729_Eden2009:deployment:0786297,2008-11-22T14:40:00,2008,11,-50.3734877295801,133.372535690041,,MachineObservation,,
98114_JIP2010:deployment:0791228,2010-12-04T04:15:00,2010,12,-61.3324886748939,157.604637501872,,MachineObservation,,
88738_Eden2009:deployment:0788373,2008-11-20T21:06:00,2008,11,-47.3456406651376,148.31486042194,,MachineObservation,,
13440_131178:deployment:0769369,2015-12-18T09:30:49,2015,12,-60.7869129722848,179.762068821178,,MachineObservation,,
88741_Eden2009:deployment:0789440,2008-12-27T11:13:00,2008,12,-63.7903674811721,162.192169285505,,MachineObservation,,
88725_Eden2009:deployment:0784500,2008-12-11T18:04:00,2008,12,-60.7579008287723,156.537786579058,,MachineObservation,,
in2017_v01_09910,2017-01-29T06:05:00Z,,,-64.25194,116.16222,2,HumanObservation,,Macquarie University
88725_Eden2009:deployment:0784601,2008-12-20T04:04:00,2008,12,-62.8624295936248,157.643625803748,,MachineObservation,,
88728_Eden2009:deployment:0785999,2009-02-01T08:51:00,2009,2,-64.6846173221213,158.163959566163,,MachineObservation,,
88728_Eden2009:deployment:0785950,2009-01-28T06:51:00,2009,1,-64.5245094667358,158.120653531632,,MachineObservation,,
88725_Eden2009:deployment:0784723,2008-12-30T08:04:00,2008,12,-62.6134712993323,153.329499887988,,MachineObservation,,
13440_131190:deployment:0776216,2015-11-22T14:31:20,2015,11,-50.4572515502943,178.052055368172,,MachineObservation,,
88741_Eden2009:deployment:0790349,2009-03-13T05:13:00,2009,3,-64.1960941907541,164.875928783011,,MachineObservation,,
88732_Eden2009:deployment:0787541,2008-11-23T23:33:00,2008,11,-47.3240293308842,165.23285868034,,MachineObservation,,
88723_Eden2009:deployment:0783781,2009-01-01T07:02:00,2009,1,-63.0600935050186,168.469482606642,,MachineObservation,,
88733_Eden2009:deployment:0787834,2008-11-14T03:00:00,2008,11,-48.368064135207,159.493081828729,,MachineObservation,,
98129_JIP2010:deployment:0792307,2011-01-08T10:44:00,2011,1,-64.8263826901549,170.371690328385,,MachineObservation,,
88729_Eden2009:deployment:0786471,2008-12-07T02:40:00,2008,12,-60.8677466843777,120.891789167301,,MachineObservation,,
88718_Eden2009:deployment:0782609,2008-12-26T22:34:00,2008,12,-54.508081148614,164.581264580183,,MachineObservation,,
98129_JIP2010:deployment:0792218,2011-01-01T00:44:00,2011,1,-61.9713718183181,169.148424607676,,MachineObservation,,
13440_88727:deployment:0777113,2015-11-28T16:30:50,2015,11,-62.5973431597865,178.804607988562,,MachineObservation,,
88725_Eden2009:deployment:0784659,2008-12-25T00:04:00,2008,12,-62.5176942159386,157.432389970372,,MachineObservation,,
88729_Eden2009:deployment:0786594,2008-12-17T08:40:00,2008,12,-63.1944651358698,119.583284088532,,MachineObservation,,
88738_Eden2009:deployment:0788767,2008-12-23T17:06:00,2008,12,-64.4162043191391,148.330997134597,,MachineObservation,,
88729_Eden2009:deployment:0786665,2008-12-23T06:40:00,2008,12,-63.6960348240251,119.784492417701,,MachineObservation,,
88718_Eden2009:deployment:0782630,2008-12-28T16:34:00,2008,12,-56.0938520528736,167.316530204731,,MachineObservation,,
98129_JIP2010:deployment:0792288,2011-01-06T20:44:00,2011,1,-64.3598464524814,170.174063354673,,MachineObservation,,
98129_JIP2010:deployment:0792141,2010-12-25T14:44:00,2010,12,-57.6375988547944,166.922472589149,,MachineObservation,,
88741_Eden2009:deployment:0789191,2008-12-06T17:13:00,2008,12,-54.5457780195571,170.616365457997,,MachineObservation,,
64235_JIP2010:deployment:0781380,2010-11-18T15:10:00,2010,11,-55.3420926784255,155.22231715775,,MachineObservation,,
88729_Eden2009:deployment:0787009,2009-01-20T22:40:00,2009,1,-63.1034218355674,105.785398890991,,MachineObservation,,
88723_Eden2009:deployment:0783665,2008-12-22T15:02:00,2008,12,-62.9503810996891,170.583238973847,,MachineObservation,,
88728_Eden2009:deployment:0785723,2009-01-09T08:51:00,2009,1,-62.5401677446523,154.00863010287,,MachineObservation,,
13440_131178:deployment:0769269,2015-12-10T01:30:49,2015,12,-53.2273900936087,177.980907266295,,MachineObservation,,
88729_Eden2009:deployment:0787117,2009-01-29T22:40:00,2009,1,-62.4322792191652,102.647254415484,,MachineObservation,,
88729_Eden2009:deployment:0786412,2008-12-02T04:40:00,2008,12,-57.70607670596,124.178543235504,,MachineObservation,,
https://www.inaturalist.org/observations/250092526,2017-01-30T13:44:00+08:00,,,-64.0631696668,113.839635,,HumanObservation,iNaturalist research-grade observations,iNaturalist
64235_JIP2010:deployment:0781424,2010-11-22T07:10:00,2010,11,-60.1330982329848,157.611193418522,,MachineObservation,,
88741_Eden2009:deployment:0789300,2008-12-15T19:13:00,2008,12,-62.0065571122903,165.117865112553,,MachineObservation,,
88733_Eden2009:deployment:0787893,2008-11-19T01:00:00,2008,11,-50.9662665103548,164.838932805302,,MachineObservation,,
64235_JIP2010:deployment:0781299,2010-11-11T21:10:00,2010,11,-48.6477415627157,150.45666848894,,MachineObservation,,
88729_Eden2009:deployment:0786671,2008-12-23T18:40:00,2008,12,-63.4972166732066,120.042414304296,,MachineObservation,,
88741_Eden2009:deployment:0789539,2009-01-04T17:13:00,2009,1,-62.3831285340423,157.731447597948,,MachineObservation,,
98129_JIP2010:deployment:0792117,2010-12-23T14:44:00,2010,12,-56.3629079643675,165.459954720844,,MachineObservation,,
NZHB-176,1997-07-07,,,-45.2833,166.9167,6,HumanObservation,Humpback whale sightings around New Zealand 1970-1999,DoC
13440_131178:deployment:0769065,2015-11-23T01:30:49,2015,11,-47.2051454137194,177.360301157006,,MachineObservation,,
88718_Eden2009:deployment:0782759,2009-01-08T10:34:00,2009,1,-64.9472695775414,179.452030987507,,MachineObservation,,
88725_Eden2009:deployment:0784704,2008-12-28T18:04:00,2008,12,-62.9410650146523,154.457273186079,,MachineObservation,,
13440_131190:deployment:0776350,2015-12-03T18:31:20,2015,12,-59.3539247584753,178.926482259208,,MachineObservation,,
88718_Eden2009:deployment:0782632,2008-12-28T20:34:00,2008,12,-56.2380358228274,167.702550146456,,MachineObservation,,
88732_Eden2009:deployment:0787537,2008-11-23T15:33:00,2008,11,-46.9956094912933,165.233717295926,,MachineObservation,,
88733_Eden2009:deployment:0787933,2008-11-22T09:00:00,2008,11,-54.539452333969,168.672676506547,,MachineObservation,,
88729_Eden2009:deployment:0786723,2008-12-28T02:40:00,2008,12,-63.3664949316637,119.25296796549,,MachineObservation,,
88741_Eden2009:deployment:0789636,2009-01-12T19:13:00,2009,1,-62.69863912835,155.986820878871,,MachineObservation,,
98129_JIP2010:deployment:0792176,2010-12-28T12:44:00,2010,12,-58.2988427094498,170.052498601866,,MachineObservation,,
13440_131190:deployment:0776470,2015-12-13T18:31:20,2015,12,-63.6460069761546,177.370379576037,,MachineObservation,,
88725_Eden2009:deployment:0784573,2008-12-17T20:04:00,2008,12,-62.6949887301272,156.994257363989,,MachineObservation,,
13440_131190:deployment:0776250,2015-11-25T10:31:20,2015,11,-53.0896375673287,177.378315973967,,MachineObservation,,
88725_Eden2009:deployment:0784610,2008-12-20T22:04:00,2008,12,-62.8324424171721,157.970711555819,,MachineObservation,,
13440_88727:deployment:0777118,2015-11-29T02:30:50,2015,11,-63.1041771283423,178.901605490738,,MachineObservation,,
88728_Eden2009:deployment:0785820,2009-01-17T10:51:00,2009,1,-63.9003437742916,161.131296233899,,MachineObservation,,
88729_Eden2009:deployment:0787007,2009-01-20T18:40:00,2009,1,-63.1616065546755,106.069810970899,,MachineObservation,,
88728_Eden2009:deployment:0785070,2008-11-15T22:51:00,2008,11,-45.7054228517579,151.328084104663,,MachineObservation,,
64235_JIP2010:deployment:0781413,2010-11-21T09:10:00,2010,11,-59.1759280236832,157.702728320916,,MachineObservation,,
13440_131190:deployment:0776319,2015-12-01T04:31:20,2015,12,-57.0958447167596,178.5465570796,,MachineObservation,,
88741_Eden2009:deployment:0789186,2008-12-06T07:13:00,2008,12,-54.0335027768977,170.466431714567,,MachineObservation,,
88738_Eden2009:deployment:0788594,2008-12-09T07:06:00,2008,12,-62.889999368364,150.295709521126,,MachineObservation,,
88738_Eden2009:deployment:0788486,2008-11-30T07:06:00,2008,11,-58.6805638183547,153.0087376641,,MachineObservation,,
13440_131190:deployment:0776480,2015-12-14T14:31:20,2015,12,-63.4619047739409,178.352461105959,,MachineObservation,,
88728_Eden2009:deployment:0785490,2008-12-20T22:51:00,2008,12,-64.0968097631326,158.392439160867,,MachineObservation,,
98114_JIP2010:deployment:0791237,2010-12-04T22:15:00,2010,12,-61.4493301088091,157.411363721588,,MachineObservation,,
13440_131178:deployment:0769333,2015-12-15T09:30:49,2015,12,-57.4987630607044,177.627904639552,,MachineObservation,,
88728_Eden2009:deployment:0785321,2008-12-06T20:51:00,2008,12,-60.5308759137436,155.898978367393,,MachineObservation,,
88723_Eden2009:deployment:0783790,2009-01-02T01:02:00,2009,1,-63.241402788122,168.085519854941,,MachineObservation,,
88728_Eden2009:deployment:0785095,2008-11-18T00:51:00,2008,11,-46.9920895668112,152.001751930943,,MachineObservation,,
88725_Eden2009:deployment:0784475,2008-12-09T16:04:00,2008,12,-58.3534121116386,157.93991993747,,MachineObservation,,
88728_Eden2009:deployment:0785983,2009-01-31T00:51:00,2009,1,-64.736548516877,158.59829264817,,MachineObservation,,
88733_Eden2009:deployment:0787790,2008-11-10T11:00:00,2008,11,-46.9353069514909,155.981103077335,,MachineObservation,,
13440_131178:deployment:0769100,2015-11-25T23:30:49,2015,11,-48.4951647524227,176.875837995897,,MachineObservation,,
98129_JIP2010:deployment:0792254,2011-01-04T00:44:00,2011,1,-62.9693817376237,169.796948702248,,MachineObservation,,
88728_Eden2009:deployment:0785790,2009-01-14T22:51:00,2009,1,-63.6583431962675,159.237803227109,,MachineObservation,,
98129_JIP2010:deployment:0792189,2010-12-29T14:44:00,2010,12,-59.1518810363894,170.173951239889,,MachineObservation,,
88729_Eden2009:deployment:0786245,2008-11-18T06:40:00,2008,11,-47.4645831924621,136.769167357416,,MachineObservation,,
88741_Eden2009:deployment:0789180,2008-12-05T19:13:00,2008,12,-53.4249328791639,170.352284745507,,MachineObservation,,
88723_Eden2009:deployment:0783759,2008-12-30T11:02:00,2008,12,-63.1179315814181,169.794468385745,,MachineObservation,,
98129_JIP2010:deployment:0792076,2010-12-20T04:44:00,2010,12,-53.9634163238185,163.120172750642,,MachineObservation,,
88728_Eden2009:deployment:0785594,2008-12-29T14:51:00,2008,12,-61.9008166194096,155.552488976822,,MachineObservation,,
88723_Eden2009:deployment:0783750,2008-12-29T17:02:00,2008,12,-63.213224423235,169.808911024725,,MachineObservation,,
88741_Eden2009:deployment:0789688,2009-01-17T03:13:00,2009,1,-62.5371410947846,155.631451095128,,MachineObservation,,
88729_Eden2009:deployment:0786320,2008-11-24T12:40:00,2008,11,-51.9737632948553,132.076539901168,,MachineObservation,,
98129_JIP2010:deployment:0791857,2010-12-01T22:44:00,2010,12,-46.3456792682202,147.827923856245,,MachineObservation,,
64235_JIP2010:deployment:0781448,2010-11-24T07:10:00,2010,11,-60.5559836294969,157.778986406522,,MachineObservation,,
88725_Eden2009:deployment:0784339,2008-11-28T08:04:00,2008,11,-45.0456487672715,149.979810207741,,MachineObservation,,
in2017_v01_09296,2017-01-27T02:43:00Z,,,-64.71833,114.45944,1,HumanObservation,,Macquarie University
88723_Eden2009:deployment:0783545,2008-12-12T15:02:00,2008,12,-51.9447068383277,170.514529516979,,MachineObservation,,
88729_Eden2009:deployment:0786733,2008-12-28T22:40:00,2008,12,-63.785481975672,117.957574578393,,MachineObservation,,
13440_131190:deployment:0776357,2015-12-04T08:31:20,2015,12,-59.729293788281,178.575546641794,,MachineObservation,,
urn:catalog:AADC:SOWS:SOWS-93567,1998-02-16 10:29:15Z,1998,2,-62.504,89.2722,3,HumanObservation,,AADC
98129_JIP2010:deployment:0792251,2011-01-03T18:44:00,2011,1,-62.8281425986317,169.687723701335,,MachineObservation,,
88729_Eden2009:deployment:0786784,2009-01-02T04:40:00,2009,1,-64.6744221976434,119.645890664569,,MachineObservation,,
98129_JIP2010:deployment:0792045,2010-12-17T14:44:00,2010,12,-53.8255434785066,161.429942329651,,MachineObservation,,
88729_Eden2009:deployment:0787118,2009-01-30T00:40:00,2009,1,-62.3791868195287,102.629219189914,,MachineObservation,,
98114_JIP2010:deployment:0790974,2010-11-13T00:15:00,2010,11,-46.5230460741086,160.289581751074,,MachineObservation,,
98129_JIP2010:deployment:0792285,2011-01-06T14:44:00,2011,1,-64.3238110541284,170.418013712856,,MachineObservation,,
98114_JIP2010:deployment:0790989,2010-11-14T06:15:00,2010,11,-47.8384910664777,160.36992103394,,MachineObservation,,
urn:catalog:AADC:SOWS:SOWS-93701,1996-02-06 00:00:26Z,1996,2,-63.01335,88.38057,1,HumanObservation,,AADC
88729_Eden2009:deployment:0786859,2009-01-08T10:40:00,2009,1,-64.6896740463035,120.470838388895,,MachineObservation,,
88733_Eden2009:deployment:0788044,2008-12-01T15:00:00,2008,12,-61.5085505292846,174.907949745118,,MachineObservation,,
88738_Eden2009:deployment:0788646,2008-12-13T15:06:00,2008,12,-63.5874015662364,150.208748107156,,MachineObservation,,
88741_Eden2009:deployment:0789392,2008-12-23T11:13:00,2008,12,-62.3977580315361,163.548363281834,,MachineObservation,,
88741_Eden2009:deployment:0789653,2009-01-14T05:13:00,2009,1,-62.6175262740241,156.109477491832,,MachineObservation,,
88733_Eden2009:deployment:0787989,2008-11-27T01:00:00,2008,11,-57.4577551129145,171.850839654931,,MachineObservation,,
88729_Eden2009:deployment:0786211,2008-11-15T10:40:00,2008,11,-45.773946483335,139.141106174519,,MachineObservation,,
urn:catalog:AADC:WC:5610,1934-01-01 00:00:00+00,1934,1,-63.5,83.5,2,HumanObservation,,AADC
64235_JIP2010:deployment:0781410,2010-11-21T03:10:00,2010,11,-58.7986924932895,157.652515510062,,MachineObservation,,
88733_Eden2009:deployment:0787914,2008-11-20T19:00:00,2008,11,-52.6134638157576,166.92317865252,,MachineObservation,,
88729_Eden2009:deployment:0786522,2008-12-11T08:40:00,2008,12,-62.6060157056421,118.859341676194,,MachineObservation,,
88729_Eden2009:deployment:0787041,2009-01-23T14:40:00,2009,1,-63.3723355428838,103.785921587313,,MachineObservation,,
88728_Eden2009:deployment:0785081,2008-11-16T20:51:00,2008,11,-46.2490890211661,151.673718049944,,MachineObservation,,
88741_Eden2009:deployment:0789195,2008-12-07T01:13:00,2008,12,-54.9581028704564,170.870903366343,,MachineObservation,,
88729_Eden2009:deployment:0786342,2008-11-26T08:40:00,2008,11,-53.3671765641705,131.092630878721,,MachineObservation,,
98129_JIP2010:deployment:0792025,2010-12-15T22:44:00,2010,12,-53.0551162598075,159.520722004542,,MachineObservation,,
88741_Eden2009:deployment:0789137,2008-12-02T05:13:00,2008,12,-50.3064862387232,170.410362157286,,MachineObservation,,
88728_Eden2009:deployment:0785611,2008-12-31T00:51:00,2008,12,-62.0698980028373,155.640338406701,,MachineObservation,,
88728_Eden2009:deployment:0785731,2009-01-10T00:51:00,2009,1,-62.3012235415946,154.209947228303,,MachineObservation,,
13440_88727:deployment:0777173,2015-12-03T16:30:50,2015,12,-63.9835052836646,179.982505692937,,MachineObservation,,
13440_88727:deployment:0777120,2015-11-29T06:30:50,2015,11,-63.0856541457065,179.109588019223,,MachineObservation,,
88741_Eden2009:deployment:0789185,2008-12-06T05:13:00,2008,12,-53.9253967235078,170.431758860232,,MachineObservation,,
98114_JIP2010:deployment:0791106,2010-11-24T00:15:00,2010,11,-60.3703013062608,158.502525120047,,MachineObservation,,
88723_Eden2009:deployment:0783562,2008-12-14T01:02:00,2008,12,-53.4824984201772,171.82062863439,,MachineObservation,,
88728_Eden2009:deployment:0785148,2008-11-22T10:51:00,2008,11,-50.391181702386,153.834499437383,,MachineObservation,,
88728_Eden2009:deployment:0785909,2009-01-24T20:51:00,2009,1,-64.7042266838174,159.925575197135,,MachineObservation,,
urn:catalog:AADC:WC:5733,1937-01-01 00:00:00+00,1937,1,-59.5,84.5,24,HumanObservation,,AADC
88733_Eden2009:deployment:0788032,2008-11-30T15:00:00,2008,11,-60.5975019289398,174.60490770936,,MachineObservation,,
88723_Eden2009:deployment:0783479,2008-12-07T03:02:00,2008,12,-46.4607104841084,166.122899747799,,MachineObservation,,
13440_131178:deployment:0769285,2015-12-11T09:30:49,2015,12,-54.174211494242,177.38365535537,,MachineObservation,,
98129_JIP2010:deployment:0792169,2010-12-27T22:44:00,2010,12,-57.829969274171,169.58980653287,,MachineObservation,,
88741_Eden2009:deployment:0789773,2009-01-24T05:13:00,2009,1,-64.424103278227,160.568106602512,,MachineObservation,,
88729_Eden2009:deployment:0786927,2009-01-14T02:40:00,2009,1,-63.8915148068564,115.454426218425,,MachineObservation,,
88733_Eden2009:deployment:0787900,2008-11-19T15:00:00,2008,11,-51.4691979281343,165.377876386647,,MachineObservation,,
88729_Eden2009:deployment:0786947,2009-01-15T18:40:00,2009,1,-63.7434249593439,114.075365176799,,MachineObservation,,
88729_Eden2009:deployment:0787005,2009-01-20T14:40:00,2009,1,-63.2458600889084,106.099489514736,,MachineObservation,,
98129_JIP2010:deployment:0792082,2010-12-20T16:44:00,2010,12,-54.1972540554231,163.383284935411,,MachineObservation,,
64235_JIP2010:deployment:0781284,2010-11-10T15:10:00,2010,11,-47.4637465926157,149.524337657338,,MachineObservation,,
88729_Eden2009:deployment:0786487,2008-12-08T10:40:00,2008,12,-61.5235558472632,119.477116007404,,MachineObservation,,
88728_Eden2009:deployment:0785998,2009-02-01T06:51:00,2009,2,-64.7195259206256,158.156440892459,,MachineObservation,,
98129_JIP2010:deployment:0792201,2010-12-30T14:44:00,2010,12,-60.4605939425832,169.540285309134,,MachineObservation,,
88741_Eden2009:deployment:0789813,2009-01-27T13:13:00,2009,1,-64.1681198450728,160.871317695448,,MachineObservation,,
88718_Eden2009:deployment:0782713,2009-01-04T14:34:00,2009,1,-62.9344718948533,177.278263689827,,MachineObservation,,
88733_Eden2009:deployment:0787909,2008-11-20T09:00:00,2008,11,-52.1042267688865,166.320401584174,,MachineObservation,,
98114_JIP2010:deployment:0791167,2010-11-29T02:15:00,2010,11,-60.9561661226438,158.086610469924,,MachineObservation,,
88723_Eden2009:deployment:0783827,2009-01-05T03:02:00,2009,1,-63.3883646439032,167.503468097006,,MachineObservation,,
88723_Eden2009:deployment:0783752,2008-12-29T21:02:00,2008,12,-63.2319100302505,169.853373228211,,MachineObservation,,
88718_Eden2009:deployment:0782491,2008-12-17T02:34:00,2008,12,-46.0081682782145,153.17869880762,,MachineObservation,,
88718_Eden2009:deployment:0782720,2009-01-05T04:34:00,2009,1,-63.0999951046485,177.053198662941,,MachineObservation,,
88741_Eden2009:deployment:0789661,2009-01-14T21:13:00,2009,1,-62.8784668630606,156.162291385442,,MachineObservation,,
88725_Eden2009:deployment:0784817,2009-01-07T04:04:00,2009,1,-61.8033154536154,150.420839452927,,MachineObservation,,
88725_Eden2009:deployment:0784421,2008-12-05T04:04:00,2008,12,-52.8320479029428,154.587151430494,,MachineObservation,,
88741_Eden2009:deployment:0789462,2008-12-29T07:13:00,2008,12,-63.1293535816601,160.530680464248,,MachineObservation,,
in2017_v01_09288,2017-01-24T00:57:00Z,,,-64.5575,116.5,1,HumanObservation,,Macquarie University
88729_Eden2009:deployment:0786250,2008-11-18T16:40:00,2008,11,-47.6358387499671,136.304048182459,,MachineObservation,,
88741_Eden2009:deployment:0789456,2008-12-28T19:13:00,2008,12,-63.4798762332614,160.899594488482,,MachineObservation,,
13440_131178:deployment:0769327,2015-12-14T21:30:49,2015,12,-56.9964804931,177.333009212656,,MachineObservation,,
urn:catalog:AADC:WC:5798,1938-01-01 00:00:00+00,1938,1,-57.5,83.5,40,HumanObservation,,AADC
urn:catalog:AADC:WC:5927,1950-01-01 00:00:00+00,1950,1,-60.5,84.5,31,HumanObservation,,AADC
88728_Eden2009:deployment:0785926,2009-01-26T06:51:00,2009,1,-64.0120607856396,158.517637974727,,MachineObservation,,
13440_131178:deployment:0769114,2015-11-27T03:30:49,2015,11,-48.9681329730202,176.853150324383,,MachineObservation,,
88728_Eden2009:deployment:0785792,2009-01-15T02:51:00,2009,1,-63.6716474955897,159.266107654701,,MachineObservation,,
88718_Eden2009:deployment:0782567,2008-12-23T10:34:00,2008,12,-51.4422114583076,160.689345408298,,MachineObservation,,
88725_Eden2009:deployment:0784359,2008-11-30T00:04:00,2008,11,-46.8758668441839,151.295705932389,,MachineObservation,,
88723_Eden2009:deployment:0783639,2008-12-20T11:02:00,2008,12,-60.7969977359307,171.785378087829,,MachineObservation,,
88729_Eden2009:deployment:0786495,2008-12-09T02:40:00,2008,12,-61.9417873752809,119.153666857108,,MachineObservation,,
88741_Eden2009:deployment:0789485,2008-12-31T05:13:00,2008,12,-62.7963588456709,160.126299004409,,MachineObservation,,
88733_Eden2009:deployment:0787827,2008-11-13T13:00:00,2008,11,-48.1282526832326,158.938324048481,,MachineObservation,,
88741_Eden2009:deployment:0789244,2008-12-11T03:13:00,2008,12,-57.4970258223065,169.009931180686,,MachineObservation,,
88741_Eden2009:deployment:0790119,2009-02-22T01:13:00,2009,2,-64.7244478579759,164.127479044231,,MachineObservation,,
88741_Eden2009:deployment:0789277,2008-12-13T21:13:00,2008,12,-60.4544831528928,167.209054100973,,MachineObservation,,
urn:catalog:AADC:WC:5702,1936-01-01 00:00:00+00,1936,1,-58.5,89.5,12,HumanObservation,,AADC
88725_Eden2009:deployment:0784560,2008-12-16T18:04:00,2008,12,-62.3856846844795,156.649567367842,,MachineObservation,,
88741_Eden2009:deployment:0789746,2009-01-21T23:13:00,2009,1,-63.3389840671969,158.376466144405,,MachineObservation,,
98129_JIP2010:deployment:0792206,2010-12-31T00:44:00,2010,12,-60.9917215809037,169.255925362979,,MachineObservation,,
229465,2014-10-27T06:25:50,2014,10,-45.73,166.5,1,HumanObservation,Happywhale - Humpback whale in South Pacific Ocean,Happywhale.com
88733_Eden2009:deployment:0788082,2008-12-04T19:00:00,2008,12,-64.1227367012758,176.345954137737,,MachineObservation,,
88725_Eden2009:deployment:0784666,2008-12-25T14:04:00,2008,12,-62.5384128242006,157.703003713919,,MachineObservation,,
88741_Eden2009:deployment:0789537,2009-01-04T13:13:00,2009,1,-62.3326566066616,157.874432053303,,MachineObservation,,
88738_Eden2009:deployment:0788712,2008-12-19T03:06:00,2008,12,-64.1196503016852,148.92926084572,,MachineObservation,,
88738_Eden2009:deployment:0788648,2008-12-13T19:06:00,2008,12,-63.6357824364512,150.122188326894,,MachineObservation,,
88723_Eden2009:deployment:0783907,2009-01-11T19:02:00,2009,1,-64.0153648095657,168.560709554381,,MachineObservation,,
88741_Eden2009:deployment:0789405,2008-12-24T13:13:00,2008,12,-62.9244433218601,163.124224620619,,MachineObservation,,
88723_Eden2009:deployment:0783675,2008-12-23T11:02:00,2008,12,-63.0367929486755,170.49862843895,,MachineObservation,,
88728_Eden2009:deployment:0785946,2009-01-27T22:51:00,2009,1,-64.5163589331327,158.001850087948,,MachineObservation,,
88723_Eden2009:deployment:0783632,2008-12-19T21:02:00,2008,12,-60.1272559030077,171.75872291807,,MachineObservation,,
13440_131178:deployment:0769040,2015-11-20T23:30:49,2015,11,-46.1135330635792,177.57619471266,,MachineObservation,,
13440_131178:deployment:0769329,2015-12-15T01:30:49,2015,12,-57.1407026719076,177.375086015728,,MachineObservation,,
411,2006-03-12T0000+12,2006,3,-63.833333,163.733333,1,HumanObservation,"TAN0602 - Antarctic Biodiversity Studies (Ross Sea, Scott Island, and Balleny Islands) 2006",NIWA
in2017_v01_09927,2017-02-06T05:11:00Z,,,-64.66861,118.35194,2,HumanObservation,,Macquarie University
88741_Eden2009:deployment:0789228,2008-12-09T19:13:00,2008,12,-56.7792854202672,169.989121615113,,MachineObservation,,
88729_Eden2009:deployment:0786255,2008-11-19T02:40:00,2008,11,-47.872928682685,135.817719668699,,MachineObservation,,
88738_Eden2009:deployment:0788617,2008-12-11T05:06:00,2008,12,-63.357294082997,150.984788386909,,MachineObservation,,
98114_JIP2010:deployment:0791022,2010-11-17T00:15:00,2010,11,-51.3859942899862,159.665654118131,,MachineObservation,,
88729_Eden2009:deployment:0786601,2008-12-17T22:40:00,2008,12,-63.2442546651153,119.86509342524,,MachineObservation,,
88733_Eden2009:deployment:0787952,2008-11-23T23:00:00,2008,11,-55.4170723653566,170.532274885588,,MachineObservation,,
626180,2026-01-10T19:33:54,2026,1,-61.53526,159.94967,1,HumanObservation,Happywhale - Humpback whale in Southern Ocean,Happywhale.com
urn:catalog:AADC:SOWS:SOWS-93704,1996-02-06 01:51:45Z,1996,2,-63.01115,89.26435,2,HumanObservation,,AADC
88718_Eden2009:deployment:0782563,2008-12-23T02:34:00,2008,12,-51.1522705674233,160.437636381748,,MachineObservation,,
13440_131190:deployment:0776294,2015-11-29T02:31:20,2015,11,-56.1835421190291,178.428860081675,,MachineObservation,,
88728_Eden2009:deployment:0785494,2008-12-21T06:51:00,2008,12,-64.1700324003879,157.984843217963,,MachineObservation,,
64235_JIP2010:deployment:0781384,2010-11-18T23:10:00,2010,11,-55.6542277532885,155.51370475156,,MachineObservation,,
218723,2008-01-07T09:46:02,2008,1,-62.47,87.04,1,HumanObservation,Happywhale - Humpback whale in Southern Ocean,Happywhale.com
88728_Eden2009:deployment:0785592,2008-12-29T10:51:00,2008,12,-61.842506209881,155.656427851822,,MachineObservation,,
88718_Eden2009:deployment:0782556,2008-12-22T12:34:00,2008,12,-50.2476444001538,159.796376164471,,MachineObservation,,
88729_Eden2009:deployment:0786328,2008-11-25T04:40:00,2008,11,-52.3843933393947,131.820720022125,,MachineObservation,,
98129_JIP2010:deployment:0791873,2010-12-03T06:44:00,2010,12,-46.8049377239049,148.584400895886,,MachineObservation,,
urn:catalog:AADC:WC:5637,1935-01-01 00:00:00+00,1935,1,-59.5,90.5,2,HumanObservation,,AADC
98114_JIP2010:deployment:0791285,2010-12-08T22:15:00,2010,12,-62.1050653421178,157.713779840573,,MachineObservation,,
98129_JIP2010:deployment:0792214,2010-12-31T16:44:00,2010,12,-61.6328844745215,169.219841155496,,MachineObservation,,
88718_Eden2009:deployment:0782554,2008-12-22T08:34:00,2008,12,-50.0299972036916,159.525188606621,,MachineObservation,,
88733_Eden2009:deployment:0787981,2008-11-26T09:00:00,2008,11,-56.8005030888848,171.18518153524,,MachineObservation,,
88728_Eden2009:deployment:0785565,2008-12-27T04:51:00,2008,12,-62.2543238648224,156.277395742357,,MachineObservation,,
88741_Eden2009:deployment:0789588,2009-01-08T19:13:00,2009,1,-62.2197248449874,157.793932115379,,MachineObservation,,
88733_Eden2009:deployment:0787889,2008-11-18T17:00:00,2008,11,-50.9020597848335,164.742856093438,,MachineObservation,,
13440_131190:deployment:0776267,2015-11-26T20:31:20,2015,11,-54.8297396630597,177.872217041987,,MachineObservation,,
88738_Eden2009:deployment:0788390,2008-11-22T07:06:00,2008,11,-48.9200820951815,149.088980511077,,MachineObservation,,
88725_Eden2009:deployment:0784870,2009-01-11T14:04:00,2009,1,-62.305785023805,150.366436646498,,MachineObservation,,
88732_Eden2009:deployment:0787461,2008-11-17T07:33:00,2008,11,-45.938116607368,164.262408182171,,MachineObservation,,
88741_Eden2009:deployment:0789685,2009-01-16T21:13:00,2009,1,-62.606841187007,155.719917082266,,MachineObservation,,
urn:catalog:AADC:WC:5795,1937-01-01 00:00:00+00,1937,1,-63.5,93.5,3,HumanObservation,,AADC
13440_131190:deployment:0776176,2015-11-19T06:31:20,2015,11,-49.1118715340517,179.391789990969,,MachineObservation,,
88729_Eden2009:deployment:0786737,2008-12-29T06:40:00,2008,12,-63.8971916214544,118.064119889367,,MachineObservation,,
88738_Eden2009:deployment:0788460,2008-11-28T03:06:00,2008,11,-55.710695887864,153.351463998713,,MachineObservation,,
urn:catalog:AADC:WC:5599,1934-01-01 00:00:00+00,1934,1,-59.5,86.5,5,HumanObservation,,AADC
in2017_v01_09298,2017-01-27T03:00:00Z,,,-64.72667,114.4825,1,HumanObservation,,Macquarie University
13440_131178:deployment:0769041,2015-11-21T01:30:49,2015,11,-46.1689233133436,177.536867141873,,MachineObservation,,
13440_131178:deployment:0769161,2015-12-01T01:30:49,2015,12,-49.5751210576661,176.991387193608,,MachineObservation,,
13440_131178:deployment:0769073,2015-11-23T17:30:49,2015,11,-47.5451851948671,177.086739961568,,MachineObservation,,
88723_Eden2009:deployment:0783535,2008-12-11T19:02:00,2008,12,-51.1592850191343,169.916169440522,,MachineObservation,,
88725_Eden2009:deployment:0784849,2009-01-09T20:04:00,2009,1,-62.3696820989141,150.132689498186,,MachineObservation,,
88738_Eden2009:deployment:0788723,2008-12-20T01:06:00,2008,12,-64.0115141198885,148.908777995363,,MachineObservation,,
88728_Eden2009:deployment:0785306,2008-12-05T14:51:00,2008,12,-59.1826729104423,156.367555447236,,MachineObservation,,
88729_Eden2009:deployment:0786226,2008-11-16T16:40:00,2008,11,-46.5717968657375,138.046489281784,,MachineObservation,,
98114_JIP2010:deployment:0791272,2010-12-07T20:15:00,2010,12,-61.9414319146623,157.855957535064,,MachineObservation,,
88729_Eden2009:deployment:0786660,2008-12-22T20:40:00,2008,12,-63.6159717680357,119.975035231197,,MachineObservation,,
13440_131190:deployment:0776430,2015-12-10T10:31:20,2015,12,-63.1923615875962,175.268903686474,,MachineObservation,,
13440_131178:deployment:0769112,2015-11-26T23:30:49,2015,11,-48.9255753237771,176.868919414863,,MachineObservation,,
88718_Eden2009:deployment:0782506,2008-12-18T08:34:00,2008,12,-46.8026730218191,154.141579476459,,MachineObservation,,
88732_Eden2009:deployment:0787558,2008-11-25T09:33:00,2008,11,-48.8474319157635,164.436663682908,,MachineObservation,,
88725_Eden2009:deployment:0784656,2008-12-24T18:04:00,2008,12,-62.6364687649709,157.354115323423,,MachineObservation,,
88741_Eden2009:deployment:0789307,2008-12-16T09:13:00,2008,12,-62.2662194040705,164.733366151616,,MachineObservation,,
13440_131190:deployment:0776410,2015-12-08T18:31:20,2015,12,-61.8537822493018,177.294587600242,,MachineObservation,,
13440_131178:deployment:0769109,2015-11-26T17:30:49,2015,11,-48.9188575524804,176.77522934678,,MachineObservation,,
98114_JIP2010:deployment:0791099,2010-11-23T10:15:00,2010,11,-59.8002019054675,158.737112228127,,MachineObservation,,
urn:catalog:AADC:WC:5885,1939-01-01 00:00:00+00,1939,1,-59.5,101.5,2,HumanObservation,,AADC
88723_Eden2009:deployment:0783503,2008-12-09T03:02:00,2008,12,-48.4224751682756,167.957186276805,,MachineObservation,,
88725_Eden2009:deployment:0784795,2009-01-05T08:04:00,2009,1,-61.9237628383013,151.681570213221,,MachineObservation,,
88725_Eden2009:deployment:0784623,2008-12-22T00:04:00,2008,12,-62.8058478665062,157.614682229471,,MachineObservation,,
88741_Eden2009:deployment:0789120,2008-11-30T19:13:00,2008,11,-49.5982479523632,169.494379400774,,MachineObservation,,
218711,2008-01-07T08:11:07,2008,1,-62.47,87.04,1,HumanObservation,Happywhale - Humpback whale in Southern Ocean,Happywhale.com
88728_Eden2009:deployment:0785794,2009-01-15T06:51:00,2009,1,-63.6970161090514,159.280586382307,,MachineObservation,,
98129_JIP2010:deployment:0792065,2010-12-19T06:44:00,2010,12,-53.7859661626502,162.761427768115,,MachineObservation,,
88732_Eden2009:deployment:0787427,2008-11-14T11:33:00,2008,11,-45.8321683142234,164.049212910595,,MachineObservation,,
13440_88727:deployment:0777129,2015-11-30T00:30:50,2015,11,-63.3035145573005,179.324500596265,,MachineObservation,,
88728_Eden2009:deployment:0785683,2009-01-06T00:51:00,2009,1,-62.1929319965467,154.733820507022,,MachineObservation,,
13440_131178:deployment:0769300,2015-12-12T15:30:49,2015,12,-54.9012058281236,177.181960042177,,MachineObservation,,
88718_Eden2009:deployment:0782559,2008-12-22T18:34:00,2008,12,-50.6744835553031,160.130601170657,,MachineObservation,,
urn:catalog:AADC:WC:5945,1951-01-01 00:00:00+00,1951,1,-61.5,97.5,111,HumanObservation,,AADC
64235_JIP2010:deployment:0781345,2010-11-15T17:10:00,2010,11,-51.7178428218685,153.161691153527,,MachineObservation,,
88725_Eden2009:deployment:0784570,2008-12-17T14:04:00,2008,12,-62.5310368581056,157.245700672048,,MachineObservation,,
88723_Eden2009:deployment:0783677,2008-12-23T15:02:00,2008,12,-62.9881378409532,170.479416106299,,MachineObservation,,
98129_JIP2010:deployment:0791849,2010-12-01T06:44:00,2010,12,-45.9880783527773,147.862156706177,,MachineObservation,,
98129_JIP2010:deployment:0792233,2011-01-02T06:44:00,2011,1,-62.23011560929,169.506132923782,,MachineObservation,,
88728_Eden2009:deployment:0785815,2009-01-17T00:51:00,2009,1,-63.7901724982696,160.356328428471,,MachineObservation,,
urn:catalog:AADC:WC:5924,1950-01-01 00:00:00+00,1950,1,-59.5,87.5,41,HumanObservation,,AADC
88723_Eden2009:deployment:0783806,2009-01-03T09:02:00,2009,1,-63.4153124348933,168.249085253739,,MachineObservation,,
88732_Eden2009:deployment:0787511,2008-11-21T11:33:00,2008,11,-46.0649317329164,164.761077799664,,MachineObservation,,
88741_Eden2009:deployment:0789375,2008-12-22T01:13:00,2008,12,-61.7936710719208,164.499021564609,,MachineObservation,,
98129_JIP2010:deployment:0791834,2010-11-30T00:44:00,2010,11,-45.3883074926052,147.534791030744,,MachineObservation,,
88738_Eden2009:deployment:0788441,2008-11-26T13:06:00,2008,11,-53.3418701368625,152.621639304268,,MachineObservation,,
13440_88727:deployment:0777128,2015-11-29T22:30:50,2015,11,-63.268428751866,179.307960361297,,MachineObservation,,
13440_131178:deployment:0769319,2015-12-14T05:30:49,2015,12,-56.3901990986036,177.18091712528,,MachineObservation,,
88728_Eden2009:deployment:0785599,2008-12-30T00:51:00,2008,12,-61.987158653651,155.615901845888,,MachineObservation,,
88738_Eden2009:deployment:0788352,2008-11-19T03:06:00,2008,11,-45.4355422226834,146.957247527296,,MachineObservation,,
88723_Eden2009:deployment:0783769,2008-12-31T07:02:00,2008,12,-63.0128005278014,169.529061375055,,MachineObservation,,
88728_Eden2009:deployment:0785458,2008-12-18T06:51:00,2008,12,-63.4534140225819,158.536473360193,,MachineObservation,,
98129_JIP2010:deployment:0792304,2011-01-08T04:44:00,2011,1,-64.6562731758978,169.988812013828,,MachineObservation,,
64235_JIP2010:deployment:0781436,2010-11-23T07:10:00,2010,11,-60.0925177283116,157.488554906517,,MachineObservation,,
urn:catalog:AADC:SOWS:SOWS-92831,2001-01-30 00:00:00Z,2001,1,-63.374,100.618,2,HumanObservation,,AADC
88733_Eden2009:deployment:0787781,2008-11-09T17:00:00,2008,11,-46.6083671914678,155.338215279547,,MachineObservation,,
88728_Eden2009:deployment:0785064,2008-11-15T10:51:00,2008,11,-45.2803065159965,151.237549759558,,MachineObservation,,
88729_Eden2009:deployment:0786291,2008-11-22T02:40:00,2008,11,-50.2323405626208,133.767340464374,,MachineObservation,,
64235_JIP2010:deployment:0781276,2010-11-09T23:10:00,2010,11,-46.7747972147687,149.049940967431,,MachineObservation,,
88732_Eden2009:deployment:0787561,2008-11-25T15:33:00,2008,11,-49.1219704172106,164.331593239157,,MachineObservation,,
88741_Eden2009:deployment:0789317,2008-12-17T05:13:00,2008,12,-62.1594965377002,164.418799001229,,MachineObservation,,
88729_Eden2009:deployment:0786839,2009-01-06T18:40:00,2009,1,-64.6532420227221,120.737793710505,,MachineObservation,,
88732_Eden2009:deployment:0787495,2008-11-20T03:33:00,2008,11,-45.799679560304,164.285436515557,,MachineObservation,,
88741_Eden2009:deployment:0789280,2008-12-14T03:13:00,2008,12,-60.7329902346475,166.948918925093,,MachineObservation,,
88741_Eden2009:deployment:0789403,2008-12-24T09:13:00,2008,12,-62.8693747482411,163.182720303112,,MachineObservation,,
urn:catalog:AADC:WC:5648,1935-01-01 00:00:00+00,1935,1,-60.5,84.5,7,HumanObservation,,AADC
88738_Eden2009:deployment:0788598,2008-12-09T15:06:00,2008,12,-63.0657864319787,150.358195015175,,MachineObservation,,
88738_Eden2009:deployment:0788683,2008-12-16T17:06:00,2008,12,-63.851373439042,149.407771851338,,MachineObservation,,
98129_JIP2010:deployment:0792095,2010-12-21T18:44:00,2010,12,-54.9237642791758,163.690986023436,,MachineObservation,,
88729_Eden2009:deployment:0786460,2008-12-06T04:40:00,2008,12,-60.7742623555699,120.963744719546,,MachineObservation,,
88718_Eden2009:deployment:0782668,2008-12-31T20:34:00,2008,12,-59.0869458993454,172.740199187737,,MachineObservation,,
88729_Eden2009:deployment:0786418,2008-12-02T16:40:00,2008,12,-58.1337429763447,123.531671947761,,MachineObservation,,
98129_JIP2010:deployment:0792102,2010-12-22T08:44:00,2010,12,-55.5118496636335,164.076210480936,,MachineObservation,,
88728_Eden2009:deployment:0785305,2008-12-05T12:51:00,2008,12,-59.1142258780741,156.439118558934,,MachineObservation,,
98114_JIP2010:deployment:0791166,2010-11-29T00:15:00,2010,11,-60.9551747682077,158.104860723479,,MachineObservation,,
urn:catalog:AADC:WHALE_LOG:WL-77,1996-12-04 10:10:00+00,1996,12,-46.633,150.567,1,HumanObservation,,AADC
88728_Eden2009:deployment:0785839,2009-01-19T00:51:00,2009,1,-64.9075961295719,164.007214922664,,MachineObservation,,
88741_Eden2009:deployment:0789665,2009-01-15T05:13:00,2009,1,-62.8278745065055,156.166682077303,,MachineObservation,,
229464,2014-10-21T23:17:39,2014,10,-45.73,166.5,1,HumanObservation,Happywhale - Humpback whale in South Pacific Ocean,Happywhale.com
88728_Eden2009:deployment:0785816,2009-01-17T02:51:00,2009,1,-63.8128713381214,160.552129900706,,MachineObservation,,
urn:catalog:AADC:WC:5732,1936-01-01 00:00:00+00,1936,1,-64.5,88.5,1,HumanObservation,,AADC
88733_Eden2009:deployment:0787848,2008-11-15T07:00:00,2008,11,-48.9236125216173,161.05602065267,,MachineObservation,,
88741_Eden2009:deployment:0789489,2008-12-31T13:13:00,2008,12,-62.7997198228315,160.162684269627,,MachineObservation,,
13440_131190:deployment:0776191,2015-11-20T12:31:20,2015,11,-49.4750906238673,179.150814954954,,MachineObservation,,
98129_JIP2010:deployment:0792179,2010-12-28T18:44:00,2010,12,-58.4837622581975,170.103834557181,,MachineObservation,,
88729_Eden2009:deployment:0786324,2008-11-24T20:40:00,2008,11,-52.1692924564998,131.89118408692,,MachineObservation,,
urn:catalog:AADC:SOWS:SOWS-93631,1996-02-01 01:56:00Z,1996,2,-64.98656,80.00009,2,HumanObservation,,AADC
13440_131190:deployment:0776174,2015-11-19T02:31:20,2015,11,-49.111037939672,179.551589511237,,MachineObservation,,
88728_Eden2009:deployment:0785197,2008-11-26T12:51:00,2008,11,-52.9548434190667,156.106286098467,,MachineObservation,,
88725_Eden2009:deployment:0784758,2009-01-02T06:04:00,2009,1,-61.9020677082942,152.333429038048,,MachineObservation,,
88723_Eden2009:deployment:0783810,2009-01-03T17:02:00,2009,1,-63.4265260972405,168.038675816493,,MachineObservation,,
88741_Eden2009:deployment:0789187,2008-12-06T09:13:00,2008,12,-54.141836350597,170.501655461575,,MachineObservation,,
98114_JIP2010:deployment:0791033,2010-11-17T22:15:00,2010,11,-52.8064322759998,159.212266723634,,MachineObservation,,
88718_Eden2009:deployment:0782631,2008-12-28T18:34:00,2008,12,-56.1684811437636,167.511088905598,,MachineObservation,,
88723_Eden2009:deployment:0783802,2009-01-03T01:02:00,2009,1,-63.3737123484786,168.199756369117,,MachineObservation,,
13440_131178:deployment:0769192,2015-12-03T15:30:49,2015,12,-50.1839134818334,176.911712488123,,MachineObservation,,
88741_Eden2009:deployment:0789751,2009-01-22T09:13:00,2009,1,-63.3455842144496,159.138252292566,,MachineObservation,,
88728_Eden2009:deployment:0785642,2009-01-02T14:51:00,2009,1,-62.3160403078057,155.558040743342,,MachineObservation,,
88741_Eden2009:deployment:0789748,2009-01-22T03:13:00,2009,1,-63.3481201310811,158.715577376401,,MachineObservation,,
88738_Eden2009:deployment:0788365,2008-11-20T05:06:00,2008,11,-46.6402189740105,147.841313595816,,MachineObservation,,
88741_Eden2009:deployment:0790396,2009-03-17T03:13:00,2009,3,-64.9897047360221,165.096753004071,,MachineObservation,,
88738_Eden2009:deployment:0788628,2008-12-12T03:06:00,2008,12,-63.5949880480197,150.93772740998,,MachineObservation,,
88725_Eden2009:deployment:0784652,2008-12-24T10:04:00,2008,12,-62.8155411535862,157.290282554848,,MachineObservation,,
88741_Eden2009:deployment:0789267,2008-12-13T01:13:00,2008,12,-59.6888739326673,167.801385449679,,MachineObservation,,
88725_Eden2009:deployment:0784521,2008-12-13T12:04:00,2008,12,-61.7861640825711,155.733429007415,,MachineObservation,,
88728_Eden2009:deployment:0785420,2008-12-15T02:51:00,2008,12,-62.0216391538571,157.396473834,,MachineObservation,,
88729_Eden2009:deployment:0786454,2008-12-05T16:40:00,2008,12,-60.6774024479045,121.062564140278,,MachineObservation,,
88729_Eden2009:deployment:0787125,2009-01-30T14:40:00,2009,1,-62.251338501444,102.535034533099,,MachineObservation,,
88728_Eden2009:deployment:0785645,2009-01-02T20:51:00,2009,1,-62.2774293627978,155.700969754334,,MachineObservation,,
88728_Eden2009:deployment:0785557,2008-12-26T12:51:00,2008,12,-62.2930874722284,155.982949015204,,MachineObservation,,
13440_131190:deployment:0776229,2015-11-23T16:31:20,2015,11,-51.3794698324739,177.68422620448,,MachineObservation,,
13440_131190:deployment:0776487,2015-12-15T04:31:20,2015,12,-63.6118845902888,178.915280423957,,MachineObservation,,
88718_Eden2009:deployment:0782535,2008-12-20T18:34:00,2008,12,-48.5822994255139,157.067261496942,,MachineObservation,,
13440_131190:deployment:0776366,2015-12-05T02:31:20,2015,12,-60.2240116877313,178.402334445592,,MachineObservation,,
88738_Eden2009:deployment:0788670,2008-12-15T15:06:00,2008,12,-63.7584148573199,149.464083358,,MachineObservation,,
88729_Eden2009:deployment:0786239,2008-11-17T18:40:00,2008,11,-47.2486570560215,137.264731454213,,MachineObservation,,
88728_Eden2009:deployment:0785410,2008-12-14T06:51:00,2008,12,-61.9657977716148,156.820999151225,,MachineObservation,,
88741_Eden2009:deployment:0789321,2008-12-17T13:13:00,2008,12,-62.094364394362,164.293072272177,,MachineObservation,,
urn:catalog:AADC:WC:5971,1959-01-01 00:00:00+00,1959,1,-60.5,82.5,172,HumanObservation,,AADC
88723_Eden2009:deployment:0783877,2009-01-09T07:02:00,2009,1,-63.578030868513,168.544145082335,,MachineObservation,,
98129_JIP2010:deployment:0792249,2011-01-03T14:44:00,2011,1,-62.787872679723,169.643038123882,,MachineObservation,,
urn:catalog:AADC:WC:5954,1952-01-01 00:00:00+00,1952,1,-63.5,102.5,91,HumanObservation,,AADC
88733_Eden2009:deployment:0787866,2008-11-16T19:00:00,2008,11,-49.8026361813763,162.996512600962,,MachineObservation,,
88733_Eden2009:deployment:0787756,2008-11-07T15:00:00,2008,11,-45.0457297087354,152.25032842081,,MachineObservation,,
88733_Eden2009:deployment:0787883,2008-11-18T05:00:00,2008,11,-50.7778339590847,164.610198013338,,MachineObservation,,
88718_Eden2009:deployment:0782496,2008-12-17T12:34:00,2008,12,-46.2732388272373,153.812704966638,,MachineObservation,,
88728_Eden2009:deployment:0785975,2009-01-30T08:51:00,2009,1,-64.7795097737843,158.295754905206,,MachineObservation,,
88723_Eden2009:deployment:0783613,2008-12-18T07:02:00,2008,12,-58.2430376426245,172.182797344655,,MachineObservation,,
88733_Eden2009:deployment:0787822,2008-11-13T03:00:00,2008,11,-47.9491706887737,158.637730186735,,MachineObservation,,
urn:catalog:AADC:SOWS:SOWS-93238,2000-01-14 04:05:00Z,2000,1,-59.78,101.37,3,HumanObservation,,AADC
13440_131190:deployment:0776247,2015-11-25T04:31:20,2015,11,-52.845502348187,177.146708335711,,MachineObservation,,
88738_Eden2009:deployment:0788609,2008-12-10T13:06:00,2008,12,-63.3690506223409,150.835263980428,,MachineObservation,,
88728_Eden2009:deployment:0785923,2009-01-26T00:51:00,2009,1,-64.071551114385,158.612779249496,,MachineObservation,,
88729_Eden2009:deployment:0787134,2009-01-31T08:40:00,2009,1,-61.9148451375868,101.938743537208,,MachineObservation,,
98114_JIP2010:deployment:0791163,2010-11-28T18:15:00,2010,11,-60.9289926454694,158.114772678899,,MachineObservation,,
88728_Eden2009:deployment:0785802,2009-01-15T22:51:00,2009,1,-63.6249415645222,159.24484664069,,MachineObservation,,
88733_Eden2009:deployment:0787986,2008-11-26T19:00:00,2008,11,-57.1750832607302,171.476832381877,,MachineObservation,,
88729_Eden2009:deployment:0786458,2008-12-06T00:40:00,2008,12,-60.7395063635403,121.005326069981,,MachineObservation,,
88738_Eden2009:deployment:0788438,2008-11-26T07:06:00,2008,11,-53.0219479693828,152.362662279728,,MachineObservation,,
88728_Eden2009:deployment:0785389,2008-12-12T12:51:00,2008,12,-62.005711182816,156.927598031261,,MachineObservation,,
88729_Eden2009:deployment:0787160,2009-02-02T12:40:00,2009,2,-61.1879067408011,101.559879831783,,MachineObservation,,
88728_Eden2009:deployment:0785153,2008-11-22T20:51:00,2008,11,-50.7342631708474,154.151324803128,,MachineObservation,,
88729_Eden2009:deployment:0786939,2009-01-15T02:40:00,2009,1,-63.8508151201815,114.699736046409,,MachineObservation,,
88725_Eden2009:deployment:0784465,2008-12-08T20:04:00,2008,12,-57.1625298746953,157.365533517714,,MachineObservation,,
88729_Eden2009:deployment:0787101,2009-01-28T14:40:00,2009,1,-62.2867762555096,102.670483037478,,MachineObservation,,
88729_Eden2009:deployment:0787071,2009-01-26T02:40:00,2009,1,-62.7247686152817,103.254969075444,,MachineObservation,,
88728_Eden2009:deployment:0785558,2008-12-26T14:51:00,2008,12,-62.2679098436678,155.994861819567,,MachineObservation,,
88729_Eden2009:deployment:0786577,2008-12-15T22:40:00,2008,12,-63.1364527238429,119.406457117491,,MachineObservation,,
88732_Eden2009:deployment:0787473,2008-11-18T07:33:00,2008,11,-46.0191621154278,164.069669106519,,MachineObservation,,
urn:catalog:AADC:WC:5592,1934-01-01 00:00:00+00,1934,1,-58.5,82.5,1,HumanObservation,,AADC
in2017_v01_09302,2017-01-27T07:55:00Z,,,-64.6025,114.95194,2,HumanObservation,,Macquarie University
88732_Eden2009:deployment:0787471,2008-11-18T03:33:00,2008,11,-46.0086632886177,164.068172093763,,MachineObservation,,
88741_Eden2009:deployment:0789058,2008-11-25T15:13:00,2008,11,-45.7860275798752,166.181757059749,,MachineObservation,,
88728_Eden2009:deployment:0785379,2008-12-11T16:51:00,2008,12,-62.0418424680701,156.885151596148,,MachineObservation,,
88728_Eden2009:deployment:0785180,2008-11-25T02:51:00,2008,11,-51.9952104691888,155.572648388058,,MachineObservation,,
88741_Eden2009:deployment:0789075,2008-11-27T01:13:00,2008,11,-46.9617892994766,167.055979652951,,MachineObservation,,
88741_Eden2009:deployment:0789136,2008-12-02T03:13:00,2008,12,-50.2687268332025,170.37136474485,,MachineObservation,,
urn:catalog:AADC:WC:5612,1934-01-01 00:00:00+00,1934,1,-63.5,85.5,2,HumanObservation,,AADC
88738_Eden2009:deployment:0788533,2008-12-04T05:06:00,2008,12,-59.9958332855065,150.917955074869,,MachineObservation,,
88728_Eden2009:deployment:0785149,2008-11-22T12:51:00,2008,11,-50.4416714137843,153.898197610146,,MachineObservation,,
88729_Eden2009:deployment:0786638,2008-12-21T00:40:00,2008,12,-63.2500394038475,119.83174519457,,MachineObservation,,
98129_JIP2010:deployment:0791837,2010-11-30T06:44:00,2010,11,-45.5701594092335,147.521677825388,,MachineObservation,,
88741_Eden2009:deployment:0789083,2008-11-27T17:13:00,2008,11,-47.6186175183586,167.515715479796,,MachineObservation,,
88718_Eden2009:deployment:0782526,2008-12-20T00:34:00,2008,12,-48.078195534356,155.915160202159,,MachineObservation,,
88741_Eden2009:deployment:0789494,2008-12-31T23:13:00,2008,12,-62.6735582082522,159.66693231431,,MachineObservation,,
88738_Eden2009:deployment:0788752,2008-12-22T11:06:00,2008,12,-64.3476682557059,148.494684119865,,MachineObservation,,
88728_Eden2009:deployment:0785982,2009-01-30T22:51:00,2009,1,-64.7231483671507,158.57713760081,,MachineObservation,,
88741_Eden2009:deployment:0789301,2008-12-15T21:13:00,2008,12,-62.0467319871654,165.068692190618,,MachineObservation,,
13440_131178:deployment:0769374,2015-12-18T19:30:49,2015,12,-60.9935646254576,179.830194087918,,MachineObservation,,
88729_Eden2009:deployment:0786937,2009-01-14T22:40:00,2009,1,-63.9163270223059,114.905323947757,,MachineObservation,,
88728_Eden2009:deployment:0785360,2008-12-10T02:51:00,2008,12,-61.9872388860009,156.88996960472,,MachineObservation,,
13440_131178:deployment:0769291,2015-12-11T21:30:49,2015,12,-54.4303145263154,177.053281557962,,MachineObservation,,
88729_Eden2009:deployment:0786247,2008-11-18T10:40:00,2008,11,-47.5325113574411,136.599830145567,,MachineObservation,,
64235_JIP2010:deployment:0781453,2010-11-24T17:10:00,2010,11,-60.6082805712647,157.844340692134,,MachineObservation,,
88728_Eden2009:deployment:0785697,2009-01-07T04:51:00,2009,1,-62.3395117248882,154.495338389775,,MachineObservation,,
88725_Eden2009:deployment:0784568,2008-12-17T10:04:00,2008,12,-62.4447752063721,157.162049144507,,MachineObservation,,
88738_Eden2009:deployment:0788749,2008-12-22T05:06:00,2008,12,-64.3484954897978,148.510512610499,,MachineObservation,,
88738_Eden2009:deployment:0788394,2008-11-22T15:06:00,2008,11,-49.1908908859454,149.209419646564,,MachineObservation,,
64235_JIP2010:deployment:0781377,2010-11-18T09:10:00,2010,11,-55.0984570410221,155.079583902585,,MachineObservation,,
88729_Eden2009:deployment:0787020,2009-01-21T20:40:00,2009,1,-63.2543470380214,104.527365670068,,MachineObservation,,
urn:catalog:AADC:WC:5695,1936-01-01 00:00:00+00,1936,1,-57.5,83.5,9,HumanObservation,,AADC
88741_Eden2009:deployment:0789552,2009-01-05T19:13:00,2009,1,-62.425802080812,157.922260150281,,MachineObservation,,
98129_JIP2010:deployment:0792067,2010-12-19T10:44:00,2010,12,-53.7657095130495,162.796310266038,,MachineObservation,,
88728_Eden2009:deployment:0785198,2008-11-26T14:51:00,2008,11,-53.0295226204927,156.161101569434,,MachineObservation,,
88741_Eden2009:deployment:0789154,2008-12-03T15:13:00,2008,12,-51.3808894356824,170.64728773297,,MachineObservation,,
88733_Eden2009:deployment:0787925,2008-11-21T17:00:00,2008,11,-53.8914891566336,167.993793132762,,MachineObservation,,
88738_Eden2009:deployment:0788702,2008-12-18T07:06:00,2008,12,-63.9912839762849,149.035698281931,,MachineObservation,,
88738_Eden2009:deployment:0788376,2008-11-21T03:06:00,2008,11,-47.6971328143681,148.461974488239,,MachineObservation,,
98114_JIP2010:deployment:0790966,2010-11-12T08:15:00,2010,11,-45.7685231302639,160.267322590262,,MachineObservation,,
88723_Eden2009:deployment:0783702,2008-12-25T17:02:00,2008,12,-63.2038348773841,170.522156985235,,MachineObservation,,
urn:catalog:AADC:WC:5829,1938-01-01 00:00:00+00,1938,1,-59.5,103.5,11,HumanObservation,,AADC
88738_Eden2009:deployment:0788764,2008-12-23T11:06:00,2008,12,-64.4229636480775,148.384078869443,,MachineObservation,,
88729_Eden2009:deployment:0786944,2009-01-15T12:40:00,2009,1,-63.7014424824556,114.213570201085,,MachineObservation,,
13440_131190:deployment:0776172,2015-11-18T22:31:20,2015,11,-49.0826344363898,179.677553074732,,MachineObservation,,
88728_Eden2009:deployment:0785261,2008-12-01T20:51:00,2008,12,-56.5363522122322,156.443852595609,,MachineObservation,,
88723_Eden2009:deployment:0783808,2009-01-03T13:02:00,2009,1,-63.4021093969011,168.169557532576,,MachineObservation,,
88741_Eden2009:deployment:0790359,2009-03-14T01:13:00,2009,3,-64.2108156931976,164.758922605728,,MachineObservation,,
13440_131190:deployment:0776369,2015-12-05T08:31:20,2015,12,-60.4300096223581,178.21104481551,,MachineObservation,,
88728_Eden2009:deployment:0785443,2008-12-17T00:51:00,2008,12,-62.991147730992,157.920287161913,,MachineObservation,,
13440_131178:deployment:0769175,2015-12-02T05:30:49,2015,12,-49.5546291751423,176.890362401419,,MachineObservation,,
88723_Eden2009:deployment:0783805,2009-01-03T07:02:00,2009,1,-63.4121226126191,168.256503123744,,MachineObservation,,
13440_131190:deployment:0776186,2015-11-20T02:31:20,2015,11,-49.3433941132973,179.310584658906,,MachineObservation,,
98114_JIP2010:deployment:0791066,2010-11-20T16:15:00,2010,11,-55.7029683382132,159.490562699861,,MachineObservation,,
88725_Eden2009:deployment:0784454,2008-12-07T22:04:00,2008,12,-55.9063862277439,156.312229307215,,MachineObservation,,
88729_Eden2009:deployment:0786404,2008-12-01T12:40:00,2008,12,-57.1776748608374,125.097616497388,,MachineObservation,,
88725_Eden2009:deployment:0784566,2008-12-17T06:04:00,2008,12,-62.4132976541414,157.067205214106,,MachineObservation,,
88729_Eden2009:deployment:0787015,2009-01-21T10:40:00,2009,1,-63.0910813241529,104.737483224984,,MachineObservation,,
88741_Eden2009:deployment:0789557,2009-01-06T05:13:00,2009,1,-62.4282749938681,157.861995352044,,MachineObservation,,
98129_JIP2010:deployment:0792145,2010-12-25T22:44:00,2010,12,-57.7284077420179,167.476883336701,,MachineObservation,,
88741_Eden2009:deployment:0789778,2009-01-24T15:13:00,2009,1,-64.2698955314606,160.820241800639,,MachineObservation,,
88725_Eden2009:deployment:0784628,2008-12-22T10:04:00,2008,12,-62.8868471912017,157.73695472854,,MachineObservation,,
13440_131178:deployment:0769143,2015-11-29T13:30:49,2015,11,-49.3863534077697,177.017261692016,,MachineObservation,,
13440_131178:deployment:0769288,2015-12-11T15:30:49,2015,12,-54.2749283955057,177.365265324959,,MachineObservation,,
98129_JIP2010:deployment:0792103,2010-12-22T10:44:00,2010,12,-55.5851597746499,164.144198499567,,MachineObservation,,
98129_JIP2010:deployment:0791863,2010-12-02T10:44:00,2010,12,-46.3701495438698,148.15684864087,,MachineObservation,,
88728_Eden2009:deployment:0785770,2009-01-13T06:51:00,2009,1,-63.1434828501039,156.199167406371,,MachineObservation,,
NZHB-118,1994-05-06,,,-45.4,170.8833,2,HumanObservation,Humpback whale sightings around New Zealand 1970-1999,DoC
88738_Eden2009:deployment:0788437,2008-11-26T05:06:00,2008,11,-52.9484006956472,152.276605059742,,MachineObservation,,
88741_Eden2009:deployment:0789062,2008-11-25T23:13:00,2008,11,-46.1168756765528,166.274806499507,,MachineObservation,,
88733_Eden2009:deployment:0787799,2008-11-11T05:00:00,2008,11,-47.2431900105091,156.657144876584,,MachineObservation,,
88733_Eden2009:deployment:0787869,2008-11-17T01:00:00,2008,11,-49.9508882600122,163.353339612276,,MachineObservation,,
64235_JIP2010:deployment:0781447,2010-11-24T05:10:00,2010,11,-60.534909243485,157.732526146524,,MachineObservation,,
13440_131190:deployment:0776502,2015-12-16T10:31:20,2015,12,-63.7767167196953,179.548951328143,,MachineObservation,,
88729_Eden2009:deployment:0786198,2008-11-14T08:40:00,2008,11,-45.0426506161233,140.072511472693,,MachineObservation,,
urn:catalog:AADC:WC:5629,1935-01-01 00:00:00+00,1935,1,-58.5,99.5,7,HumanObservation,,AADC
13440_131178:deployment:0769116,2015-11-27T07:30:49,2015,11,-49.0074322357809,176.931872173401,,MachineObservation,,
88723_Eden2009:deployment:0783473,2008-12-06T15:02:00,2008,12,-45.3305447494495,166.380577855649,,MachineObservation,,
64235_JIP2010:deployment:0781485,2010-11-27T09:10:00,2010,11,-60.7697169243111,157.991664121297,,MachineObservation,,
88738_Eden2009:deployment:0788367,2008-11-20T09:06:00,2008,11,-46.7760250596544,148.00080593649,,MachineObservation,,
88725_Eden2009:deployment:0784362,2008-11-30T06:04:00,2008,11,-47.1066403155515,151.472508699072,,MachineObservation,,
218705,2008-01-03T20:30:58,2008,1,-63.27,104.52,1,HumanObservation,Happywhale - Humpback whale in Southern Ocean,Happywhale.com
88741_Eden2009:deployment:0789262,2008-12-12T15:13:00,2008,12,-59.4439580010811,168.03806835095,,MachineObservation,,
88718_Eden2009:deployment:0782726,2009-01-05T16:34:00,2009,1,-63.5027204017578,177.315524250514,,MachineObservation,,
88729_Eden2009:deployment:0786830,2009-01-06T00:40:00,2009,1,-64.5903529627766,120.81807852083,,MachineObservation,,
88733_Eden2009:deployment:0788075,2008-12-04T05:00:00,2008,12,-63.6862862953376,176.340196590484,,MachineObservation,,
88728_Eden2009:deployment:0785585,2008-12-28T20:51:00,2008,12,-61.8931286365785,155.586486806982,,MachineObservation,,
urn:catalog:AADC:SOWS:SOWS-92804,2001-01-29 00:00:00Z,2001,1,-63.617,90.076,2,HumanObservation,,AADC
13440_131190:deployment:0776451,2015-12-12T04:31:20,2015,12,-63.6168816281357,176.064619075017,,MachineObservation,,
13440_131178:deployment:0769120,2015-11-27T15:30:49,2015,11,-49.0413944930563,176.961676953182,,MachineObservation,,
88723_Eden2009:deployment:0783869,2009-01-08T15:02:00,2009,1,-63.3110735930813,168.528436579575,,MachineObservation,,
88741_Eden2009:deployment:0789238,2008-12-10T15:13:00,2008,12,-57.3580160805377,169.414119174003,,MachineObservation,,
88728_Eden2009:deployment:0785269,2008-12-02T12:51:00,2008,12,-56.8762624195289,156.787578811446,,MachineObservation,,
13440_131178:deployment:0769052,2015-11-21T23:30:49,2015,11,-46.8733582108209,177.34098081963,,MachineObservation,,
98129_JIP2010:deployment:0791964,2010-12-10T20:44:00,2010,12,-49.5657693515994,155.564235139448,,MachineObservation,,
13440_131178:deployment:0769141,2015-11-29T09:30:49,2015,11,-49.4015198197032,177.077471070069,,MachineObservation,,
218720,2008-01-07T08:23:37,2008,1,-62.47,87.04,1,HumanObservation,Happywhale - Humpback whale in Southern Ocean,Happywhale.com
98129_JIP2010:deployment:0792533,2011-01-27T06:44:00,2011,1,-64.866596300051,165.337332752987,,MachineObservation,,
98129_JIP2010:deployment:0792156,2010-12-26T20:44:00,2010,12,-57.833457796109,168.582912807427,,MachineObservation,,
88725_Eden2009:deployment:0784361,2008-11-30T04:04:00,2008,11,-47.0272949930004,151.416403050196,,MachineObservation,,
88738_Eden2009:deployment:0788710,2008-12-18T23:06:00,2008,12,-64.0997685934286,148.934702716315,,MachineObservation,,
88741_Eden2009:deployment:0789571,2009-01-07T09:13:00,2009,1,-62.2614750777453,157.913146784311,,MachineObservation,,
88728_Eden2009:deployment:0785796,2009-01-15T10:51:00,2009,1,-63.7218278804621,159.275684672654,,MachineObservation,,
88741_Eden2009:deployment:0789556,2009-01-06T03:13:00,2009,1,-62.4314202471736,157.879597901597,,MachineObservation,,
urn:catalog:AADC:WC:5916,1939-01-01 00:00:00+00,1939,1,-62.5,104.5,12,HumanObservation,,AADC
88738_Eden2009:deployment:0788703,2008-12-18T09:06:00,2008,12,-64.0040828878769,149.031271724231,,MachineObservation,,
88728_Eden2009:deployment:0785531,2008-12-24T08:51:00,2008,12,-63.7928821796617,156.527736655352,,MachineObservation,,
98114_JIP2010:deployment:0791216,2010-12-03T04:15:00,2010,12,-61.2148408807558,157.717782034742,,MachineObservation,,
88728_Eden2009:deployment:0785240,2008-11-30T02:51:00,2008,11,-55.053722453066,156.727517760614,,MachineObservation,,
98114_JIP2010:deployment:0791270,2010-12-07T16:15:00,2010,12,-61.9199575063564,157.769262979067,,MachineObservation,,
88729_Eden2009:deployment:0786828,2009-01-05T20:40:00,2009,1,-64.584371799327,120.875531844279,,MachineObservation,,
88728_Eden2009:deployment:0785436,2008-12-16T10:51:00,2008,12,-62.5651837416448,158.165441082748,,MachineObservation,,
64235_JIP2010:deployment:0781339,2010-11-15T05:10:00,2010,11,-51.3446757519719,152.759377506822,,MachineObservation,,
88725_Eden2009:deployment:0784548,2008-12-15T18:04:00,2008,12,-62.3344937499645,156.218334145762,,MachineObservation,,
218727,2008-01-09T06:12:30,2008,1,-64.14,80.01,1,HumanObservation,Happywhale - Humpback whale in Southern Ocean,Happywhale.com
88732_Eden2009:deployment:0787423,2008-11-14T03:33:00,2008,11,-45.7823100075904,163.8506835469,,MachineObservation,,
88729_Eden2009:deployment:0786351,2008-11-27T02:40:00,2008,11,-53.952397937938,130.306289916207,,MachineObservation,,
88725_Eden2009:deployment:0784569,2008-12-17T12:04:00,2008,12,-62.4788729300026,157.205899707707,,MachineObservation,,
urn:catalog:AADC:WC:5811,1938-01-01 00:00:00+00,1938,1,-58.5,93.5,2,HumanObservation,,AADC
280880,2021-11-24T16:22:56,2021,11,-45.46,166.71,1,HumanObservation,Happywhale - Humpback whale in South Pacific Ocean,Happywhale.com
64235_JIP2010:deployment:0781490,2010-11-27T19:10:00,2010,11,-60.890717525962,157.968257913885,,MachineObservation,,
88725_Eden2009:deployment:0784827,2009-01-08T00:04:00,2009,1,-62.3893450839237,150.650305637786,,MachineObservation,,
88732_Eden2009:deployment:0787431,2008-11-14T19:33:00,2008,11,-45.9386898409012,164.141688071595,,MachineObservation,,
13440_131190:deployment:0776496,2015-12-15T22:31:20,2015,12,-63.710559967697,179.307053758721,,MachineObservation,,
88738_Eden2009:deployment:0788563,2008-12-06T17:06:00,2008,12,-60.8561483036371,149.514758350662,,MachineObservation,,
88718_Eden2009:deployment:0782529,2008-12-20T06:34:00,2008,12,-48.2606591846381,156.278945113047,,MachineObservation,,
urn:catalog:AADC:WC:5906,1939-01-01 00:00:00+00,1939,1,-61.5,101.5,37,HumanObservation,,AADC
urn:catalog:AADC:WC:5880,1939-01-01 00:00:00+00,1939,1,-58.5,101.5,17,HumanObservation,,AADC
88728_Eden2009:deployment:0785457,2008-12-18T04:51:00,2008,12,-63.4051833085862,158.520118365207,,MachineObservation,,
88729_Eden2009:deployment:0786276,2008-11-20T20:40:00,2008,11,-49.3964705829164,134.703361772979,,MachineObservation,,
88738_Eden2009:deployment:0788406,2008-11-23T15:06:00,2008,11,-50.2346921991508,149.759949730744,,MachineObservation,,
in2017_v01_09923,2017-02-04T06:30:00Z,,,-64.64139,119.61833,2,HumanObservation,,Macquarie University
98129_JIP2010:deployment:0792188,2010-12-29T12:44:00,2010,12,-59.0304872836446,170.246992725031,,MachineObservation,,
88729_Eden2009:deployment:0786510,2008-12-10T08:40:00,2008,12,-62.3603147466724,118.909874682918,,MachineObservation,,
98129_JIP2010:deployment:0792252,2011-01-03T20:44:00,2011,1,-62.8497305044508,169.724942234043,,MachineObservation,,
98129_JIP2010:deployment:0792129,2010-12-24T14:44:00,2010,12,-56.9610522628347,166.080191640449,,MachineObservation,,
88732_Eden2009:deployment:0787579,2008-11-27T03:33:00,2008,11,-50.4521187007246,163.536127633934,,MachineObservation,,
88725_Eden2009:deployment:0784525,2008-12-13T20:04:00,2008,12,-61.8340170764188,155.739997110946,,MachineObservation,,
88718_Eden2009:deployment:0782739,2009-01-06T18:34:00,2009,1,-64.6301062868703,178.350631706229,,MachineObservation,,
13440_88727:deployment:0777160,2015-12-02T14:30:50,2015,12,-63.7260588865448,179.976634052145,,MachineObservation,,
88733_Eden2009:deployment:0787791,2008-11-10T13:00:00,2008,11,-46.9662818234297,156.040393418269,,MachineObservation,,
98114_JIP2010:deployment:0791144,2010-11-27T04:15:00,2010,11,-60.7377215956851,158.447175521504,,MachineObservation,,
urn:catalog:AADC:WOV:WOV-148425,1992-12-04 00:00:00+00,1992,12,-60.1333,95.5,1,HumanObservation,,AADC
88728_Eden2009:deployment:0785320,2008-12-06T18:51:00,2008,12,-60.4092177553961,155.883275993147,,MachineObservation,,
88725_Eden2009:deployment:0784807,2009-01-06T08:04:00,2009,1,-61.8048760958741,150.835641156591,,MachineObservation,,
98129_JIP2010:deployment:0791959,2010-12-10T10:44:00,2010,12,-49.2616379281006,155.162728212947,,MachineObservation,,
218715,2008-01-07T10:37:40,2008,1,-62.47,87.04,1,HumanObservation,Happywhale - Humpback whale in Southern Ocean,Happywhale.com
in2017_v01_09909,2017-01-29T05:41:00Z,,,-64.2519,116.1922,2,HumanObservation,,Macquarie University
urn:catalog:AADC:SOWS:SOWS-93233,2000-01-14 03:49:00Z,2000,1,-59.81,101.22,1,HumanObservation,,AADC
88728_Eden2009:deployment:0785614,2008-12-31T06:51:00,2008,12,-62.1563428871501,155.670031751572,,MachineObservation,,
88741_Eden2009:deployment:0789664,2009-01-15T03:13:00,2009,1,-62.843949503091,156.167346816187,,MachineObservation,,
88741_Eden2009:deployment:0789091,2008-11-28T09:13:00,2008,11,-48.2610109185862,168.198941979515,,MachineObservation,,
98129_JIP2010:deployment:0792052,2010-12-18T04:44:00,2010,12,-53.8646021104396,162.277250201944,,MachineObservation,,
88732_Eden2009:deployment:0787521,2008-11-22T07:33:00,2008,11,-46.5004037780932,164.963877271645,,MachineObservation,,
88729_Eden2009:deployment:0786962,2009-01-17T00:40:00,2009,1,-63.4207663775654,111.029547395147,,MachineObservation,,
98114_JIP2010:deployment:0791184,2010-11-30T12:15:00,2010,11,-61.0538083939981,158.039383848959,,MachineObservation,,
98114_JIP2010:deployment:0791171,2010-11-29T10:15:00,2010,11,-60.9742868430844,158.059397513736,,MachineObservation,,
urn:catalog:AADC:WC:5711,1936-01-01 00:00:00+00,1936,1,-59.5,90.5,2,HumanObservation,,AADC
98114_JIP2010:deployment:0791204,2010-12-02T04:15:00,2010,12,-61.1160783128075,157.923893073585,,MachineObservation,,
13440_131178:deployment:0769166,2015-12-01T11:30:49,2015,12,-49.629508836912,177.058300414867,,MachineObservation,,
64235_JIP2010:deployment:0781434,2010-11-23T03:10:00,2010,11,-60.1141327548516,157.5176846718,,MachineObservation,,
88725_Eden2009:deployment:0784547,2008-12-15T16:04:00,2008,12,-62.3170925536451,156.245239951383,,MachineObservation,,
88728_Eden2009:deployment:0785348,2008-12-09T02:51:00,2008,12,-62.0408991376975,157.034061602974,,MachineObservation,,
88741_Eden2009:deployment:0790291,2009-03-08T09:13:00,2009,3,-64.9315131953479,163.735925295415,,MachineObservation,,
88741_Eden2009:deployment:0789443,2008-12-27T17:13:00,2008,12,-63.7639189226968,161.62315328177,,MachineObservation,,
13440_131178:deployment:0769039,2015-11-20T21:30:49,2015,11,-46.0540662864766,177.612780585818,,MachineObservation,,
88725_Eden2009:deployment:0784880,2009-01-12T10:04:00,2009,1,-62.4212883029886,150.251101559691,,MachineObservation,,
urn:catalog:AADC:WC:5653,1935-01-01 00:00:00+00,1935,1,-60.5,89.5,8,HumanObservation,,AADC
88728_Eden2009:deployment:0785388,2008-12-12T10:51:00,2008,12,-62.0157025519222,156.941111907657,,MachineObservation,,
88738_Eden2009:deployment:0788351,2008-11-19T01:06:00,2008,11,-45.3137573162301,146.944883635986,,MachineObservation,,
88725_Eden2009:deployment:0784519,2008-12-13T08:04:00,2008,12,-61.7517244566039,155.835840011152,,MachineObservation,,
98129_JIP2010:deployment:0792002,2010-12-14T00:44:00,2010,12,-51.7996041443007,158.282319454034,,MachineObservation,,
urn:catalog:AADC:WC:5654,1935-01-01 00:00:00+00,1935,1,-60.5,90.5,1,HumanObservation,,AADC
88733_Eden2009:deployment:0788074,2008-12-04T03:00:00,2008,12,-63.6240775111831,176.283623139642,,MachineObservation,,
88741_Eden2009:deployment:0789918,2009-02-05T07:13:00,2009,2,-64.9889720866073,161.7304248197,,MachineObservation,,
13440_131190:deployment:0776182,2015-11-19T18:31:20,2015,11,-49.2770326916199,179.26343595182,,MachineObservation,,
98129_JIP2010:deployment:0791901,2010-12-05T14:44:00,2010,12,-47.3189929320062,150.258919420783,,MachineObservation,,
88741_Eden2009:deployment:0790338,2009-03-12T07:13:00,2009,3,-64.148386565876,164.646694943859,,MachineObservation,,
88733_Eden2009:deployment:0788021,2008-11-29T17:00:00,2008,11,-59.8459080700621,174.183198385037,,MachineObservation,,
88741_Eden2009:deployment:0789640,2009-01-13T03:13:00,2009,1,-62.6504428159375,156.019118440457,,MachineObservation,,
88728_Eden2009:deployment:0785945,2009-01-27T20:51:00,2009,1,-64.4918715856471,157.985226489783,,MachineObservation,,
88741_Eden2009:deployment:0789450,2008-12-28T07:13:00,2008,12,-63.9493430313378,161.16202171342,,MachineObservation,,
88718_Eden2009:deployment:0782603,2008-12-26T10:34:00,2008,12,-53.9054808758711,163.663258802832,,MachineObservation,,
88723_Eden2009:deployment:0783592,2008-12-16T13:02:00,2008,12,-56.4724230655058,173.14906668447,,MachineObservation,,
88725_Eden2009:deployment:0784821,2009-01-07T12:04:00,2009,1,-61.9204238458195,150.3693949231,,MachineObservation,,
88729_Eden2009:deployment:0786750,2008-12-30T08:40:00,2008,12,-64.0995047010502,118.919853970946,,MachineObservation,,
88729_Eden2009:deployment:0786237,2008-11-17T14:40:00,2008,11,-47.1740575036217,137.401099305092,,MachineObservation,,
88718_Eden2009:deployment:0782757,2009-01-08T06:34:00,2009,1,-64.9492265294054,179.42354353722,,MachineObservation,,
88729_Eden2009:deployment:0786908,2009-01-12T12:40:00,2009,1,-64.5802255516321,116.801404113342,,MachineObservation,,
88732_Eden2009:deployment:0787523,2008-11-22T11:33:00,2008,11,-46.5500066724582,165.032222608979,,MachineObservation,,
88741_Eden2009:deployment:0789177,2008-12-05T13:13:00,2008,12,-53.2247106019076,170.544442622721,,MachineObservation,,
88728_Eden2009:deployment:0785372,2008-12-11T02:51:00,2008,12,-61.9571873981905,156.773703795852,,MachineObservation,,
88728_Eden2009:deployment:0785640,2009-01-02T10:51:00,2009,1,-62.3564951383333,155.53440929559,,MachineObservation,,
13440_131190:deployment:0776465,2015-12-13T08:31:20,2015,12,-63.7130782217052,176.977300710735,,MachineObservation,,
88718_Eden2009:deployment:0782488,2008-12-16T20:34:00,2008,12,-45.8048015807625,152.622322056518,,MachineObservation,,
88733_Eden2009:deployment:0787810,2008-11-12T03:00:00,2008,11,-47.6668247439522,157.875691271707,,MachineObservation,,
urn:catalog:AADC:SOWS:SOWS-92559,2002-02-05 00:07:00Z,2002,2,-62.32,95.67,2,HumanObservation,,AADC
88732_Eden2009:deployment:0787450,2008-11-16T09:33:00,2008,11,-45.9799698515025,164.245578451865,,MachineObservation,,
88738_Eden2009:deployment:0788354,2008-11-19T07:06:00,2008,11,-45.6874676822193,147.01222134462,,MachineObservation,,
98129_JIP2010:deployment:0791900,2010-12-05T12:44:00,2010,12,-47.3145229864247,150.167567392403,,MachineObservation,,
88723_Eden2009:deployment:0783859,2009-01-07T19:02:00,2009,1,-63.2169721979571,168.255380533969,,MachineObservation,,
88729_Eden2009:deployment:0787016,2009-01-21T12:40:00,2009,1,-63.0989999207928,104.701741551162,,MachineObservation,,
88738_Eden2009:deployment:0788431,2008-11-25T17:06:00,2008,11,-52.4846882883769,151.822212688059,,MachineObservation,,
88729_Eden2009:deployment:0786242,2008-11-18T00:40:00,2008,11,-47.3575962610455,137.023657446613,,MachineObservation,,
98114_JIP2010:deployment:0791231,2010-12-04T10:15:00,2010,12,-61.3753437111836,157.540006198571,,MachineObservation,,
88728_Eden2009:deployment:0785830,2009-01-18T06:51:00,2009,1,-64.2445383541787,162.635294730058,,MachineObservation,,
88733_Eden2009:deployment:0788000,2008-11-27T23:00:00,2008,11,-58.5527588373801,172.819355645275,,MachineObservation,,
urn:catalog:AADC:SOWS:SOWS-92718,2001-01-09 00:00:00Z,2001,1,-59.641,98.309,2,HumanObservation,,AADC
395817,1999-02-15T02:36,1999,2,-62.36,98.44,1,HumanObservation,Happywhale - Humpback whale in Southern Ocean,Happywhale.com
98129_JIP2010:deployment:0791888,2010-12-04T12:44:00,2010,12,-47.2710461779387,149.149720719182,,MachineObservation,,
88733_Eden2009:deployment:0787876,2008-11-17T15:00:00,2008,11,-50.3702298291567,164.157937877313,,MachineObservation,,
88741_Eden2009:deployment:0789098,2008-11-28T23:13:00,2008,11,-48.5605630821143,168.418819605917,,MachineObservation,,
88729_Eden2009:deployment:0787069,2009-01-25T22:40:00,2009,1,-62.7549679162783,103.368015155337,,MachineObservation,,
88723_Eden2009:deployment:0783576,2008-12-15T05:02:00,2008,12,-54.7892550155213,173.097028966767,,MachineObservation,,
urn:catalog:AADC:WC:5864,1938-01-01 00:00:00+00,1938,1,-62.5,95.5,2,HumanObservation,,AADC
64235_JIP2010:deployment:0781372,2010-11-17T23:10:00,2010,11,-54.6076156067876,155.129674097306,,MachineObservation,,
88725_Eden2009:deployment:0784671,2008-12-26T00:04:00,2008,12,-62.7071910831506,158.070088446976,,MachineObservation,,
88729_Eden2009:deployment:0786229,2008-11-16T22:40:00,2008,11,-46.7895463120678,137.835087633496,,MachineObservation,,
13440_131190:deployment:0776295,2015-11-29T04:31:20,2015,11,-56.1999893820384,178.441111871609,,MachineObservation,,
88728_Eden2009:deployment:0785231,2008-11-29T08:51:00,2008,11,-54.816695959552,156.893614622967,,MachineObservation,,
88718_Eden2009:deployment:0782510,2008-12-18T16:34:00,2008,12,-47.0726866147565,154.613527341729,,MachineObservation,,
88741_Eden2009:deployment:0790126,2009-02-22T15:13:00,2009,2,-64.8890330040007,163.498664360671,,MachineObservation,,
64235_JIP2010:deployment:0781444,2010-11-23T23:10:00,2010,11,-60.4038613647281,157.580270866464,,MachineObservation,,
88732_Eden2009:deployment:0787544,2008-11-24T05:33:00,2008,11,-47.6321104340569,165.187822286162,,MachineObservation,,
88741_Eden2009:deployment:0789630,2009-01-12T07:13:00,2009,1,-62.6459185594649,156.084705883959,,MachineObservation,,
88729_Eden2009:deployment:0786527,2008-12-11T18:40:00,2008,12,-62.8594413455278,118.835140710511,,MachineObservation,,
88732_Eden2009:deployment:0787397,2008-11-11T23:33:00,2008,11,-45.3588803212849,161.649348409514,,MachineObservation,,
88738_Eden2009:deployment:0788517,2008-12-02T21:06:00,2008,12,-59.873332240898,151.160313579426,,MachineObservation,,
88733_Eden2009:deployment:0788043,2008-12-01T13:00:00,2008,12,-61.3783230994115,174.915326229867,,MachineObservation,,
88729_Eden2009:deployment:0786385,2008-11-29T22:40:00,2008,11,-56.1282894090323,127.147993624437,,MachineObservation,,
88741_Eden2009:deployment:0790397,2009-03-17T05:13:00,2009,3,-64.9708428769662,165.082612888951,,MachineObservation,,
urn:catalog:AADC:WC:5783,1937-01-01 00:00:00+00,1937,1,-62.5,94.5,62,HumanObservation,,AADC
13440_131178:deployment:0769246,2015-12-08T03:30:49,2015,12,-51.514990825302,177.265695443797,,MachineObservation,,
88732_Eden2009:deployment:0787526,2008-11-22T17:33:00,2008,11,-46.5277075477015,165.011131597515,,MachineObservation,,
88729_Eden2009:deployment:0786882,2009-01-10T08:40:00,2009,1,-64.3993513142905,118.910186213633,,MachineObservation,,
88733_Eden2009:deployment:0788081,2008-12-04T17:00:00,2008,12,-64.095456703321,176.380884766997,,MachineObservation,,
88738_Eden2009:deployment:0788464,2008-11-28T11:06:00,2008,11,-56.0896000078921,153.345219282443,,MachineObservation,,
urn:catalog:AADC:WOV:WOV-148435,1993-01-07 10:45:00+00,1993,1,-47.2667,141.0333,3,HumanObservation,,AADC
13440_131178:deployment:0769133,2015-11-28T17:30:49,2015,11,-49.2426803514432,177.02360151419,,MachineObservation,,
88738_Eden2009:deployment:0788473,2008-11-29T05:06:00,2008,11,-57.0601377427247,153.46821578071,,MachineObservation,,
13440_131178:deployment:0769210,2015-12-05T03:30:49,2015,12,-50.3898547546387,177.938073889397,,MachineObservation,,
88738_Eden2009:deployment:0788591,2008-12-09T01:06:00,2008,12,-62.7399606259374,150.274681058489,,MachineObservation,,
88741_Eden2009:deployment:0789212,2008-12-08T11:13:00,2008,12,-55.5559041271486,170.427963718392,,MachineObservation,,
urn:catalog:AADC:WC:5686,1935-01-01 00:00:00+00,1935,1,-63.5,84.5,53,HumanObservation,,AADC
88741_Eden2009:deployment:0789411,2008-12-25T01:13:00,2008,12,-63.0804069517799,162.949510749827,,MachineObservation,,
88738_Eden2009:deployment:0788372,2008-11-20T19:06:00,2008,11,-47.2292419736411,148.268596211431,,MachineObservation,,
88741_Eden2009:deployment:0790296,2009-03-08T19:13:00,2009,3,-64.9343383250686,164.088782776216,,MachineObservation,,
88729_Eden2009:deployment:0786453,2008-12-05T14:40:00,2008,12,-60.679944158708,121.019038707642,,MachineObservation,,
88741_Eden2009:deployment:0789306,2008-12-16T07:13:00,2008,12,-62.2541046994611,164.797620588294,,MachineObservation,,
urn:catalog:AADC:SOWS:SOWS-92336,2003-01-12 01:15:08Z,2003,1,-61.53,100.09,2,HumanObservation,,AADC
88728_Eden2009:deployment:0785462,2008-12-18T14:51:00,2008,12,-63.5660665798989,158.552529223581,,MachineObservation,,
https://www.inaturalist.org/observations/148231982,2023-02-06T16:46:00+11:00,,,-64.1724886063,168.3062112349,,HumanObservation,iNaturalist research-grade observations,iNaturalist
13440_131190:deployment:0776260,2015-11-26T06:31:20,2015,11,-53.9921297160003,177.766702402477,,MachineObservation,,
88741_Eden2009:deployment:0789791,2009-01-25T17:13:00,2009,1,-64.2257572728087,160.647520566384,,MachineObservation,,
13440_88727:deployment:0777117,2015-11-29T00:30:50,2015,11,-63.0658295833451,178.711268748723,,MachineObservation,,
88732_Eden2009:deployment:0787485,2008-11-19T07:33:00,2008,11,-45.8666267069369,164.115005556014,,MachineObservation,,
88723_Eden2009:deployment:0783599,2008-12-17T03:02:00,2008,12,-57.131524607064,173.150857242562,,MachineObservation,,
urn:catalog:AADC:SOWS:SOWS-93786,1996-02-14 21:52:00Z,1996,2,-63.90364,104.4276,1,HumanObservation,,AADC
88741_Eden2009:deployment:0789816,2009-01-27T19:13:00,2009,1,-64.2252425365058,160.881358828547,,MachineObservation,,
88728_Eden2009:deployment:0785424,2008-12-15T10:51:00,2008,12,-62.1932566233928,157.497097048219,,MachineObservation,,
13440_131178:deployment:0769070,2015-11-23T11:30:49,2015,11,-47.4985631519909,177.110273749265,,MachineObservation,,
88741_Eden2009:deployment:0789204,2008-12-07T19:13:00,2008,12,-55.5986632399342,170.975437915587,,MachineObservation,,
88732_Eden2009:deployment:0787444,2008-11-15T21:33:00,2008,11,-45.8879693246872,164.110983551942,,MachineObservation,,
88741_Eden2009:deployment:0789157,2008-12-03T21:13:00,2008,12,-51.7834017725347,170.713391602968,,MachineObservation,,
88728_Eden2009:deployment:0785666,2009-01-04T14:51:00,2009,1,-62.0596338434037,155.652383421605,,MachineObservation,,
88738_Eden2009:deployment:0788440,2008-11-26T11:06:00,2008,11,-53.2125484357749,152.535263562885,,MachineObservation,,
88732_Eden2009:deployment:0787489,2008-11-19T15:33:00,2008,11,-45.8466010407218,164.119241695878,,MachineObservation,,
88718_Eden2009:deployment:0782604,2008-12-26T12:34:00,2008,12,-53.9981707930167,163.865373627262,,MachineObservation,,
88741_Eden2009:deployment:0789645,2009-01-13T13:13:00,2009,1,-62.6475349068299,155.977603887503,,MachineObservation,,
urn:catalog:AADC:WC:5840,1938-01-01 00:00:00+00,1938,1,-60.5,90.5,2,HumanObservation,,AADC
64235_JIP2010:deployment:0781457,2010-11-25T01:10:00,2010,11,-60.6111787946841,157.813253193715,,MachineObservation,,
13440_131178:deployment:0769125,2015-11-28T01:30:49,2015,11,-49.1308050981077,177.045532792088,,MachineObservation,,
64235_JIP2010:deployment:0781421,2010-11-22T01:10:00,2010,11,-59.9569123494349,157.611234578131,,MachineObservation,,
urn:catalog:AADC:WC:5751,1937-01-01 00:00:00+00,1937,1,-60.5,98.5,4,HumanObservation,,AADC
88729_Eden2009:deployment:0787110,2009-01-29T08:40:00,2009,1,-62.6687626466299,102.436918954935,,MachineObservation,,
88725_Eden2009:deployment:0784641,2008-12-23T12:04:00,2008,12,-62.8371930643831,157.693290342752,,MachineObservation,,
88741_Eden2009:deployment:0789134,2008-12-01T23:13:00,2008,12,-50.2029028250441,170.290848408222,,MachineObservation,,
88718_Eden2009:deployment:0782722,2009-01-05T08:34:00,2009,1,-63.2038244016239,177.068496910071,,MachineObservation,,
88728_Eden2009:deployment:0785684,2009-01-06T02:51:00,2009,1,-62.2030020871365,154.666718703616,,MachineObservation,,
98129_JIP2010:deployment:0792135,2010-12-25T02:44:00,2010,12,-57.3333513172008,166.427833528613,,MachineObservation,,
13440_131178:deployment:0769061,2015-11-22T17:30:49,2015,11,-47.1461052429356,177.350388974007,,MachineObservation,,
98114_JIP2010:deployment:0791239,2010-12-05T02:15:00,2010,12,-61.5020812391829,157.477122891971,,MachineObservation,,
13440_131178:deployment:0769308,2015-12-13T07:30:49,2015,12,-55.5158325063187,177.373186361624,,MachineObservation,,
98114_JIP2010:deployment:0790995,2010-11-14T18:15:00,2010,11,-48.4600672130938,160.34700709628,,MachineObservation,,
88728_Eden2009:deployment:0785258,2008-12-01T14:51:00,2008,12,-56.3254333419257,156.454984438157,,MachineObservation,,
urn:catalog:AADC:WC:5813,1938-01-01 00:00:00+00,1938,1,-58.5,98.5,1,HumanObservation,,AADC
in2017_v01_09933,2017-02-14T03:36:00Z,,,-64.59611,119.46278,2,HumanObservation,,Macquarie University
88729_Eden2009:deployment:0787141,2009-01-31T22:40:00,2009,1,-61.7878049010161,101.787902727941,,MachineObservation,,
88738_Eden2009:deployment:0788762,2008-12-23T07:06:00,2008,12,-64.4005503007728,148.371185520973,,MachineObservation,,
88738_Eden2009:deployment:0788392,2008-11-22T11:06:00,2008,11,-49.0568508666897,149.158597275903,,MachineObservation,,
64235_JIP2010:deployment:0781495,2010-11-28T05:10:00,2010,11,-60.9626631963437,157.917929373678,,MachineObservation,,
88741_Eden2009:deployment:0789322,2008-12-17T15:13:00,2008,12,-62.0873508266263,164.248607453602,,MachineObservation,,
88733_Eden2009:deployment:0787907,2008-11-20T05:00:00,2008,11,-51.9620076822934,166.117409584134,,MachineObservation,,
88728_Eden2009:deployment:0785282,2008-12-03T14:51:00,2008,12,-57.5391121531195,156.744003249942,,MachineObservation,,
88729_Eden2009:deployment:0786610,2008-12-18T16:40:00,2008,12,-63.5611669040287,119.543058594317,,MachineObservation,,
88728_Eden2009:deployment:0785264,2008-12-02T02:51:00,2008,12,-56.6639775390114,156.512926700743,,MachineObservation,,
64235_JIP2010:deployment:0781412,2010-11-21T07:10:00,2010,11,-59.062799077587,157.695701166254,,MachineObservation,,
urn:catalog:AADC:WC:5593,1934-01-01 00:00:00+00,1934,1,-58.5,87.5,36,HumanObservation,,AADC
88733_Eden2009:deployment:0787987,2008-11-26T21:00:00,2008,11,-57.2669849733633,171.593043019206,,MachineObservation,,
88729_Eden2009:deployment:0787120,2009-01-30T04:40:00,2009,1,-62.2889702250466,102.56540425349,,MachineObservation,,
98114_JIP2010:deployment:0791109,2010-11-24T06:15:00,2010,11,-60.4479898917961,158.54426798702,,MachineObservation,,
98114_JIP2010:deployment:0791152,2010-11-27T20:15:00,2010,11,-60.8273650345325,158.241453372749,,MachineObservation,,
88729_Eden2009:deployment:0786216,2008-11-15T20:40:00,2008,11,-46.1128549745655,138.801882768132,,MachineObservation,,
98114_JIP2010:deployment:0790957,2010-11-11T14:15:00,2010,11,-45.034107644579,159.885929865224,,MachineObservation,,
88741_Eden2009:deployment:0789366,2008-12-21T07:13:00,2008,12,-61.7777685801776,164.082334096929,,MachineObservation,,
98129_JIP2010:deployment:0792053,2010-12-18T06:44:00,2010,12,-53.8314026363136,162.358233528969,,MachineObservation,,
88718_Eden2009:deployment:0782676,2009-01-01T12:34:00,2009,1,-59.7251911488741,173.357652362915,,MachineObservation,,
88728_Eden2009:deployment:0785283,2008-12-03T16:51:00,2008,12,-57.6007816108751,156.763867134346,,MachineObservation,,
88729_Eden2009:deployment:0787097,2009-01-28T06:40:00,2009,1,-62.3149652876567,102.957700452521,,MachineObservation,,
88725_Eden2009:deployment:0784626,2008-12-22T06:04:00,2008,12,-62.8562638816682,157.671302528931,,MachineObservation,,
88718_Eden2009:deployment:0782517,2008-12-19T06:34:00,2008,12,-47.6181807171638,155.182714718269,,MachineObservation,,
13440_88727:deployment:0777154,2015-12-02T02:30:50,2015,12,-63.7130460048119,179.870490637461,,MachineObservation,,
88728_Eden2009:deployment:0785997,2009-02-01T04:51:00,2009,2,-64.7540193520621,158.169022252761,,MachineObservation,,
88733_Eden2009:deployment:0788041,2008-12-01T09:00:00,2008,12,-61.0603909551583,174.809575089989,,MachineObservation,,
88728_Eden2009:deployment:0785560,2008-12-26T18:51:00,2008,12,-62.1398991979657,156.101038049145,,MachineObservation,,
88729_Eden2009:deployment:0786287,2008-11-21T18:40:00,2008,11,-50.112590637742,133.91686618316,,MachineObservation,,
88728_Eden2009:deployment:0785315,2008-12-06T08:51:00,2008,12,-59.98955116494,155.810882282862,,MachineObservation,,
88741_Eden2009:deployment:0789919,2009-02-05T09:13:00,2009,2,-64.9477466772413,161.779678316949,,MachineObservation,,
urn:catalog:AADC:WC:5763,1937-01-01 00:00:00+00,1937,1,-61.5,93.5,31,HumanObservation,,AADC
in2017_v01_09291,2017-01-24T01:04:00Z,,,-64.5575,116.51389,1,HumanObservation,,Macquarie University
88725_Eden2009:deployment:0784790,2009-01-04T22:04:00,2009,1,-61.805554373972,151.707406844691,,MachineObservation,,
98114_JIP2010:deployment:0790993,2010-11-14T14:15:00,2010,11,-48.2443507334514,160.382505811223,,MachineObservation,,
88728_Eden2009:deployment:0785238,2008-11-29T22:51:00,2008,11,-55.011368911119,156.788713164343,,MachineObservation,,
98129_JIP2010:deployment:0792207,2010-12-31T02:44:00,2010,12,-61.0936834194453,169.240248830542,,MachineObservation,,
88725_Eden2009:deployment:0784455,2008-12-08T00:04:00,2008,12,-56.0300514049569,156.361096647026,,MachineObservation,,
88725_Eden2009:deployment:0784457,2008-12-08T04:04:00,2008,12,-56.2783585279714,156.473964473105,,MachineObservation,,
88738_Eden2009:deployment:0788760,2008-12-23T03:06:00,2008,12,-64.3511069269669,148.334952306091,,MachineObservation,,
88741_Eden2009:deployment:0789769,2009-01-23T21:13:00,2009,1,-64.3811632548225,160.393119407443,,MachineObservation,,
88741_Eden2009:deployment:0789764,2009-01-23T11:13:00,2009,1,-64.2609704911706,160.237580083895,,MachineObservation,,
88738_Eden2009:deployment:0788409,2008-11-23T21:06:00,2008,11,-50.5188992167092,149.940358198624,,MachineObservation,,
88729_Eden2009:deployment:0787076,2009-01-26T12:40:00,2009,1,-62.7458019397367,102.982641482582,,MachineObservation,,
88718_Eden2009:deployment:0782505,2008-12-18T06:34:00,2008,12,-46.7218787365428,154.048686452204,,MachineObservation,,
88741_Eden2009:deployment:0789345,2008-12-19T13:13:00,2008,12,-61.8209425965766,164.092970469902,,MachineObservation,,
88741_Eden2009:deployment:0789658,2009-01-14T15:13:00,2009,1,-62.8086803943411,156.234861681494,,MachineObservation,,
urn:catalog:AADC:WC:5827,1938-01-01 00:00:00+00,1938,1,-59.5,100.5,1,HumanObservation,,AADC
88741_Eden2009:deployment:0789670,2009-01-15T15:13:00,2009,1,-62.9180973710117,156.08851856116,,MachineObservation,,
88741_Eden2009:deployment:0789369,2008-12-21T13:13:00,2008,12,-61.7949854103153,164.227014397563,,MachineObservation,,
88738_Eden2009:deployment:0788616,2008-12-11T03:06:00,2008,12,-63.3465001668454,150.962893586778,,MachineObservation,,
88729_Eden2009:deployment:0787011,2009-01-21T02:40:00,2009,1,-63.0771340209216,105.396848804926,,MachineObservation,,
urn:catalog:AADC:WC:5836,1938-01-01 00:00:00+00,1938,1,-60.5,86.5,5,HumanObservation,,AADC
urn:catalog:AADC:WC:5859,1938-01-01 00:00:00+00,1938,1,-61.5,103.5,16,HumanObservation,,AADC
13440_131178:deployment:0769276,2015-12-10T15:30:49,2015,12,-53.7244314360534,177.757968631625,,MachineObservation,,
88738_Eden2009:deployment:0788753,2008-12-22T13:06:00,2008,12,-64.3508635827726,148.482179246782,,MachineObservation,,
13440_131190:deployment:0776308,2015-11-30T06:31:20,2015,11,-56.3985283311589,178.383174180391,,MachineObservation,,
98114_JIP2010:deployment:0791276,2010-12-08T04:15:00,2010,12,-61.9967070178091,157.689702394606,,MachineObservation,,
13440_131178:deployment:0769272,2015-12-10T07:30:49,2015,12,-53.4540170247867,178.015720184233,,MachineObservation,,
13440_131178:deployment:0769067,2015-11-23T05:30:49,2015,11,-47.2347030162996,177.301227577524,,MachineObservation,,
98129_JIP2010:deployment:0792018,2010-12-15T08:44:00,2010,12,-52.7001598151562,159.17372469008,,MachineObservation,,
88725_Eden2009:deployment:0784613,2008-12-21T04:04:00,2008,12,-62.8740960219154,158.066837794993,,MachineObservation,,
88729_Eden2009:deployment:0786744,2008-12-29T20:40:00,2008,12,-63.9843963165118,118.666084115878,,MachineObservation,,
88728_Eden2009:deployment:0785797,2009-01-15T12:51:00,2009,1,-63.7301746496024,159.264282605935,,MachineObservation,,
88738_Eden2009:deployment:0788569,2008-12-07T05:06:00,2008,12,-61.5905689857243,148.914186483106,,MachineObservation,,
13440_131178:deployment:0769264,2015-12-09T15:30:49,2015,12,-52.8579356133504,177.525357776835,,MachineObservation,,
88729_Eden2009:deployment:0786794,2009-01-03T00:40:00,2009,1,-64.7936395223121,119.580247136427,,MachineObservation,,
13440_88727:deployment:0777153,2015-12-02T00:30:50,2015,12,-63.7084476288496,179.842020240916,,MachineObservation,,
88733_Eden2009:deployment:0787841,2008-11-14T17:00:00,2008,11,-48.5952296012139,160.310974310501,,MachineObservation,,
88723_Eden2009:deployment:0783915,2009-01-12T11:02:00,2009,1,-64.1531488896394,168.60332072386,,MachineObservation,,
98114_JIP2010:deployment:0791090,2010-11-22T16:15:00,2010,11,-58.410145445353,159.075083619126,,MachineObservation,,
88728_Eden2009:deployment:0785917,2009-01-25T12:51:00,2009,1,-64.3014217349974,158.797024276437,,MachineObservation,,
88738_Eden2009:deployment:0788725,2008-12-20T05:06:00,2008,12,-64.1012821287719,148.768997022977,,MachineObservation,,
88725_Eden2009:deployment:0784541,2008-12-15T04:04:00,2008,12,-62.1360756837792,156.190421454061,,MachineObservation,,
88718_Eden2009:deployment:0782646,2008-12-30T00:34:00,2008,12,-57.5630499686787,170.025266118416,,MachineObservation,,
in2017_v01_09908,2017-01-29T05:12:00Z,,,-64.15194,116.14361,2,HumanObservation,,Macquarie University
64235_JIP2010:deployment:0781466,2010-11-25T19:10:00,2010,11,-60.5867088276384,157.873626255781,,MachineObservation,,
13440_131190:deployment:0776346,2015-12-03T10:31:20,2015,12,-59.0029742666492,178.846831713153,,MachineObservation,,
urn:catalog:AADC:WC:5741,1937-01-01 00:00:00+00,1937,1,-60.5,85.5,13,HumanObservation,,AADC
88728_Eden2009:deployment:0785636,2009-01-02T02:51:00,2009,1,-62.2803204151327,155.662426912719,,MachineObservation,,
88738_Eden2009:deployment:0788535,2008-12-04T09:06:00,2008,12,-59.963699415701,150.88878502964,,MachineObservation,,
urn:catalog:AADC:WC:5677,1935-01-01 00:00:00+00,1935,1,-62.5,84.5,14,HumanObservation,,AADC
in2017_v01_09946,2017-02-24T04:57:00Z,,,-64.71861,118.90167,1,HumanObservation,,Macquarie University
88741_Eden2009:deployment:0790292,2009-03-08T11:13:00,2009,3,-64.9385511725388,163.818072869687,,MachineObservation,,
64235_JIP2010:deployment:0781293,2010-11-11T09:10:00,2010,11,-48.1892807557016,150.079311209358,,MachineObservation,,
98114_JIP2010:deployment:0791035,2010-11-18T02:15:00,2010,11,-52.9773257495587,159.214876505754,,MachineObservation,,
88718_Eden2009:deployment:0782541,2008-12-21T06:34:00,2008,12,-49.0161998779313,157.916878352629,,MachineObservation,,
88741_Eden2009:deployment:0789198,2008-12-07T07:13:00,2008,12,-55.2458306746835,171.080890856828,,MachineObservation,,
88729_Eden2009:deployment:0786382,2008-11-29T16:40:00,2008,11,-56.003043211076,127.489229380806,,MachineObservation,,
88718_Eden2009:deployment:0782626,2008-12-28T08:34:00,2008,12,-55.8490570626202,166.615386541137,,MachineObservation,,
88723_Eden2009:deployment:0783849,2009-01-06T23:02:00,2009,1,-63.1299101344076,168.065159705235,,MachineObservation,,
88723_Eden2009:deployment:0783553,2008-12-13T07:02:00,2008,12,-52.6631194425645,171.325199300997,,MachineObservation,,
88729_Eden2009:deployment:0786766,2008-12-31T16:40:00,2008,12,-64.5288936335621,120.010524138784,,MachineObservation,,
88723_Eden2009:deployment:0783901,2009-01-11T07:02:00,2009,1,-63.9620993370783,168.581096778869,,MachineObservation,,
urn:catalog:AADC:WC:5910,1939-01-01 00:00:00+00,1939,1,-61.5,105.5,4,HumanObservation,,AADC
urn:catalog:AADC:WC:5844,1938-01-01 00:00:00+00,1938,1,-61.5,80.5,19,HumanObservation,,AADC
urn:catalog:AADC:SOWS:SOWS-93717,1996-02-07 00:20:00Z,1996,2,-63.04996,93.55979,2,HumanObservation,,AADC
88728_Eden2009:deployment:0785121,2008-11-20T04:51:00,2008,11,-48.8242135393066,152.327830515684,,MachineObservation,,
urn:catalog:AADC:WC:5626,1935-01-01 00:00:00+00,1935,1,-58.5,88.5,15,HumanObservation,,AADC
88725_Eden2009:deployment:0784686,2008-12-27T06:04:00,2008,12,-62.7469429076237,156.968224099943,,MachineObservation,,
13440_88727:deployment:0777103,2015-11-27T20:30:50,2015,11,-62.0990061350235,179.935186488805,,MachineObservation,,
88728_Eden2009:deployment:0785460,2008-12-18T10:51:00,2008,12,-63.5277034047221,158.587943270171,,MachineObservation,,
88732_Eden2009:deployment:0787572,2008-11-26T13:33:00,2008,11,-49.9534850567653,163.774152166833,,MachineObservation,,
88725_Eden2009:deployment:0784629,2008-12-22T12:04:00,2008,12,-62.894692295301,157.772396449128,,MachineObservation,,
88733_Eden2009:deployment:0787807,2008-11-11T21:00:00,2008,11,-47.5051142702336,157.521431001998,,MachineObservation,,
88729_Eden2009:deployment:0786490,2008-12-08T16:40:00,2008,12,-61.6904635733786,119.36019685697,,MachineObservation,,
13440_131190:deployment:0776237,2015-11-24T08:31:20,2015,11,-52.0446569370923,177.429270363423,,MachineObservation,,
13440_131178:deployment:0769328,2015-12-14T23:30:49,2015,12,-57.0689967617631,177.346936340779,,MachineObservation,,
13440_131178:deployment:0769048,2015-11-21T15:30:49,2015,11,-46.5363406995022,177.240272596723,,MachineObservation,,
98129_JIP2010:deployment:0792139,2010-12-25T10:44:00,2010,12,-57.501841625533,166.714480463887,,MachineObservation,,
88741_Eden2009:deployment:0789289,2008-12-14T21:13:00,2008,12,-61.3471700770735,166.527691817702,,MachineObservation,,
88723_Eden2009:deployment:0783861,2009-01-07T23:02:00,2009,1,-63.2587274587714,168.29007810878,,MachineObservation,,
88729_Eden2009:deployment:0786208,2008-11-15T04:40:00,2008,11,-45.6162870333268,139.358376714033,,MachineObservation,,
88725_Eden2009:deployment:0784630,2008-12-22T14:04:00,2008,12,-62.8939823327013,157.808441420822,,MachineObservation,,
urn:catalog:AADC:WC:5719,1936-01-01 00:00:00+00,1936,1,-61.5,91.5,4,HumanObservation,,AADC
88729_Eden2009:deployment:0786870,2009-01-09T08:40:00,2009,1,-64.1275007541621,119.987919897553,,MachineObservation,,
88738_Eden2009:deployment:0788458,2008-11-27T23:06:00,2008,11,-55.5258980635746,153.373859688585,,MachineObservation,,
88729_Eden2009:deployment:0786341,2008-11-26T06:40:00,2008,11,-53.2923439499348,131.142403577025,,MachineObservation,,
88728_Eden2009:deployment:0785552,2008-12-26T02:51:00,2008,12,-62.4683596866267,155.757065228738,,MachineObservation,,
urn:catalog:AADC:WC:5761,1937-01-01 00:00:00+00,1937,1,-61.5,91.5,31,HumanObservation,,AADC
98129_JIP2010:deployment:0791867,2010-12-02T18:44:00,2010,12,-46.662236374329,148.300590770219,,MachineObservation,,
88723_Eden2009:deployment:0783549,2008-12-12T23:02:00,2008,12,-52.3416983078044,170.973825519756,,MachineObservation,,
13440_131178:deployment:0769377,2015-12-19T01:30:49,2015,12,-61.1798686201535,179.870948918537,,MachineObservation,,
88738_Eden2009:deployment:0788634,2008-12-12T15:06:00,2008,12,-63.5999872384048,150.728884779482,,MachineObservation,,
98114_JIP2010:deployment:0791097,2010-11-23T06:15:00,2010,11,-59.5451042384908,158.829021063057,,MachineObservation,,
88741_Eden2009:deployment:0789574,2009-01-07T15:13:00,2009,1,-62.3852624108525,157.803683958822,,MachineObservation,,
88729_Eden2009:deployment:0786481,2008-12-07T22:40:00,2008,12,-61.1961952666004,120.292546544006,,MachineObservation,,
urn:catalog:AADC:SOWS:SOWS-92906,2001-03-02 00:00:00Z,2001,3,-62.047,96.85,3,HumanObservation,,AADC
88723_Eden2009:deployment:0783809,2009-01-03T15:02:00,2009,1,-63.4132935982525,168.106347716452,,MachineObservation,,
urn:catalog:AADC:WC:5978,1959-01-01 00:00:00+00,1959,1,-61.5,82.5,87,HumanObservation,,AADC
88728_Eden2009:deployment:0785955,2009-01-28T16:51:00,2009,1,-64.5045788010968,158.124433068364,,MachineObservation,,
64235_JIP2010:deployment:0781498,2010-11-28T11:10:00,2010,11,-60.9903073265579,157.89191117409,,MachineObservation,,
88738_Eden2009:deployment:0788524,2008-12-03T11:06:00,2008,12,-59.9936544682527,150.927481670418,,MachineObservation,,
88718_Eden2009:deployment:0782741,2009-01-06T22:34:00,2009,1,-64.7764284313468,178.700662885265,,MachineObservation,,
88723_Eden2009:deployment:0783672,2008-12-23T05:02:00,2008,12,-63.072099733349,170.568977755483,,MachineObservation,,
88728_Eden2009:deployment:0785963,2009-01-29T08:51:00,2009,1,-64.6562161553918,158.233427835551,,MachineObservation,,
98114_JIP2010:deployment:0790965,2010-11-12T06:15:00,2010,11,-45.6809997426042,160.254825060371,,MachineObservation,,
88729_Eden2009:deployment:0786472,2008-12-07T04:40:00,2008,12,-60.9315352384954,120.875897328585,,MachineObservation,,
13440_131178:deployment:0769208,2015-12-04T23:30:49,2015,12,-50.396598774341,177.759639687881,,MachineObservation,,
88728_Eden2009:deployment:0785220,2008-11-28T10:51:00,2008,11,-54.2771006034123,157.046375104178,,MachineObservation,,
88741_Eden2009:deployment:0789784,2009-01-25T03:13:00,2009,1,-64.0228640481908,160.854423935293,,MachineObservation,,
88723_Eden2009:deployment:0783647,2008-12-21T03:02:00,2008,12,-61.7586803746923,171.585938859498,,MachineObservation,,
633468,2026-01-30T07:47:43,2026,1,-64.55689,170.80219,1,HumanObservation,Happywhale - Humpback whale in Southern Ocean,Happywhale.com
88738_Eden2009:deployment:0788476,2008-11-29T11:06:00,2008,11,-57.3963770337775,153.389549968989,,MachineObservation,,
88733_Eden2009:deployment:0787911,2008-11-20T13:00:00,2008,11,-52.2497388452997,166.502938443801,,MachineObservation,,
88741_Eden2009:deployment:0789514,2009-01-02T15:13:00,2009,1,-62.4501155474088,158.430012770123,,MachineObservation,,
88718_Eden2009:deployment:0782657,2008-12-30T22:34:00,2008,12,-58.4046127170382,171.263007250941,,MachineObservation,,
64235_JIP2010:deployment:0781482,2010-11-27T03:10:00,2010,11,-60.7072456082811,157.989892622725,,MachineObservation,,
88718_Eden2009:deployment:0782653,2008-12-30T14:34:00,2008,12,-58.1068306334527,170.749977069267,,MachineObservation,,
urn:catalog:AADC:WC:5935,1950-01-01 00:00:00+00,1950,1,-61.5,104.5,38,HumanObservation,,AADC
13440_131178:deployment:0769077,2015-11-24T01:30:49,2015,11,-47.6287504570866,177.091056759643,,MachineObservation,,
88729_Eden2009:deployment:0786970,2009-01-17T16:40:00,2009,1,-63.2448611616948,109.913519618579,,MachineObservation,,
98114_JIP2010:deployment:0791242,2010-12-05T08:15:00,2010,12,-61.5876708586022,157.499205559347,,MachineObservation,,
88732_Eden2009:deployment:0787416,2008-11-13T13:33:00,2008,11,-45.7036359150667,163.263796235427,,MachineObservation,,
88729_Eden2009:deployment:0786376,2008-11-29T04:40:00,2008,11,-55.804171667813,128.163466080255,,MachineObservation,,
88741_Eden2009:deployment:0789200,2008-12-07T11:13:00,2008,12,-55.348132727693,171.148097112975,,MachineObservation,,
urn:catalog:AADC:SOWS:SOWS-93807,1996-02-16 13:14:00Z,1996,2,-63.25258,108.3473,2,HumanObservation,,AADC
88728_Eden2009:deployment:0785227,2008-11-29T00:51:00,2008,11,-54.7186180897832,156.915167087615,,MachineObservation,,
88728_Eden2009:deployment:0785576,2008-12-28T02:51:00,2008,12,-62.0440840208216,155.209788562291,,MachineObservation,,
88741_Eden2009:deployment:0789719,2009-01-19T17:13:00,2009,1,-63.5530565007611,155.324289707964,,MachineObservation,,
88729_Eden2009:deployment:0786732,2008-12-28T20:40:00,2008,12,-63.7391065974461,117.972722728485,,MachineObservation,,
88723_Eden2009:deployment:0783784,2009-01-01T13:02:00,2009,1,-63.0965363014689,168.08236193037,,MachineObservation,,
88741_Eden2009:deployment:0789613,2009-01-10T21:13:00,2009,1,-62.5026136734241,158.04720736749,,MachineObservation,,
88741_Eden2009:deployment:0789370,2008-12-21T15:13:00,2008,12,-61.8046680480569,164.36312043674,,MachineObservation,,
88741_Eden2009:deployment:0789270,2008-12-13T07:13:00,2008,12,-59.8573864810288,167.625593224589,,MachineObservation,,
13440_131178:deployment:0769169,2015-12-01T17:30:49,2015,12,-49.6248694917792,176.989687562748,,MachineObservation,,
88718_Eden2009:deployment:0782532,2008-12-20T12:34:00,2008,12,-48.4189434197587,156.708130214378,,MachineObservation,,
98129_JIP2010:deployment:0792227,2011-01-01T18:44:00,2011,1,-62.1315463478706,169.376255099906,,MachineObservation,,
88729_Eden2009:deployment:0786743,2008-12-29T18:40:00,2008,12,-63.9704483300235,118.476403075175,,MachineObservation,,
88723_Eden2009:deployment:0783514,2008-12-10T01:02:00,2008,12,-49.5825672944702,168.652398558603,,MachineObservation,,
88729_Eden2009:deployment:0787043,2009-01-23T18:40:00,2009,1,-63.4524729817285,103.643765745709,,MachineObservation,,
88733_Eden2009:deployment:0788006,2008-11-28T11:00:00,2008,11,-58.9852098193266,172.841519656339,,MachineObservation,,
98129_JIP2010:deployment:0792310,2011-01-08T16:44:00,2011,1,-64.9744375776772,170.537056207002,,MachineObservation,,
13440_131190:deployment:0776379,2015-12-06T04:31:20,2015,12,-61.0568246137115,177.882517931065,,MachineObservation,,
88729_Eden2009:deployment:0786783,2009-01-02T02:40:00,2009,1,-64.6720907178583,119.660262240912,,MachineObservation,,
88741_Eden2009:deployment:0789699,2009-01-18T01:13:00,2009,1,-62.5259816373519,155.99464977049,,MachineObservation,,
88723_Eden2009:deployment:0783706,2008-12-26T01:02:00,2008,12,-63.412974669002,170.323877194617,,MachineObservation,,
88728_Eden2009:deployment:0785671,2009-01-05T00:51:00,2009,1,-62.11687135602,155.922384660277,,MachineObservation,,
88728_Eden2009:deployment:0785130,2008-11-20T22:51:00,2008,11,-49.400086895287,152.488028382413,,MachineObservation,,
64235_JIP2010:deployment:0781368,2010-11-17T15:10:00,2010,11,-54.2170879877001,155.245430525757,,MachineObservation,,
88728_Eden2009:deployment:0785738,2009-01-10T14:51:00,2009,1,-62.1168042113517,154.752234626579,,MachineObservation,,
88741_Eden2009:deployment:0789733,2009-01-20T21:13:00,2009,1,-63.2413738076259,156.34800383684,,MachineObservation,,
88723_Eden2009:deployment:0783722,2008-12-27T09:02:00,2008,12,-63.1639381723826,169.64697656787,,MachineObservation,,
98129_JIP2010:deployment:0792193,2010-12-29T22:44:00,2010,12,-59.6473317310689,169.860714410968,,MachineObservation,,
98129_JIP2010:deployment:0792282,2011-01-06T08:44:00,2011,1,-64.2760671159739,170.260531893023,,MachineObservation,,
88741_Eden2009:deployment:0789683,2009-01-16T17:13:00,2009,1,-62.6766440118761,155.845334671642,,MachineObservation,,
88733_Eden2009:deployment:0787856,2008-11-15T23:00:00,2008,11,-49.3261338922868,162.079881556476,,MachineObservation,,
64235_JIP2010:deployment:0781364,2010-11-17T07:10:00,2010,11,-53.7136332357923,155.070849511122,,MachineObservation,,
88733_Eden2009:deployment:0788011,2008-11-28T21:00:00,2008,11,-59.3344717384401,173.347561795282,,MachineObservation,,
98129_JIP2010:deployment:0792219,2011-01-01T02:44:00,2011,1,-62.0066843639269,169.132952522302,,MachineObservation,,
13440_131190:deployment:0776233,2015-11-24T00:31:20,2015,11,-51.5841373081877,177.482486815733,,MachineObservation,,
88729_Eden2009:deployment:0786449,2008-12-05T06:40:00,2008,12,-60.604232989145,121.162357406749,,MachineObservation,,
64235_JIP2010:deployment:0781502,2010-11-28T19:10:00,2010,11,-61.0250776091211,157.868763085612,,MachineObservation,,
88725_Eden2009:deployment:0784555,2008-12-16T08:04:00,2008,12,-62.332400556037,156.531358864058,,MachineObservation,,
88729_Eden2009:deployment:0786251,2008-11-18T18:40:00,2008,11,-47.6790891087946,136.181682863812,,MachineObservation,,
98129_JIP2010:deployment:0792293,2011-01-07T06:44:00,2011,1,-64.4103903092504,170.101584640931,,MachineObservation,,
https://www.inaturalist.org/observations/305133630,2025-08-07T14:51:00+12:00,,,-45.837335,170.798655,,HumanObservation,iNaturalist research-grade observations,iNaturalist
88741_Eden2009:deployment:0789354,2008-12-20T07:13:00,2008,12,-61.9931648629104,163.918109033615,,MachineObservation,,
88728_Eden2009:deployment:0786002,2009-02-01T14:51:00,2009,2,-64.5584297948313,158.37944473362,,MachineObservation,,
88738_Eden2009:deployment:0788619,2008-12-11T09:06:00,2008,12,-63.4088216947301,151.001609080995,,MachineObservation,,
88718_Eden2009:deployment:0782600,2008-12-26T04:34:00,2008,12,-53.5639052633648,163.212850492486,,MachineObservation,,
88741_Eden2009:deployment:0789334,2008-12-18T15:13:00,2008,12,-61.9386414436653,164.245696641529,,MachineObservation,,
88728_Eden2009:deployment:0785322,2008-12-06T22:51:00,2008,12,-60.6539941827206,155.925133373351,,MachineObservation,,
urn:catalog:AADC:SOWS:SOWS-92711,2001-01-09 00:00:00Z,2001,1,-59.534,98.723,2,HumanObservation,,AADC
88725_Eden2009:deployment:0784819,2009-01-07T08:04:00,2009,1,-61.8224890127298,150.355347223772,,MachineObservation,,
98114_JIP2010:deployment:0791010,2010-11-16T00:15:00,2010,11,-50.0780372210113,160.0109803608,,MachineObservation,,
88728_Eden2009:deployment:0785653,2009-01-03T12:51:00,2009,1,-62.2976365447062,155.761148409598,,MachineObservation,,
13440_131178:deployment:0769119,2015-11-27T13:30:49,2015,11,-49.0493536345673,176.932224322103,,MachineObservation,,
88728_Eden2009:deployment:0785780,2009-01-14T02:51:00,2009,1,-63.5168160297528,158.126628744999,,MachineObservation,,
88732_Eden2009:deployment:0787458,2008-11-17T01:33:00,2008,11,-45.9134559307933,164.325918501893,,MachineObservation,,
88738_Eden2009:deployment:0788452,2008-11-27T11:06:00,2008,11,-54.7428115694785,153.070669658511,,MachineObservation,,
88728_Eden2009:deployment:0785468,2008-12-19T02:51:00,2008,12,-63.64701809325,158.901368026828,,MachineObservation,,
88729_Eden2009:deployment:0786344,2008-11-26T12:40:00,2008,11,-53.5070502399689,130.98252624216,,MachineObservation,,
88728_Eden2009:deployment:0785916,2009-01-25T10:51:00,2009,1,-64.3492988414124,158.876543984224,,MachineObservation,,
88728_Eden2009:deployment:0785078,2008-11-16T14:51:00,2008,11,-46.139819565591,151.647169050418,,MachineObservation,,
88729_Eden2009:deployment:0786484,2008-12-08T04:40:00,2008,12,-61.3433514148489,119.847903437751,,MachineObservation,,
88725_Eden2009:deployment:0784466,2008-12-08T22:04:00,2008,12,-57.2677431456947,157.457862594987,,MachineObservation,,
88741_Eden2009:deployment:0790358,2009-03-13T23:13:00,2009,3,-64.1873585146519,164.72622209367,,MachineObservation,,
88718_Eden2009:deployment:0782611,2008-12-27T02:34:00,2008,12,-54.6752689348716,164.812129413607,,MachineObservation,,
urn:catalog:AADC:WC:5683,1935-01-01 00:00:00+00,1935,1,-63.5,81.5,5,HumanObservation,,AADC
13440_131178:deployment:0769331,2015-12-15T05:30:49,2015,12,-57.3154554488749,177.462884807908,,MachineObservation,,
88723_Eden2009:deployment:0783584,2008-12-15T21:02:00,2008,12,-55.6475496747763,173.54261416256,,MachineObservation,,
88728_Eden2009:deployment:0785350,2008-12-09T06:51:00,2008,12,-62.0207302587244,157.081346267225,,MachineObservation,,
88718_Eden2009:deployment:0782533,2008-12-20T14:34:00,2008,12,-48.4637884130605,156.873880995793,,MachineObservation,,
88728_Eden2009:deployment:0785956,2009-01-28T18:51:00,2009,1,-64.5497972104969,158.14359906109,,MachineObservation,,
13440_131178:deployment:0769293,2015-12-12T01:30:49,2015,12,-54.5272986325899,176.943407795162,,MachineObservation,,
88729_Eden2009:deployment:0786840,2009-01-06T20:40:00,2009,1,-64.6454006426129,120.798224148595,,MachineObservation,,
88729_Eden2009:deployment:0786845,2009-01-07T06:40:00,2009,1,-64.6651544516402,120.851908995184,,MachineObservation,,
88723_Eden2009:deployment:0783796,2009-01-02T13:02:00,2009,1,-63.2795461375553,168.108571080119,,MachineObservation,,
88741_Eden2009:deployment:0789459,2008-12-29T01:13:00,2008,12,-63.2792665218376,160.70720913611,,MachineObservation,,
88741_Eden2009:deployment:0789402,2008-12-24T07:13:00,2008,12,-62.8403975593401,163.211797325011,,MachineObservation,,
88733_Eden2009:deployment:0788051,2008-12-02T05:00:00,2008,12,-61.9468381843314,174.889393464792,,MachineObservation,,
in2017_v01_09937,2017-02-14T23:21:00Z,,,-64.50556,118.96472,2,HumanObservation,,Macquarie University
88728_Eden2009:deployment:0785491,2008-12-21T00:51:00,2008,12,-64.128171417723,158.277431397155,,MachineObservation,,
13440_131178:deployment:0769068,2015-11-23T07:30:49,2015,11,-47.3010838594058,177.235143297601,,MachineObservation,,
urn:catalog:AADC:WC:5788,1937-01-01 00:00:00+00,1937,1,-62.5,100.5,12,HumanObservation,,AADC
88733_Eden2009:deployment:0788060,2008-12-02T23:00:00,2008,12,-62.5423351208267,175.175093247412,,MachineObservation,,
88741_Eden2009:deployment:0789276,2008-12-13T19:13:00,2008,12,-60.3613793993438,167.290188477635,,MachineObservation,,
88723_Eden2009:deployment:0783667,2008-12-22T19:02:00,2008,12,-63.0040706367617,170.636037638384,,MachineObservation,,
88723_Eden2009:deployment:0783507,2008-12-09T11:02:00,2008,12,-48.7884178446655,168.274452377296,,MachineObservation,,
88733_Eden2009:deployment:0787954,2008-11-24T03:00:00,2008,11,-55.4669704993538,170.659111563093,,MachineObservation,,
64235_JIP2010:deployment:0781363,2010-11-17T05:10:00,2010,11,-53.5569338722826,154.940748408892,,MachineObservation,,
98114_JIP2010:deployment:0791153,2010-11-27T22:15:00,2010,11,-60.8468468642998,158.21529526207,,MachineObservation,,
88723_Eden2009:deployment:0783601,2008-12-17T07:02:00,2008,12,-57.2978361208882,173.045285423024,,MachineObservation,,
NZHB-179,1998-01-21,,,-45.3167,166.95,12,HumanObservation,Humpback whale sightings around New Zealand 1970-1999,DoC
88723_Eden2009:deployment:0783638,2008-12-20T09:02:00,2008,12,-60.7053256514292,171.794838276339,,MachineObservation,,
88728_Eden2009:deployment:0785971,2009-01-30T00:51:00,2009,1,-64.7714441243114,158.133000231908,,MachineObservation,,
88728_Eden2009:deployment:0785771,2009-01-13T08:51:00,2009,1,-63.1879286864707,156.377520682759,,MachineObservation,,
88725_Eden2009:deployment:0784793,2009-01-05T04:04:00,2009,1,-61.8829637083559,151.675932629194,,MachineObservation,,
88733_Eden2009:deployment:0787832,2008-11-13T23:00:00,2008,11,-48.2968205843923,159.298881968397,,MachineObservation,,
218696,2008-01-02T16:52:46,2008,1,-63.34,112.57,1,HumanObservation,Happywhale - Humpback whale in Southern Ocean,Happywhale.com
urn:catalog:AADC:SOWS:SOWS-93237,2000-01-14 04:04:30Z,2000,1,-59.78,101.37,3,HumanObservation,,AADC
64235_JIP2010:deployment:0781375,2010-11-18T05:10:00,2010,11,-54.9103241754127,155.053320215875,,MachineObservation,,
88729_Eden2009:deployment:0787002,2009-01-20T08:40:00,2009,1,-63.1962518534079,106.191668212638,,MachineObservation,,
88729_Eden2009:deployment:0786310,2008-11-23T16:40:00,2008,11,-51.3387420836243,132.52648924125,,MachineObservation,,
88741_Eden2009:deployment:0789371,2008-12-21T17:13:00,2008,12,-61.807089675514,164.407232127254,,MachineObservation,,
88723_Eden2009:deployment:0783778,2009-01-01T01:02:00,2009,1,-63.0028452739572,169.094114931318,,MachineObservation,,
88728_Eden2009:deployment:0785412,2008-12-14T10:51:00,2008,12,-61.9784893279971,156.888577037592,,MachineObservation,,
88732_Eden2009:deployment:0787454,2008-11-16T17:33:00,2008,11,-45.924595288831,164.32031220812,,MachineObservation,,
88729_Eden2009:deployment:0786926,2009-01-14T00:40:00,2009,1,-63.9115636008254,115.426759515068,,MachineObservation,,
88729_Eden2009:deployment:0787105,2009-01-28T22:40:00,2009,1,-62.4873031010044,102.56314259955,,MachineObservation,,
88728_Eden2009:deployment:0785835,2009-01-18T16:51:00,2009,1,-64.5382158599644,163.491438763059,,MachineObservation,,
88718_Eden2009:deployment:0782733,2009-01-06T06:34:00,2009,1,-64.2457050911159,177.851061750737,,MachineObservation,,
88729_Eden2009:deployment:0786795,2009-01-03T02:40:00,2009,1,-64.8050962993255,119.605508181577,,MachineObservation,,
88729_Eden2009:deployment:0786616,2008-12-19T04:40:00,2008,12,-63.6904547216179,119.434548373334,,MachineObservation,,
98129_JIP2010:deployment:0791951,2010-12-09T18:44:00,2010,12,-49.0537898092411,154.36844470174,,MachineObservation,,
88728_Eden2009:deployment:0785659,2009-01-04T00:51:00,2009,1,-62.1299374002256,155.530089956537,,MachineObservation,,
88741_Eden2009:deployment:0789535,2009-01-04T09:13:00,2009,1,-62.373578800016,157.92629062081,,MachineObservation,,
13440_131178:deployment:0769104,2015-11-26T07:30:49,2015,11,-48.7156972194672,176.899501235637,,MachineObservation,,
urn:catalog:AADC:SOWS:SOWS-93708,1996-02-06 03:05:08Z,1996,2,-63.00766,89.84983,1,HumanObservation,,AADC
88741_Eden2009:deployment:0789542,2009-01-04T23:13:00,2009,1,-62.4140330379842,157.673373617081,,MachineObservation,,
229462,2020-11-24T19:18:08,2020,11,-45.46,166.71,1,HumanObservation,Happywhale - Humpback whale in South Pacific Ocean,Happywhale.com
88729_Eden2009:deployment:0786217,2008-11-15T22:40:00,2008,11,-46.1649094808388,138.73798411063,,MachineObservation,,
88728_Eden2009:deployment:0785806,2009-01-16T06:51:00,2009,1,-63.674872574598,159.12492267563,,MachineObservation,,
88732_Eden2009:deployment:0787418,2008-11-13T17:33:00,2008,11,-45.7439718215582,163.452713607241,,MachineObservation,,
88728_Eden2009:deployment:0785625,2009-01-01T04:51:00,2009,1,-62.2217071067825,155.569836189285,,MachineObservation,,
98129_JIP2010:deployment:0792085,2010-12-20T22:44:00,2010,12,-54.4430130404257,163.456178736608,,MachineObservation,,
88733_Eden2009:deployment:0788049,2008-12-02T01:00:00,2008,12,-61.8009277158208,174.826322917063,,MachineObservation,,
88723_Eden2009:deployment:0783578,2008-12-15T09:02:00,2008,12,-54.992024598264,173.299661056888,,MachineObservation,,
13440_131190:deployment:0776316,2015-11-30T22:31:20,2015,11,-56.8845383838776,178.479434252263,,MachineObservation,,
88728_Eden2009:deployment:0785589,2008-12-29T04:51:00,2008,12,-61.8066874111619,155.701483564854,,MachineObservation,,
88723_Eden2009:deployment:0783680,2008-12-23T21:02:00,2008,12,-62.9458459449214,170.583816666896,,MachineObservation,,
88741_Eden2009:deployment:0789224,2008-12-09T11:13:00,2008,12,-56.2780492704053,169.970326217273,,MachineObservation,,
98129_JIP2010:deployment:0791976,2010-12-11T20:44:00,2010,12,-50.4862777402147,156.757630894019,,MachineObservation,,
88741_Eden2009:deployment:0789346,2008-12-19T15:13:00,2008,12,-61.8210353497423,164.068410452324,,MachineObservation,,
98114_JIP2010:deployment:0791058,2010-11-20T00:15:00,2010,11,-54.9485910411318,159.361851694697,,MachineObservation,,
88729_Eden2009:deployment:0786777,2009-01-01T14:40:00,2009,1,-64.5681364305217,119.655467368486,,MachineObservation,,
88741_Eden2009:deployment:0789103,2008-11-29T09:13:00,2008,11,-48.8574586572889,168.620909218109,,MachineObservation,,
88738_Eden2009:deployment:0788651,2008-12-14T01:06:00,2008,12,-63.6557237658258,150.032106356391,,MachineObservation,,
88738_Eden2009:deployment:0788490,2008-11-30T15:06:00,2008,11,-58.8539680300659,153.093256433099,,MachineObservation,,
88729_Eden2009:deployment:0787047,2009-01-24T02:40:00,2009,1,-63.5160375192034,103.417100483185,,MachineObservation,,
88741_Eden2009:deployment:0789789,2009-01-25T13:13:00,2009,1,-64.1338575505832,160.699383567634,,MachineObservation,,
88733_Eden2009:deployment:0787886,2008-11-18T11:00:00,2008,11,-50.875294652148,164.709289505252,,MachineObservation,,
98129_JIP2010:deployment:0792023,2010-12-15T18:44:00,2010,12,-52.9871881477226,159.41628420926,,MachineObservation,,
98129_JIP2010:deployment:0792168,2010-12-27T20:44:00,2010,12,-57.7731270890983,169.438697084825,,MachineObservation,,
88729_Eden2009:deployment:0786262,2008-11-19T16:40:00,2008,11,-48.2914548425841,135.311235716143,,MachineObservation,,
88741_Eden2009:deployment:0789082,2008-11-27T15:13:00,2008,11,-47.5574670052794,167.488419160017,,MachineObservation,,
88725_Eden2009:deployment:0784688,2008-12-27T10:04:00,2008,12,-62.8049112532748,156.630766199763,,MachineObservation,,
98129_JIP2010:deployment:0791979,2010-12-12T02:44:00,2010,12,-50.6853214355466,157.015170648788,,MachineObservation,,
88741_Eden2009:deployment:0790376,2009-03-15T11:13:00,2009,3,-64.7733916212338,165.187810472065,,MachineObservation,,
88738_Eden2009:deployment:0788704,2008-12-18T11:06:00,2008,12,-64.0223428074485,149.037038915895,,MachineObservation,,
98129_JIP2010:deployment:0792230,2011-01-02T00:44:00,2011,1,-62.2070738944303,169.373246896665,,MachineObservation,,
98129_JIP2010:deployment:0792114,2010-12-23T08:44:00,2010,12,-56.174061813199,165.18577281021,,MachineObservation,,
88738_Eden2009:deployment:0788695,2008-12-17T17:06:00,2008,12,-63.9973938547304,149.163477852515,,MachineObservation,,
88738_Eden2009:deployment:0788429,2008-11-25T13:06:00,2008,11,-52.2003968247603,151.658900477826,,MachineObservation,,
88733_Eden2009:deployment:0787816,2008-11-12T15:00:00,2008,11,-47.8412375363427,158.340926892866,,MachineObservation,,
13440_131190:deployment:0776392,2015-12-07T06:31:20,2015,12,-61.5307610598744,177.733151149347,,MachineObservation,,
urn:catalog:AADC:SOWS:SOWS-92865,2001-02-08 00:00:00Z,2001,2,-63.262,98.013,2,HumanObservation,,AADC
88732_Eden2009:deployment:0787438,2008-11-15T09:33:00,2008,11,-45.9032068786562,164.184786370622,,MachineObservation,,
88723_Eden2009:deployment:0783611,2008-12-18T03:02:00,2008,12,-58.0778398313278,172.224589221677,,MachineObservation,,
13440_131190:deployment:0776425,2015-12-10T00:31:20,2015,12,-62.9033741370095,175.489825814531,,MachineObservation,,
88741_Eden2009:deployment:0789296,2008-12-15T11:13:00,2008,12,-61.887412010638,165.47164359933,,MachineObservation,,
64235_JIP2010:deployment:0781465,2010-11-25T17:10:00,2010,11,-60.5910017322935,157.857747727538,,MachineObservation,,
88732_Eden2009:deployment:0787571,2008-11-26T11:33:00,2008,11,-49.8751319562321,163.799431117476,,MachineObservation,,
88732_Eden2009:deployment:0787405,2008-11-12T15:33:00,2008,11,-45.5692225494459,162.524210400361,,MachineObservation,,
623820,2025-12-29,2025,12,-61.605518,141.73228,1,HumanObservation,Happywhale - Humpback whale in Southern Ocean,Happywhale.com
urn:catalog:AADC:SOWS:SOWS-92339,2003-01-12 08:12:23Z,2003,1,-62.06,97.16,2,HumanObservation,,AADC
218707,2008-01-04T09:46:26,2008,1,-63.02,102.08,1,HumanObservation,Happywhale - Humpback whale in Southern Ocean,Happywhale.com
88725_Eden2009:deployment:0784711,2008-12-29T08:04:00,2008,12,-62.8435277473384,153.635985485237,,MachineObservation,,
88728_Eden2009:deployment:0785590,2008-12-29T06:51:00,2008,12,-61.8056795608201,155.703167781744,,MachineObservation,,
88729_Eden2009:deployment:0786785,2009-01-02T06:40:00,2009,1,-64.6739267378829,119.627393853372,,MachineObservation,,
88728_Eden2009:deployment:0785146,2008-11-22T06:51:00,2008,11,-50.3109111150473,153.685908439221,,MachineObservation,,
88729_Eden2009:deployment:0786219,2008-11-16T02:40:00,2008,11,-46.2419084028718,138.60213577064,,MachineObservation,,
88723_Eden2009:deployment:0783766,2008-12-31T01:02:00,2008,12,-63.0570887363474,169.550251390154,,MachineObservation,,
88718_Eden2009:deployment:0782634,2008-12-29T00:34:00,2008,12,-56.3714768076542,168.082912034449,,MachineObservation,,
88725_Eden2009:deployment:0784606,2008-12-20T14:04:00,2008,12,-62.8843142354589,157.436822097415,,MachineObservation,,
88729_Eden2009:deployment:0786925,2009-01-13T22:40:00,2009,1,-63.9305081569558,115.418557895509,,MachineObservation,,
88741_Eden2009:deployment:0789704,2009-01-18T11:13:00,2009,1,-62.7234021092605,155.790991045573,,MachineObservation,,
urn:catalog:AADC:WC:5832,1938-01-01 00:00:00+00,1938,1,-60.5,80.5,12,HumanObservation,,AADC
urn:catalog:AADC:SOWS:SOWS-93140,1999-12-19 22:33:40Z,1999,12,-62.75,99.06,2,HumanObservation,,AADC
88732_Eden2009:deployment:0787472,2008-11-18T05:33:00,2008,11,-46.0171614939781,164.068218268829,,MachineObservation,,
88732_Eden2009:deployment:0787550,2008-11-24T17:33:00,2008,11,-48.156273475624,164.917290652049,,MachineObservation,,
88718_Eden2009:deployment:0782728,2009-01-05T20:34:00,2009,1,-63.712724099872,177.563241298373,,MachineObservation,,
88723_Eden2009:deployment:0783538,2008-12-12T01:02:00,2008,12,-51.3303127691997,170.014739733936,,MachineObservation,,
88729_Eden2009:deployment:0786774,2009-01-01T08:40:00,2009,1,-64.5701933429383,119.801342461165,,MachineObservation,,
88725_Eden2009:deployment:0784871,2009-01-11T16:04:00,2009,1,-62.3151579804052,150.341501698966,,MachineObservation,,
88732_Eden2009:deployment:0787470,2008-11-18T01:33:00,2008,11,-45.9958276230224,164.070240902796,,MachineObservation,,
88725_Eden2009:deployment:0784846,2009-01-09T14:04:00,2009,1,-62.357923436857,150.4940636659,,MachineObservation,,
88738_Eden2009:deployment:0788415,2008-11-24T09:06:00,2008,11,-51.1676578347425,150.128320487604,,MachineObservation,,
88728_Eden2009:deployment:0785575,2008-12-28T00:51:00,2008,12,-62.0931441000707,155.278518580003,,MachineObservation,,
88725_Eden2009:deployment:0784640,2008-12-23T10:04:00,2008,12,-62.8237079933844,157.860496017346,,MachineObservation,,
13440_131190:deployment:0776268,2015-11-26T22:31:20,2015,11,-54.8995716588026,177.900610978914,,MachineObservation,,
88728_Eden2009:deployment:0785664,2009-01-04T10:51:00,2009,1,-62.0638539789424,155.535148673387,,MachineObservation,,
98114_JIP2010:deployment:0791008,2010-11-15T20:15:00,2010,11,-49.8928419508851,160.043738606711,,MachineObservation,,
88725_Eden2009:deployment:0784677,2008-12-26T12:04:00,2008,12,-62.7520485192356,158.155238632837,,MachineObservation,,
98129_JIP2010:deployment:0792074,2010-12-20T00:44:00,2010,12,-53.8767910962125,162.982913889847,,MachineObservation,,
88729_Eden2009:deployment:0786749,2008-12-30T06:40:00,2008,12,-64.0730356399018,118.930963631334,,MachineObservation,,
88725_Eden2009:deployment:0784882,2009-01-12T14:04:00,2009,1,-62.4133698084424,150.176830896038,,MachineObservation,,
88718_Eden2009:deployment:0782710,2009-01-04T08:34:00,2009,1,-62.8591484602021,177.327025434262,,MachineObservation,,
88728_Eden2009:deployment:0785260,2008-12-01T18:51:00,2008,12,-56.4776799170574,156.439359336735,,MachineObservation,,
88725_Eden2009:deployment:0784468,2008-12-09T02:04:00,2008,12,-57.4955462180287,157.619112729331,,MachineObservation,,
88729_Eden2009:deployment:0786531,2008-12-12T02:40:00,2008,12,-62.8671319776912,118.961233527845,,MachineObservation,,
88741_Eden2009:deployment:0789112,2008-11-30T03:13:00,2008,11,-49.240204586969,169.258432386711,,MachineObservation,,
88728_Eden2009:deployment:0785171,2008-11-24T08:51:00,2008,11,-51.6589072620578,155.188174402351,,MachineObservation,,
88728_Eden2009:deployment:0785403,2008-12-13T16:51:00,2008,12,-61.9702563387009,156.86957570277,,MachineObservation,,
88729_Eden2009:deployment:0786379,2008-11-29T10:40:00,2008,11,-55.9241476558221,127.814325025286,,MachineObservation,,
88729_Eden2009:deployment:0786313,2008-11-23T22:40:00,2008,11,-51.5513061697945,132.403653478641,,MachineObservation,,
88725_Eden2009:deployment:0784589,2008-12-19T04:04:00,2008,12,-62.8289791567382,157.366295476616,,MachineObservation,,
urn:catalog:AADC:SOWS:SOWS-92809,2001-01-29 00:00:00Z,2001,1,-63.54,95.137,2,HumanObservation,,AADC
urn:catalog:AADC:SOWS:SOWS-92810,2001-01-29 00:00:00Z,2001,1,-63.53,95.162,2,HumanObservation,,AADC
88729_Eden2009:deployment:0786842,2009-01-07T00:40:00,2009,1,-64.6456085572323,120.855949518202,,MachineObservation,,
64235_JIP2010:deployment:0781325,2010-11-14T01:10:00,2010,11,-50.4345331758351,152.688853200171,,MachineObservation,,
88741_Eden2009:deployment:0790344,2009-03-12T19:13:00,2009,3,-64.1689918135594,164.689389262208,,MachineObservation,,
urn:catalog:AADC:WC:5735,1937-01-01 00:00:00+00,1937,1,-59.5,86.5,31,HumanObservation,,AADC
13440_131178:deployment:0769027,2015-11-19T21:30:49,2015,11,-45.0878344834104,177.933051516953,,MachineObservation,,
88738_Eden2009:deployment:0788597,2008-12-09T13:06:00,2008,12,-63.0277036372862,150.332654754796,,MachineObservation,,
88729_Eden2009:deployment:0786697,2008-12-25T22:40:00,2008,12,-63.3124783762981,119.412885986027,,MachineObservation,,
88738_Eden2009:deployment:0788614,2008-12-10T23:06:00,2008,12,-63.3468252305917,150.90796206781,,MachineObservation,,
13440_131178:deployment:0769372,2015-12-18T15:30:49,2015,12,-60.871942057527,179.772475672851,,MachineObservation,,
98114_JIP2010:deployment:0791197,2010-12-01T14:15:00,2010,12,-61.0856331154155,157.943824668067,,MachineObservation,,
13440_131178:deployment:0769134,2015-11-28T19:30:49,2015,11,-49.22668214168,177.072165695718,,MachineObservation,,
88741_Eden2009:deployment:0789272,2008-12-13T11:13:00,2008,12,-59.9919803178515,167.515987724545,,MachineObservation,,
88728_Eden2009:deployment:0785304,2008-12-05T10:51:00,2008,12,-59.0451368731704,156.502593094884,,MachineObservation,,
88728_Eden2009:deployment:0785357,2008-12-09T20:51:00,2008,12,-61.935074785686,157.023345460291,,MachineObservation,,
64235_JIP2010:deployment:0781496,2010-11-28T07:10:00,2010,11,-60.971712272727,157.908292190544,,MachineObservation,,
urn:catalog:AADC:WC:5564,1932-01-01 00:00:00+00,1932,1,-64.5,87.5,7,HumanObservation,,AADC
88725_Eden2009:deployment:0784778,2009-01-03T22:04:00,2009,1,-62.1600444933617,152.315550759071,,MachineObservation,,
88732_Eden2009:deployment:0787557,2008-11-25T07:33:00,2008,11,-48.7577021357919,164.482846911023,,MachineObservation,,
88729_Eden2009:deployment:0786986,2009-01-19T00:40:00,2009,1,-63.2895873063586,107.708728614206,,MachineObservation,,
98129_JIP2010:deployment:0792001,2010-12-13T22:44:00,2010,12,-51.7403866930105,158.192617400973,,MachineObservation,,
88725_Eden2009:deployment:0784889,2009-01-13T04:04:00,2009,1,-62.5854555729834,150.416015463299,,MachineObservation,,
88725_Eden2009:deployment:0784399,2008-12-03T08:04:00,2008,12,-51.2827226794296,154.144316278906,,MachineObservation,,
88741_Eden2009:deployment:0789313,2008-12-16T21:13:00,2008,12,-62.2161278834672,164.453498366157,,MachineObservation,,
88725_Eden2009:deployment:0784681,2008-12-26T20:04:00,2008,12,-62.6728333369644,157.773852535238,,MachineObservation,,
88738_Eden2009:deployment:0788356,2008-11-19T11:06:00,2008,11,-45.9121393273065,147.13190151557,,MachineObservation,,
urn:catalog:AADC:SOWS:SOWS-92837,2001-01-31 00:00:00Z,2001,1,-64.033,106.039,2,HumanObservation,,AADC
88729_Eden2009:deployment:0786511,2008-12-10T10:40:00,2008,12,-62.3486499807554,118.953542028264,,MachineObservation,,
88718_Eden2009:deployment:0782605,2008-12-26T14:34:00,2008,12,-54.0868776241156,164.086375797212,,MachineObservation,,
98129_JIP2010:deployment:0792064,2010-12-19T04:44:00,2010,12,-53.7870895967965,162.736056092302,,MachineObservation,,
88728_Eden2009:deployment:0785563,2008-12-27T00:51:00,2008,12,-62.1603514703873,156.261422052013,,MachineObservation,,
88741_Eden2009:deployment:0789507,2009-01-02T01:13:00,2009,1,-62.5582532949582,159.078978429607,,MachineObservation,,
88738_Eden2009:deployment:0788674,2008-12-15T23:06:00,2008,12,-63.7768069506148,149.266180313761,,MachineObservation,,
88725_Eden2009:deployment:0784505,2008-12-12T04:04:00,2008,12,-61.1865441559392,156.240242925342,,MachineObservation,,
in2017_v01_09290,2017-01-24T22:44:00Z,,,-64.56528,116.20306,5,HumanObservation,,Macquarie University
88723_Eden2009:deployment:0783476,2008-12-06T21:02:00,2008,12,-45.8911571924841,166.093505154294,,MachineObservation,,
13440_131190:deployment:0776173,2015-11-19T00:31:20,2015,11,-49.0991447864546,179.634127473399,,MachineObservation,,
280872,2021-11-23T16:44:26,2021,11,-45.46,166.71,1,HumanObservation,Happywhale - Humpback whale in South Pacific Ocean,Happywhale.com
88741_Eden2009:deployment:0789667,2009-01-15T09:13:00,2009,1,-62.8107982988053,156.140684556102,,MachineObservation,,
88725_Eden2009:deployment:0784794,2009-01-05T06:04:00,2009,1,-61.9094046289038,151.67619465211,,MachineObservation,,
88723_Eden2009:deployment:0783860,2009-01-07T21:02:00,2009,1,-63.2353766257871,168.27301980449,,MachineObservation,,
13440_131190:deployment:0776217,2015-11-22T16:31:20,2015,11,-50.5026868964726,177.99774539834,,MachineObservation,,
88741_Eden2009:deployment:0789248,2008-12-11T11:13:00,2008,12,-57.7480646974366,168.816279799882,,MachineObservation,,
64235_JIP2010:deployment:0781318,2010-11-13T11:10:00,2010,11,-49.8646749006946,152.465737756694,,MachineObservation,,
88732_Eden2009:deployment:0787516,2008-11-21T21:33:00,2008,11,-46.2169319434397,164.68362136016,,MachineObservation,,
88733_Eden2009:deployment:0788069,2008-12-03T17:00:00,2008,12,-63.2553266882171,175.793945442097,,MachineObservation,,
98114_JIP2010:deployment:0791093,2010-11-22T22:15:00,2010,11,-58.9062562155081,158.990126798473,,MachineObservation,,
urn:catalog:AADC:WC:5665,1935-01-01 00:00:00+00,1935,1,-61.5,82.5,33,HumanObservation,,AADC
88725_Eden2009:deployment:0784873,2009-01-11T20:04:00,2009,1,-62.3197889041931,150.244579815754,,MachineObservation,,
88741_Eden2009:deployment:0789529,2009-01-03T21:13:00,2009,1,-62.4836822795122,158.290977542471,,MachineObservation,,
88729_Eden2009:deployment:0786637,2008-12-20T22:40:00,2008,12,-63.2397627766154,119.834024549357,,MachineObservation,,
88728_Eden2009:deployment:0785535,2008-12-24T16:51:00,2008,12,-63.6113306282149,156.350647665263,,MachineObservation,,
88733_Eden2009:deployment:0788024,2008-11-29T23:00:00,2008,11,-60.0827237269419,174.346709160605,,MachineObservation,,
13440_131190:deployment:0776324,2015-12-01T14:31:20,2015,12,-57.4613087532647,178.584422626987,,MachineObservation,,
98129_JIP2010:deployment:0792037,2010-12-16T22:44:00,2010,12,-53.5455811238889,160.412634525936,,MachineObservation,,
98129_JIP2010:deployment:0791899,2010-12-05T10:44:00,2010,12,-47.3083501102057,150.052694086563,,MachineObservation,,
88729_Eden2009:deployment:0786581,2008-12-16T06:40:00,2008,12,-63.0503824998499,119.493623745439,,MachineObservation,,
88741_Eden2009:deployment:0789803,2009-01-26T17:13:00,2009,1,-64.2008319152736,160.843864095556,,MachineObservation,,
88718_Eden2009:deployment:0782623,2008-12-28T02:34:00,2008,12,-55.6454541648896,166.169896014354,,MachineObservation,,
13440_131178:deployment:0769363,2015-12-17T21:30:49,2015,12,-60.2005704217532,179.732065505936,,MachineObservation,,
64235_JIP2010:deployment:0781281,2010-11-10T09:10:00,2010,11,-47.2686107334167,149.341726179376,,MachineObservation,,
98129_JIP2010:deployment:0791950,2010-12-09T16:44:00,2010,12,-49.0386596872889,154.2747021123,,MachineObservation,,
88729_Eden2009:deployment:0786857,2009-01-08T06:40:00,2009,1,-64.6991287295275,120.536645027441,,MachineObservation,,
98114_JIP2010:deployment:0791226,2010-12-04T00:15:00,2010,12,-61.3222700443263,157.626065206974,,MachineObservation,,
88741_Eden2009:deployment:0789360,2008-12-20T19:13:00,2008,12,-61.7626411342143,164.134701014347,,MachineObservation,,
88732_Eden2009:deployment:0787500,2008-11-20T13:33:00,2008,11,-45.9034511881924,164.602600858398,,MachineObservation,,
urn:catalog:AADC:WC:5623,1935-01-01 00:00:00+00,1935,1,-58.5,83.5,56,HumanObservation,,AADC
88725_Eden2009:deployment:0784855,2009-01-10T08:04:00,2009,1,-62.3719638752273,150.223015185267,,MachineObservation,,
NZHB-123,1997-07-04,,,-45.7667,170.7333,1,HumanObservation,Humpback whale sightings around New Zealand 1970-1999,DoC
88738_Eden2009:deployment:0788484,2008-11-30T03:06:00,2008,11,-58.4637675646162,152.969226094558,,MachineObservation,,
urn:catalog:AADC:SOWS:SOWS-92714,2001-01-09 00:00:00Z,2001,1,-59.569,98.614,3,HumanObservation,,AADC
64235_JIP2010:deployment:0781358,2010-11-16T19:10:00,2010,11,-52.9462508042145,154.274216878923,,MachineObservation,,
13440_131190:deployment:0776286,2015-11-28T10:31:20,2015,11,-56.0962981790136,178.456871454935,,MachineObservation,,
88729_Eden2009:deployment:0786572,2008-12-15T12:40:00,2008,12,-63.0445197307457,119.52319156224,,MachineObservation,,
98129_JIP2010:deployment:0792175,2010-12-28T10:44:00,2010,12,-58.2226243948664,170.055026586256,,MachineObservation,,
88732_Eden2009:deployment:0787536,2008-11-23T13:33:00,2008,11,-46.9413561997596,165.226243329776,,MachineObservation,,
98129_JIP2010:deployment:0792050,2010-12-18T00:44:00,2010,12,-53.9174987929492,162.097846187057,,MachineObservation,,
98114_JIP2010:deployment:0791135,2010-11-26T10:15:00,2010,11,-60.5163909785309,159.035255234288,,MachineObservation,,
88728_Eden2009:deployment:0785404,2008-12-13T18:51:00,2008,12,-61.9584355412005,156.797789890209,,MachineObservation,,
13440_131178:deployment:0769045,2015-11-21T09:30:49,2015,11,-46.326250077439,177.344391756377,,MachineObservation,,
88741_Eden2009:deployment:0789475,2008-12-30T09:13:00,2008,12,-63.0335796957462,160.537511265408,,MachineObservation,,
98114_JIP2010:deployment:0791077,2010-11-21T14:15:00,2010,11,-56.931856347752,159.815431348999,,MachineObservation,,
13440_131190:deployment:0776417,2015-12-09T08:31:20,2015,12,-62.2919955259019,176.459313351421,,MachineObservation,,
13440_131178:deployment:0769240,2015-12-07T15:30:49,2015,12,-51.1714066266602,177.498042804365,,MachineObservation,,
88732_Eden2009:deployment:0787464,2008-11-17T13:33:00,2008,11,-45.9435997989823,164.164973883495,,MachineObservation,,
88728_Eden2009:deployment:0785312,2008-12-06T02:51:00,2008,12,-59.7214619570422,155.915428818549,,MachineObservation,,
88741_Eden2009:deployment:0789256,2008-12-12T03:13:00,2008,12,-58.7795478466443,168.271968911033,,MachineObservation,,
88733_Eden2009:deployment:0787845,2008-11-15T01:00:00,2008,11,-48.7642679469828,160.724626538239,,MachineObservation,,
urn:catalog:AADC:WC:5866,1938-01-01 00:00:00+00,1938,1,-62.5,101.5,1,HumanObservation,,AADC
88729_Eden2009:deployment:0786318,2008-11-24T08:40:00,2008,11,-51.8648719148753,132.193965192808,,MachineObservation,,
88729_Eden2009:deployment:0786980,2009-01-18T12:40:00,2009,1,-63.2765571659075,108.773076593208,,MachineObservation,,
13440_131190:deployment:0776353,2015-12-04T00:31:20,2015,12,-59.5555669125104,178.68912073032,,MachineObservation,,
13440_131190:deployment:0776312,2015-11-30T14:31:20,2015,11,-56.6354656798939,178.368615386112,,MachineObservation,,
88725_Eden2009:deployment:0784682,2008-12-26T22:04:00,2008,12,-62.6755838927063,157.647115774289,,MachineObservation,,
88729_Eden2009:deployment:0786867,2009-01-09T02:40:00,2009,1,-64.3713915966627,120.138816127359,,MachineObservation,,
88723_Eden2009:deployment:0783804,2009-01-03T05:02:00,2009,1,-63.4036014012036,168.248028940302,,MachineObservation,,
88725_Eden2009:deployment:0784835,2009-01-08T16:04:00,2009,1,-62.2661259613902,150.756398979566,,MachineObservation,,
98129_JIP2010:deployment:0792138,2010-12-25T08:44:00,2010,12,-57.4875672419429,166.656026051697,,MachineObservation,,
88723_Eden2009:deployment:0783597,2008-12-16T23:02:00,2008,12,-56.9711060229741,173.208214666474,,MachineObservation,,
